,customer_id,age,gender,city
0,C000001,61,Other,Lisbon
1,C000002,61,Female,Coimbra
2,C000003,22,Female,Faro
3,C000004,46,Other,Lisbon
4,C000005,47,Other,Faro
5,C000006,59,Female,Faro
6,C000007,52,Female,Faro
7,C000008,59,Other,Lisbon
8,C000009,49,Female,Braga
9,C000010,48,Male,Braga
10,C000011,20,Male,Braga
11,C000012,32,Female,Coimbra
12,C000013,49,Other,Porto
13,C000014,45,Male,Faro
14,C000015,18,Male,Faro
15,C000016,23,Female,Lisbon
16,C000017,27,Female,Faro
17,C000018,63,Other,Porto
18,C000019,52,Female,Porto
19,C000020,68,Other,Coimbra
20,C000021,62,Female,Lisbon
21,C000022,23,Female,Lisbon
22,C000023,40,Male,Braga
23,C000024,42,Female,Faro
24,C000025,29,Male,Braga
25,C000026,65,Other,Faro
26,C000027,36,Male,Porto
27,C000028,25,Male,Faro
28,C000029,51,Male,Porto
29,C000030,37,Other,Coimbra
30,C000031,31,Other,Coimbra
31,C000032,36,Male,Faro
32,C000033,39,Male,Porto
33,C000034,26,Male,Lisbon
34,C000035,27,Male,Porto
35,C000036,54,Male,Porto
36,C000037,50,Male,Lisbon
37,C000038,40,Other,Lisbon
38,C000039,67,Male,Lisbon
39,C000040,54,Male,Lisbon
40,C000041,21,Other,Faro
41,C000042,52,Other,Coimbra
42,C000043,55,Female,Lisbon
43,C000044,35,Male,Faro
44,C000045,51,Other,Coimbra
45,C000046,64,Male,Porto
46,C000047,22,Male,Coimbra
47,C000048,19,Male,Porto
48,C000049,38,Female,Braga
49,C000050,29,Other,Porto
50,C000051,44,Other,Braga
51,C000052,39,Female,Porto
52,C000053,35,Female,Faro
53,C000054,43,Female,Coimbra
54,C000055,49,Female,Coimbra
55,C000056,65,Other,Coimbra
56,C000057,67,Other,Braga
57,C000058,59,Other,Porto
58,C000059,68,Female,Lisbon
59,C000060,52,Other,Coimbra
60,C000061,68,Male,Coimbra
61,C000062,58,Male,Faro
62,C000063,67,Other,Coimbra
63,C000064,44,Male,Coimbra
64,C000065,49,Female,Braga
65,C000066,21,Other,Braga
66,C000067,63,Female,Coimbra
67,C000068,56,Other,Braga
68,C000069,59,Other,Coimbra
69,C000070,33,Female,Lisbon
70,C000071,64,Male,Faro
71,C000072,29,Other,Porto
72,C000073,67,Male,Porto
73,C000074,54,Other,Braga
74,C000075,36,Other,Porto
75,C000076,47,Male,Porto
76,C000077,30,Male,Lisbon
77,C000078,35,Male,Lisbon
78,C000079,48,Other,Braga
79,C000080,18,Female,Lisbon
80,C000081,45,Female,Coimbra
81,C000082,45,Male,Lisbon
82,C000083,22,Female,Porto
83,C000084,18,Other,Faro
84,C000085,28,Other,Lisbon
85,C000086,53,Male,Lisbon
86,C000087,59,Other,Faro
87,C000088,69,Female,Porto
88,C000089,44,Male,Lisbon
89,C000090,18,Male,Faro
90,C000091,47,Other,Faro
91,C000092,59,Male,Faro
92,C000093,19,Other,Braga
93,C000094,16,Female,Faro
94,C000095,69,Other,Lisbon
95,C000096,28,Other,Faro
96,C000097,22,Male,Coimbra
97,C000098,27,Male,Braga
98,C000099,21,Male,Porto
99,C000100,26,Male,Coimbra
100,C000101,45,Other,Braga
101,C000102,20,Female,Coimbra
102,C000103,23,Other,Lisbon
103,C000104,48,Male,Braga
104,C000105,64,Male,Lisbon
105,C000106,18,Male,Faro
106,C000107,43,Unknown,Coimbra
107,C000108,20,Female,Lisbon
108,C000109,56,Male,Porto
109,C000110,55,Male,Coimbra
110,C000111,33,Female,Coimbra
111,C000112,40,Other,Porto
112,C000113,38,Other,Braga
113,C000114,39,Male,Porto
114,C000115,27,Female,Faro
115,C000116,39,Female,Faro
116,C000117,23,Female,Porto
117,C000118,62,Other,Porto
118,C000119,37,Male,Coimbra
119,C000120,47,Female,Braga
120,C000121,49,Female,Lisbon
121,C000122,54,Female,Lisbon
122,C000123,42,Female,Braga
123,C000124,45,Female,Braga
124,C000125,62,Female,Coimbra
125,C000126,21,Other,Lisbon
126,C000127,24,Female,Porto
127,C000128,69,Female,Faro
128,C000129,65,Other,Coimbra
129,C000130,59,Female,Coimbra
130,C000131,65,Male,Coimbra
131,C000132,37,Other,Lisbon
132,C000133,28,Other,Coimbra
133,C000134,25,Female,Braga
134,C000135,30,Female,Lisbon
135,C000136,38,Male,Coimbra
136,C000137,60,Female,Faro
137,C000138,30,Other,Coimbra
138,C000139,40,Other,Coimbra
139,C000140,52,Other,Lisbon
140,C000141,40,Other,Coimbra
141,C000142,17,Male,Coimbra
142,C000143,28,Female,Coimbra
143,C000144,34,Male,Braga
144,C000145,18,Male,Porto
145,C000146,19,Female,Porto
146,C000147,55,Male,Lisbon
147,C000148,39,Female,Lisbon
148,C000149,36,Female,Coimbra
149,C000150,46,Female,Coimbra
150,C000151,38,Other,Braga
151,C000152,44,Female,Faro
152,C000153,68,Other,Coimbra
153,C000154,43,Male,Porto
154,C000155,30,Female,Braga
155,C000156,58,Male,Faro
156,C000157,18,Male,Coimbra
157,C000158,58,Other,Lisbon
158,C000159,18,Female,Braga
159,C000160,55,Male,Faro
160,C000161,46,Male,Braga
161,C000162,61,Female,Faro
162,C000163,31,Female,Faro
163,C000164,51,Female,Porto
164,C000165,64,Female,Braga
165,C000166,19,Other,Faro
166,C000167,63,Female,Coimbra
167,C000168,68,Male,Braga
168,C000169,35,Other,Lisbon
169,C000170,49,Female,Porto
170,C000171,60,Male,Lisbon
171,C000172,55,Male,Braga
172,C000173,30,Female,Braga
173,C000174,43,Male,Lisbon
174,C000175,31,Male,Lisbon
175,C000176,69,Other,Porto
176,C000177,58,Other,Lisbon
177,C000178,58,Other,Coimbra
178,C000179,44,Male,Porto
179,C000180,53,Other,Faro
180,C000181,48,Other,Lisbon
181,C000182,54,Other,Lisbon
182,C000183,23,Other,Braga
183,C000184,68,Female,Lisbon
184,C000185,48,Other,Lisbon
185,C000186,17,Male,Braga
186,C000187,20,Female,Coimbra
187,C000188,63,Female,Braga
188,C000189,46,Other,Lisbon
189,C000190,17,Other,Braga
190,C000191,21,Female,Braga
191,C000192,40,Male,Lisbon
192,C000193,52,Female,Faro
193,C000194,61,Other,Lisbon
194,C000195,21,Other,Porto
195,C000196,45,Male,Lisbon
196,C000197,51,Female,Lisbon
197,C000198,66,Female,Faro
198,C000199,41,Female,Coimbra
199,C000200,26,Female,Coimbra
200,C000201,32,Male,Braga
201,C000202,43,Other,Lisbon
202,C000203,53,Other,Porto
203,C000204,60,Male,Braga
204,C000205,49,Other,Braga
205,C000206,46,Female,Faro
206,C000207,30,Female,Coimbra
207,C000208,52,Male,Porto
208,C000209,36,Male,Lisbon
209,C000210,40,Male,Faro
210,C000211,66,Male,Lisbon
211,C000212,65,Male,Lisbon
212,C000213,53,Male,Braga
213,C000214,34,Female,Porto
214,C000215,40,Other,Faro
215,C000216,53,Female,Porto
216,C000217,20,Female,Coimbra
217,C000218,27,Male,Coimbra
218,C000219,65,Male,Coimbra
219,C000220,45,Male,Braga
220,C000221,16,Other,Porto
221,C000222,28,Male,Porto
222,C000223,24,Male,Coimbra
223,C000224,45,Female,Faro
224,C000225,46,Male,Faro
225,C000226,28,Female,Braga
226,C000227,17,Female,Porto
227,C000228,17,Other,Faro
228,C000229,44,Other,Braga
229,C000230,61,Male,Porto
230,C000231,64,Female,Porto
231,C000232,68,Female,Coimbra
232,C000233,49,Female,Faro
233,C000234,29,Female,Lisbon
234,C000235,49,Female,Lisbon
235,C000236,52,Female,Braga
236,C000237,29,Female,Braga
237,C000238,38,Female,Braga
238,C000239,61,Male,Braga
239,C000240,61,Male,Faro
240,C000241,24,Male,Braga
241,C000242,61,Other,Braga
242,C000243,56,Other,Lisbon
243,C000244,55,Female,Faro
244,C000245,67,Male,Lisbon
245,C000246,52,Other,Braga
246,C000247,23,Male,Lisbon
247,C000248,27,Female,Coimbra
248,C000249,46,Female,Lisbon
249,C000250,17,Female,Lisbon
250,C000251,59,Male,Coimbra
251,C000252,60,Male,Porto
252,C000253,32,Female,Faro
253,C000254,36,Other,Porto
254,C000255,47,Male,Coimbra
255,C000256,54,Other,Braga
256,C000257,19,Male,Coimbra
257,C000258,60,Male,Coimbra
258,C000259,53,Male,Faro
259,C000260,49,Other,Lisbon
260,C000261,42,Male,Coimbra
261,C000262,36,Female,Braga
262,C000263,33,Male,Lisbon
263,C000264,48,Male,Coimbra
264,C000265,56,Other,Faro
265,C000266,34,Male,Coimbra
266,C000267,50,Female,Lisbon
267,C000268,45,Female,Lisbon
268,C000269,47,Other,Braga
269,C000270,47,Other,Porto
270,C000271,61,Male,Coimbra
271,C000272,46,Male,Faro
272,C000273,23,Male,Braga
273,C000274,69,Male,Porto
274,C000275,38,Female,Lisbon
275,C000276,68,Male,Braga
276,C000277,65,Female,Lisbon
277,C000278,63,Other,Lisbon
278,C000279,24,Other,Coimbra
279,C000280,66,Female,Lisbon
280,C000281,46,Male,Lisbon
281,C000282,31,Female,Faro
282,C000283,33,Male,Braga
283,C000284,63,Male,Porto
284,C000285,66,Male,Braga
285,C000286,17,Other,Lisbon
286,C000287,59,Male,Braga
287,C000288,66,Other,Faro
288,C000289,26,Other,Porto
289,C000290,65,Male,Lisbon
290,C000291,53,Other,Porto
291,C000292,16,Male,Porto
292,C000293,40,Other,Porto
293,C000294,34,Female,Porto
294,C000295,40,Male,Porto
295,C000296,30,Male,Porto
296,C000297,68,Male,Braga
297,C000298,34,Male,Braga
298,C000299,51,Other,Faro
299,C000300,17,Other,Braga
300,C000301,33,Male,Porto
301,C000302,51,Other,Braga
302,C000303,33,Male,Coimbra
303,C000304,34,Female,Porto
304,C000305,67,Male,Lisbon
305,C000306,44,Male,Coimbra
306,C000307,55,Other,Braga
307,C000308,36,Unknown,Lisbon
308,C000309,31,Male,Braga
309,C000310,25,Female,Coimbra
310,C000311,21,Male,Lisbon
311,C000312,28,Male,Porto
312,C000313,47,Female,Braga
313,C000314,41,Other,Porto
314,C000315,21,Male,Faro
315,C000316,67,Male,Faro
316,C000317,51,Male,Porto
317,C000318,38,Other,Faro
318,C000319,20,Other,Lisbon
319,C000320,21,Other,Lisbon
320,C000321,53,Other,Faro
321,C000322,46,Male,Lisbon
322,C000323,54,Male,Braga
323,C000324,50,Female,Porto
324,C000325,69,Male,Faro
325,C000326,61,Male,Braga
326,C000327,54,Female,Coimbra
327,C000328,54,Male,Braga
328,C000329,37,Other,Coimbra
329,C000330,67,Female,Porto
330,C000331,30,Male,Coimbra
331,C000332,30,Female,Faro
332,C000333,55,Female,Porto
333,C000334,52,Female,Braga
334,C000335,24,Other,Braga
335,C000336,16,Other,Coimbra
336,C000337,40,Male,Lisbon
337,C000338,18,Female,Coimbra
338,C000339,58,Male,Lisbon
339,C000340,68,Male,Porto
340,C000341,16,Female,Coimbra
341,C000342,68,Male,Coimbra
342,C000343,23,Male,Porto
343,C000344,18,Other,Porto
344,C000345,16,Male,Porto
345,C000346,19,Female,Coimbra
346,C000347,57,Other,Faro
347,C000348,41,Other,Coimbra
348,C000349,30,Female,Porto
349,C000350,20,Other,Porto
350,C000351,52,Male,Porto
351,C000352,44,Male,Coimbra
352,C000353,45,Male,Braga
353,C000354,63,Male,Porto
354,C000355,50,Male,Lisbon
355,C000356,42,Female,Lisbon
356,C000357,47,Female,Braga
357,C000358,69,Other,Braga
358,C000359,20,Female,Porto
359,C000360,39,Female,Faro
360,C000361,24,Male,Coimbra
361,C000362,64,Female,Braga
362,C000363,39,Male,Coimbra
363,C000364,62,Female,Braga
364,C000365,31,Male,Porto
365,C000366,49,Female,Braga
366,C000367,43,Female,Coimbra
367,C000368,39,Male,Coimbra
368,C000369,36,Male,Lisbon
369,C000370,45,Female,Faro
370,C000371,50,Female,Braga
371,C000372,17,Other,Braga
372,C000373,22,Male,Faro
373,C000374,23,Female,Lisbon
374,C000375,58,Female,Porto
375,C000376,50,Female,Coimbra
376,C000377,67,Female,Lisbon
377,C000378,49,Other,Lisbon
378,C000379,53,Female,Coimbra
379,C000380,63,Other,Porto
380,C000381,27,Female,Coimbra
381,C000382,41,Male,Braga
382,C000383,31,Female,Lisbon
383,C000384,19,Female,Lisbon
384,C000385,47,Male,Coimbra
385,C000386,20,Male,Faro
386,C000387,37,Female,Braga
387,C000388,16,Female,Coimbra
388,C000389,38,Male,Coimbra
389,C000390,60,Female,Faro
390,C000391,69,Male,Porto
391,C000392,68,Other,Coimbra
392,C000393,67,Other,Lisbon
393,C000394,46,Male,Porto
394,C000395,19,Female,Braga
395,C000396,45,Female,Faro
396,C000397,36,Male,Braga
397,C000398,32,Male,Coimbra
398,C000399,34,Other,Coimbra
399,C000400,41,Other,Coimbra
400,C000401,20,Male,Porto
401,C000402,48,Other,Porto
402,C000403,36,Male,Coimbra
403,C000404,23,Male,Porto
404,C000405,63,Male,Lisbon
405,C000406,35,Female,Faro
406,C000407,45,Female,Lisbon
407,C000408,23,Other,Porto
408,C000409,60,Male,Braga
409,C000410,16,Male,Porto
410,C000411,47,Female,Coimbra
411,C000412,21,Female,Faro
412,C000413,46,Male,Faro
413,C000414,26,Female,Braga
414,C000415,42,Male,Coimbra
415,C000416,66,Male,Braga
416,C000417,47,Other,Porto
417,C000418,65,Female,Coimbra
418,C000419,22,Male,Porto
419,C000420,61,Other,Coimbra
420,C000421,45,Male,Coimbra
421,C000422,52,Female,Braga
422,C000423,51,Female,Faro
423,C000424,32,Female,Lisbon
424,C000425,50,Male,Braga
425,C000426,27,Female,Faro
426,C000427,20,Female,Coimbra
427,C000428,17,Other,Faro
428,C000429,37,Female,Porto
429,C000430,61,Other,Braga
430,C000431,37,Male,Lisbon
431,C000432,42,Male,Porto
432,C000433,22,Female,Braga
433,C000434,30,Other,Lisbon
434,C000435,23,Male,Braga
435,C000436,25,Other,Braga
436,C000437,52,Female,Braga
437,C000438,51,Other,Braga
438,C000439,54,Male,Braga
439,C000440,28,Other,Faro
440,C000441,31,Female,Porto
441,C000442,68,Female,Faro
442,C000443,63,Other,Lisbon
443,C000444,54,Female,Porto
444,C000445,29,Female,Coimbra
445,C000446,21,Other,Braga
446,C000447,50,Male,Braga
447,C000448,34,Female,Faro
448,C000449,32,Other,Coimbra
449,C000450,30,Other,Braga
450,C000451,26,Other,Porto
451,C000452,37,Male,Lisbon
452,C000453,43,Female,Coimbra
453,C000454,48,Female,Coimbra
454,C000455,30,Other,Lisbon
455,C000456,16,Female,Lisbon
456,C000457,54,Other,Lisbon
457,C000458,39,Female,Lisbon
458,C000459,21,Male,Braga
459,C000460,32,Male,Lisbon
460,C000461,62,Other,Braga
461,C000462,47,Female,Braga
462,C000463,36,Female,Lisbon
463,C000464,49,Other,Faro
464,C000465,27,Male,Braga
465,C000466,61,Other,Lisbon
466,C000467,66,Female,Braga
467,C000468,19,Other,Coimbra
468,C000469,59,Male,Porto
469,C000470,45,Other,Faro
470,C000471,41,Female,Coimbra
471,C000472,46,Other,Lisbon
472,C000473,46,Other,Lisbon
473,C000474,17,Other,Coimbra
474,C000475,24,Female,Faro
475,C000476,46,Female,Lisbon
476,C000477,50,Male,Coimbra
477,C000478,43,Other,Braga
478,C000479,30,Female,Coimbra
479,C000480,32,Male,Lisbon
480,C000481,34,Male,Coimbra
481,C000482,64,Female,Coimbra
482,C000483,69,Female,Coimbra
483,C000484,49,Female,Lisbon
484,C000485,63,Male,Porto
485,C000486,58,Other,Coimbra
486,C000487,42,Female,Braga
487,C000488,20,Male,Coimbra
488,C000489,22,Other,Braga
489,C000490,66,Female,Lisbon
490,C000491,28,Male,Braga
491,C000492,35,Male,Faro
492,C000493,22,Female,Braga
493,C000494,45,Other,Braga
494,C000495,26,Male,Braga
495,C000496,64,Male,Faro
496,C000497,21,Other,Coimbra
497,C000498,59,Other,Braga
498,C000499,50,Female,Lisbon
499,C000500,22,Other,Lisbon
500,C000501,25,Other,Coimbra
501,C000502,53,Female,Coimbra
502,C000503,59,Female,Coimbra
503,C000504,29,Female,Porto
504,C000505,30,Male,Porto
505,C000506,61,Female,Coimbra
506,C000507,25,Male,Braga
507,C000508,57,Male,Coimbra
508,C000509,43,Male,Coimbra
509,C000510,59,Female,Braga
510,C000511,53,Male,Braga
511,C000512,44,Other,Porto
512,C000513,29,Other,Faro
513,C000514,55,Female,Porto
514,C000515,23,Male,Faro
515,C000516,36,Female,Faro
516,C000517,27,Female,Braga
517,C000518,42,Female,Porto
518,C000519,65,Other,Porto
519,C000520,32,Female,Braga
520,C000521,48,Female,Lisbon
521,C000522,23,Male,Porto
522,C000523,44,Female,Porto
523,C000524,42,Other,Lisbon
524,C000525,51,Male,Lisbon
525,C000526,42,Female,Lisbon
526,C000527,47,Other,Faro
527,C000528,50,Male,Porto
528,C000529,40,Other,Braga
529,C000530,48,Female,Braga
530,C000531,37,Female,Braga
531,C000532,21,Female,Lisbon
532,C000533,39,Male,Faro
533,C000534,52,Female,Faro
534,C000535,18,Female,Lisbon
535,C000536,43,Female,Lisbon
536,C000537,67,Other,Lisbon
537,C000538,47,Female,Faro
538,C000539,44,Other,Braga
539,C000540,16,Female,Porto
540,C000541,57,Male,Braga
541,C000542,66,Male,Braga
542,C000543,40,Other,Coimbra
543,C000544,62,Female,Faro
544,C000545,67,Other,Porto
545,C000546,24,Unknown,Coimbra
546,C000547,21,Other,Lisbon
547,C000548,17,Other,Faro
548,C000549,56,Female,Braga
549,C000550,21,Other,Porto
550,C000551,60,Male,Braga
551,C000552,26,Other,Faro
552,C000553,33,Female,Porto
553,C000554,56,Male,Coimbra
554,C000555,32,Other,Braga
555,C000556,35,Female,Lisbon
556,C000557,50,Other,Porto
557,C000558,22,Other,Lisbon
558,C000559,49,Male,Coimbra
559,C000560,37,Female,Lisbon
560,C000561,29,Other,Porto
561,C000562,56,Other,Braga
562,C000563,57,Female,Coimbra
563,C000564,40,Female,Coimbra
564,C000565,36,Other,Faro
565,C000566,40,Female,Coimbra
566,C000567,31,Other,Braga
567,C000568,27,Male,Porto
568,C000569,18,Male,Coimbra
569,C000570,17,Female,Lisbon
570,C000571,62,Male,Lisbon
571,C000572,48,Female,Braga
572,C000573,63,Other,Lisbon
573,C000574,45,Male,Faro
574,C000575,31,Female,Coimbra
575,C000576,16,Male,Porto
576,C000577,63,Other,Coimbra
577,C000578,37,Female,Porto
578,C000579,60,Female,Coimbra
579,C000580,56,Other,Lisbon
580,C000581,53,Other,Faro
581,C000582,49,Male,Faro
582,C000583,20,Female,Lisbon
583,C000584,65,Other,Porto
584,C000585,47,Female,Coimbra
585,C000586,35,Female,Faro
586,C000587,47,Female,Porto
587,C000588,62,Female,Coimbra
588,C000589,47,Female,Porto
589,C000590,44,Female,Braga
590,C000591,60,Other,Faro
591,C000592,66,Female,Faro
592,C000593,40,Female,Coimbra
593,C000594,56,Male,Lisbon
594,C000595,26,Other,Coimbra
595,C000596,41,Male,Lisbon
596,C000597,59,Female,Faro
597,C000598,64,Male,Porto
598,C000599,39,Male,Lisbon
599,C000600,50,Other,Braga
600,C000601,67,Female,Braga
601,C000602,34,Other,Porto
602,C000603,52,Female,Faro
603,C000604,44,Male,Porto
604,C000605,56,Female,Porto
605,C000606,19,Other,Faro
606,C000607,25,Male,Coimbra
607,C000608,67,Female,Lisbon
608,C000609,45,Male,Lisbon
609,C000610,48,Other,Coimbra
610,C000611,46,Other,Faro
611,C000612,18,Other,Lisbon
612,C000613,47,Male,Braga
613,C000614,62,Female,Lisbon
614,C000615,45,Other,Porto
615,C000616,23,Male,Porto
616,C000617,32,Female,Faro
617,C000618,43,Other,Lisbon
618,C000619,16,Male,Braga
619,C000620,54,Other,Braga
620,C000621,45,Other,Porto
621,C000622,46,Male,Lisbon
622,C000623,55,Other,Coimbra
623,C000624,57,Female,Braga
624,C000625,37,Female,Lisbon
625,C000626,20,Other,Faro
626,C000627,57,Female,Lisbon
627,C000628,42,Other,Coimbra
628,C000629,37,Male,Braga
629,C000630,17,Male,Faro
630,C000631,37,Female,Braga
631,C000632,29,Other,Faro
632,C000633,18,Male,Coimbra
633,C000634,40,Other,Faro
634,C000635,34,Male,Faro
635,C000636,40,Male,Faro
636,C000637,57,Female,Porto
637,C000638,56,Male,Coimbra
638,C000639,44,Female,Faro
639,C000640,33,Other,Coimbra
640,C000641,20,Female,Braga
641,C000642,18,Female,Faro
642,C000643,25,Other,Porto
643,C000644,20,Female,Faro
644,C000645,64,Female,Porto
645,C000646,58,Male,Braga
646,C000647,61,Female,Coimbra
647,C000648,37,Male,Coimbra
648,C000649,65,Other,Braga
649,C000650,18,Male,Coimbra
650,C000651,19,Female,Faro
651,C000652,17,Female,Faro
652,C000653,63,Female,Porto
653,C000654,57,Other,Braga
654,C000655,17,Female,Faro
655,C000656,55,Other,Faro
656,C000657,17,Female,Braga
657,C000658,28,Other,Lisbon
658,C000659,36,Female,Faro
659,C000660,48,Other,Porto
660,C000661,21,Male,Coimbra
661,C000662,63,Female,Porto
662,C000663,32,Female,Faro
663,C000664,40,Female,Braga
664,C000665,49,Male,Coimbra
665,C000666,62,Male,Lisbon
666,C000667,17,Female,Coimbra
667,C000668,30,Female,Faro
668,C000669,36,Male,Porto
669,C000670,40,Other,Coimbra
670,C000671,51,Other,Porto
671,C000672,41,Male,Lisbon
672,C000673,67,Female,Braga
673,C000674,52,Other,Porto
674,C000675,65,Female,Braga
675,C000676,36,Male,Coimbra
676,C000677,37,Female,Coimbra
677,C000678,64,Female,Coimbra
678,C000679,50,Other,Porto
679,C000680,29,Other,Lisbon
680,C000681,60,Other,Lisbon
681,C000682,17,Male,Faro
682,C000683,31,Other,Lisbon
683,C000684,38,Other,Porto
684,C000685,23,Female,Porto
685,C000686,52,Female,Faro
686,C000687,20,Other,Braga
687,C000688,35,Male,Braga
688,C000689,29,Male,Coimbra
689,C000690,51,Female,Porto
690,C000691,64,Other,Coimbra
691,C000692,32,Female,Braga
692,C000693,38,Male,Lisbon
693,C000694,16,Female,Braga
694,C000695,28,Other,Faro
695,C000696,51,Male,Lisbon
696,C000697,60,Female,Coimbra
697,C000698,43,Female,Coimbra
698,C000699,58,Female,Porto
699,C000700,35,Other,Porto
700,C000701,22,Male,Faro
701,C000702,21,Other,Lisbon
702,C000703,48,Other,Coimbra
703,C000704,35,Male,Lisbon
704,C000705,31,Male,Faro
705,C000706,64,Male,Porto
706,C000707,21,Other,Braga
707,C000708,20,Male,Lisbon
708,C000709,56,Other,Faro
709,C000710,44,Other,Faro
710,C000711,60,Other,Lisbon
711,C000712,65,Male,Coimbra
712,C000713,68,Male,Faro
713,C000714,67,Male,Porto
714,C000715,18,Female,Faro
715,C000716,53,Male,Coimbra
716,C000717,45,Other,Porto
717,C000718,61,Male,Braga
718,C000719,36,Male,Faro
719,C000720,56,Male,Faro
720,C000721,64,Female,Braga
721,C000722,21,Other,Porto
722,C000723,51,Male,Faro
723,C000724,20,Male,Porto
724,C000725,54,Female,Braga
725,C000726,48,Female,Coimbra
726,C000727,25,Other,Coimbra
727,C000728,65,Male,Porto
728,C000729,43,Male,Porto
729,C000730,62,Male,Faro
730,C000731,62,Male,Braga
731,C000732,39,Other,Porto
732,C000733,17,Male,Lisbon
733,C000734,46,Female,Lisbon
734,C000735,51,Other,Coimbra
735,C000736,62,Male,Faro
736,C000737,23,Female,Porto
737,C000738,68,Male,Coimbra
738,C000739,52,Female,Braga
739,C000740,61,Male,Lisbon
740,C000741,45,Male,Faro
741,C000742,17,Other,Coimbra
742,C000743,42,Male,Coimbra
743,C000744,63,Male,Faro
744,C000745,67,Male,Porto
745,C000746,31,Male,Braga
746,C000747,16,Other,Lisbon
747,C000748,47,Male,Porto
748,C000749,42,Male,Coimbra
749,C000750,48,Female,Coimbra
750,C000751,33,Male,Porto
751,C000752,18,Female,Coimbra
752,C000753,61,Other,Lisbon
753,C000754,17,Other,Braga
754,C000755,29,Female,Faro
755,C000756,63,Other,Coimbra
756,C000757,16,Female,Lisbon
757,C000758,63,Male,Braga
758,C000759,52,Other,Braga
759,C000760,40,Female,Faro
760,C000761,48,Female,Faro
761,C000762,38,Male,Coimbra
762,C000763,42,Male,Faro
763,C000764,47,Other,Braga
764,C000765,46,Female,Porto
765,C000766,46,Other,Lisbon
766,C000767,41,Male,Lisbon
767,C000768,54,Other,Porto
768,C000769,21,Female,Porto
769,C000770,53,Female,Coimbra
770,C000771,57,Female,Faro
771,C000772,40,Female,Braga
772,C000773,68,Female,Braga
773,C000774,25,Other,Faro
774,C000775,29,Male,Faro
775,C000776,49,Other,Porto
776,C000777,62,Other,Braga
777,C000778,54,Male,Coimbra
778,C000779,25,Male,Coimbra
779,C000780,16,Female,Braga
780,C000781,38,Female,Braga
781,C000782,19,Male,Lisbon
782,C000783,39,Female,Lisbon
783,C000784,22,Male,Coimbra
784,C000785,53,Male,Braga
785,C000786,43,Female,Faro
786,C000787,68,Female,Faro
787,C000788,56,Other,Braga
788,C000789,44,Other,Porto
789,C000790,35,Female,Faro
790,C000791,68,Other,Braga
791,C000792,42,Female,Faro
792,C000793,22,Female,Lisbon
793,C000794,32,Other,Lisbon
794,C000795,24,Other,Braga
795,C000796,58,Female,Coimbra
796,C000797,30,Male,Braga
797,C000798,66,Male,Faro
798,C000799,60,Other,Braga
799,C000800,38,Other,Coimbra
800,C000801,61,Female,Faro
801,C000802,60,Other,Faro
802,C000803,21,Female,Porto
803,C000804,29,Male,Porto
804,C000805,29,Female,Porto
805,C000806,67,Female,Faro
806,C000807,35,Female,Faro
807,C000808,55,Other,Porto
808,C000809,41,Female,Faro
809,C000810,47,Male,Braga
810,C000811,50,Male,Lisbon
811,C000812,63,Male,Braga
812,C000813,30,Other,Faro
813,C000814,49,Male,Porto
814,C000815,18,Male,Coimbra
815,C000816,59,Female,Braga
816,C000817,16,Female,Braga
817,C000818,16,Male,Braga
818,C000819,42,Female,Coimbra
819,C000820,60,Other,Braga
820,C000821,46,Male,Lisbon
821,C000822,52,Other,Porto
822,C000823,50,Male,Lisbon
823,C000824,17,Male,Faro
824,C000825,46,Female,Lisbon
825,C000826,22,Female,Faro
826,C000827,16,Male,Braga
827,C000828,38,Other,Lisbon
828,C000829,48,Other,Coimbra
829,C000830,60,Other,Braga
830,C000831,62,Other,Faro
831,C000832,19,Female,Coimbra
832,C000833,18,Other,Braga
833,C000834,42,Other,Coimbra
834,C000835,28,Female,Faro
835,C000836,33,Other,Lisbon
836,C000837,40,Male,Faro
837,C000838,25,Female,Coimbra
838,C000839,65,Female,Lisbon
839,C000840,28,Female,Lisbon
840,C000841,20,Female,Coimbra
841,C000842,33,Other,Coimbra
842,C000843,16,Male,Porto
843,C000844,36,Other,Faro
844,C000845,25,Other,Porto
845,C000846,25,Female,Braga
846,C000847,23,Female,Porto
847,C000848,49,Male,Braga
848,C000849,67,Female,Lisbon
849,C000850,31,Male,Coimbra
850,C000851,17,Male,Porto
851,C000852,19,Male,Porto
852,C000853,37,Male,Faro
853,C000854,50,Male,Coimbra
854,C000855,69,Male,Braga
855,C000856,57,Male,Porto
856,C000857,62,Female,Faro
857,C000858,63,Male,Lisbon
858,C000859,69,Male,Lisbon
859,C000860,23,Male,Lisbon
860,C000861,31,Male,Lisbon
861,C000862,38,Other,Coimbra
862,C000863,43,Other,Braga
863,C000864,29,Other,Braga
864,C000865,50,Other,Lisbon
865,C000866,58,Other,Porto
866,C000867,45,Male,Lisbon
867,C000868,59,Other,Porto
868,C000869,28,Other,Braga
869,C000870,25,Other,Lisbon
870,C000871,58,Female,Coimbra
871,C000872,53,Female,Porto
872,C000873,37,Other,Braga
873,C000874,28,Male,Coimbra
874,C000875,44,Female,Braga
875,C000876,47,Female,Porto
876,C000877,61,Unknown,Lisbon
877,C000878,42,Other,Coimbra
878,C000879,60,Female,Porto
879,C000880,50,Female,Porto
880,C000881,34,Male,Lisbon
881,C000882,45,Other,Faro
882,C000883,47,Female,Porto
883,C000884,17,Female,Lisbon
884,C000885,40,Male,Porto
885,C000886,16,Female,Porto
886,C000887,37,Female,Coimbra
887,C000888,53,Male,Braga
888,C000889,20,Female,Lisbon
889,C000890,68,Female,Braga
890,C000891,34,Other,Faro
891,C000892,28,Female,Porto
892,C000893,57,Other,Faro
893,C000894,47,Male,Braga
894,C000895,61,Other,Faro
895,C000896,66,Male,Braga
896,C000897,45,Other,Porto
897,C000898,25,Male,Porto
898,C000899,42,Other,Braga
899,C000900,59,Other,Braga
900,C000901,51,Other,Faro
901,C000902,37,Male,Faro
902,C000903,40,Male,Lisbon
903,C000904,65,Male,Braga
904,C000905,22,Female,Coimbra
905,C000906,56,Other,Coimbra
906,C000907,21,Other,Coimbra
907,C000908,66,Female,Coimbra
908,C000909,58,Female,Coimbra
909,C000910,22,Male,Braga
910,C000911,37,Male,Lisbon
911,C000912,29,Male,Coimbra
912,C000913,28,Other,Porto
913,C000914,45,Male,Faro
914,C000915,20,Female,Lisbon
915,C000916,28,Male,Coimbra
916,C000917,37,Other,Lisbon
917,C000918,32,Other,Porto
918,C000919,39,Male,Coimbra
919,C000920,34,Female,Braga
920,C000921,36,Female,Faro
921,C000922,46,Male,Braga
922,C000923,48,Other,Coimbra
923,C000924,27,Female,Braga
924,C000925,24,Male,Porto
925,C000926,51,Other,Lisbon
926,C000927,34,Other,Porto
927,C000928,28,Female,Lisbon
928,C000929,34,Other,Coimbra
929,C000930,40,Male,Faro
930,C000931,63,Other,Faro
931,C000932,16,Female,Porto
932,C000933,19,Male,Porto
933,C000934,59,Male,Lisbon
934,C000935,54,Other,Braga
935,C000936,24,Male,Coimbra
936,C000937,30,Female,Lisbon
937,C000938,28,Other,Braga
938,C000939,50,Female,Porto
939,C000940,43,Male,Braga
940,C000941,26,Male,Porto
941,C000942,62,Male,Faro
942,C000943,53,Other,Lisbon
943,C000944,48,Other,Braga
944,C000945,43,Male,Porto
945,C000946,46,Other,Faro
946,C000947,26,Male,Lisbon
947,C000948,44,Male,Coimbra
948,C000949,52,Male,Faro
949,C000950,23,Male,Coimbra
950,C000951,18,Female,Faro
951,C000952,46,Other,Lisbon
952,C000953,40,Male,Braga
953,C000954,67,Male,Faro
954,C000955,53,Other,Lisbon
955,C000956,60,Other,Porto
956,C000957,38,Female,Coimbra
957,C000958,34,Female,Braga
958,C000959,60,Other,Lisbon
959,C000960,66,Female,Braga
960,C000961,58,Male,Faro
961,C000962,46,Other,Coimbra
962,C000963,44,Female,Lisbon
963,C000964,64,Male,Faro
964,C000965,45,Male,Braga
965,C000966,51,Female,Lisbon
966,C000967,26,Other,Porto
967,C000968,18,Other,Coimbra
968,C000969,37,Male,Porto
969,C000970,42,Other,Lisbon
970,C000971,55,Male,Porto
971,C000972,18,Other,Porto
972,C000973,20,Other,Coimbra
973,C000974,46,Female,Faro
974,C000975,57,Female,Porto
975,C000976,40,Female,Coimbra
976,C000977,30,Other,Faro
977,C000978,38,Male,Porto
978,C000979,18,Other,Braga
979,C000980,50,Other,Faro
980,C000981,69,Other,Porto
981,C000982,62,Other,Lisbon
982,C000983,55,Other,Porto
983,C000984,28,Female,Lisbon
984,C000985,33,Other,Faro
985,C000986,67,Other,Coimbra
986,C000987,67,Female,Porto
987,C000988,54,Female,Faro
988,C000989,43,Male,Porto
989,C000990,65,Male,Lisbon
990,C000991,38,Female,Lisbon
991,C000992,29,Male,Braga
992,C000993,66,Other,Coimbra
993,C000994,35,Female,Faro
994,C000995,43,Female,Faro
995,C000996,54,Other,Lisbon
996,C000997,67,Male,Lisbon
997,C000998,59,Female,Porto
998,C000999,66,Female,Lisbon
999,C001000,28,Female,Faro
1000,C001001,47,Female,Braga
1001,C001002,22,Female,Coimbra
1002,C001003,32,Male,Braga
1003,C001004,24,Other,Faro
1004,C001005,22,Other,Faro
1005,C001006,16,Male,Braga
1006,C001007,21,Female,Faro
1007,C001008,33,Male,Porto
1008,C001009,27,Female,Lisbon
1009,C001010,42,Female,Porto
1010,C001011,67,Female,Porto
1011,C001012,24,Male,Coimbra
1012,C001013,65,Male,Faro
1013,C001014,55,Male,Faro
1014,C001015,54,Female,Coimbra
1015,C001016,31,Other,Lisbon
1016,C001017,37,Female,Coimbra
1017,C001018,25,Female,Faro
1018,C001019,18,Other,Porto
1019,C001020,69,Female,Lisbon
1020,C001021,23,Male,Braga
1021,C001022,25,Other,Faro
1022,C001023,22,Other,Porto
1023,C001024,43,Female,Lisbon
1024,C001025,24,Female,Lisbon
1025,C001026,59,Other,Coimbra
1026,C001027,16,Other,Faro
1027,C001028,32,Male,Porto
1028,C001029,40,Other,Braga
1029,C001030,32,Other,Coimbra
1030,C001031,24,Female,Faro
1031,C001032,43,Female,Faro
1032,C001033,41,Other,Porto
1033,C001034,53,Male,Braga
1034,C001035,58,Other,Lisbon
1035,C001036,32,Other,Coimbra
1036,C001037,53,Other,Lisbon
1037,C001038,47,Male,Braga
1038,C001039,64,Female,Faro
1039,C001040,65,Other,Faro
1040,C001041,32,Male,Porto
1041,C001042,56,Other,Porto
1042,C001043,26,Female,Porto
1043,C001044,36,Female,Porto
1044,C001045,43,Other,Coimbra
1045,C001046,25,Female,Coimbra
1046,C001047,26,Female,Lisbon
1047,C001048,40,Female,Coimbra
1048,C001049,68,Other,Faro
1049,C001050,51,Other,Coimbra
1050,C001051,37,Other,Lisbon
1051,C001052,25,Male,Porto
1052,C001053,26,Male,Faro
1053,C001054,38,Male,Coimbra
1054,C001055,55,Male,Porto
1055,C001056,68,Male,Braga
1056,C001057,50,Male,Faro
1057,C001058,19,Male,Lisbon
1058,C001059,54,Female,Faro
1059,C001060,17,Other,Porto
1060,C001061,66,Female,Coimbra
1061,C001062,52,Female,Braga
1062,C001063,23,Male,Faro
1063,C001064,43,Other,Lisbon
1064,C001065,39,Other,Porto
1065,C001066,39,Female,Faro
1066,C001067,28,Male,Coimbra
1067,C001068,27,Male,Coimbra
1068,C001069,32,Other,Porto
1069,C001070,49,Male,Coimbra
1070,C001071,57,Other,Braga
1071,C001072,53,Other,Braga
1072,C001073,27,Other,Lisbon
1073,C001074,64,Female,Porto
1074,C001075,63,Other,Braga
1075,C001076,33,Female,Lisbon
1076,C001077,51,Male,Lisbon
1077,C001078,60,Female,Braga
1078,C001079,21,Male,Lisbon
1079,C001080,49,Other,Porto
1080,C001081,29,Male,Faro
1081,C001082,69,Female,Braga
1082,C001083,49,Male,Faro
1083,C001084,46,Female,Faro
1084,C001085,22,Other,Porto
1085,C001086,45,Female,Braga
1086,C001087,25,Female,Braga
1087,C001088,49,Male,Braga
1088,C001089,62,Other,Braga
1089,C001090,46,Female,Braga
1090,C001091,28,Female,Porto
1091,C001092,42,Female,Coimbra
1092,C001093,16,Male,Coimbra
1093,C001094,18,Male,Lisbon
1094,C001095,54,Other,Faro
1095,C001096,51,Male,Braga
1096,C001097,20,Other,Porto
1097,C001098,62,Other,Lisbon
1098,C001099,51,Female,Coimbra
1099,C001100,67,Female,Braga
1100,C001101,65,Other,Faro
1101,C001102,66,Other,Faro
1102,C001103,17,Male,Porto
1103,C001104,39,Female,Coimbra
1104,C001105,69,Female,Faro
1105,C001106,45,Male,Faro
1106,C001107,19,Female,Braga
1107,C001108,22,Other,Lisbon
1108,C001109,22,Other,Braga
1109,C001110,24,Female,Faro
1110,C001111,35,Male,Faro
1111,C001112,61,Female,Lisbon
1112,C001113,50,Other,Faro
1113,C001114,66,Female,Porto
1114,C001115,36,Other,Lisbon
1115,C001116,44,Female,Braga
1116,C001117,31,Male,Braga
1117,C001118,54,Male,Coimbra
1118,C001119,16,Female,Faro
1119,C001120,32,Male,Faro
1120,C001121,28,Female,Coimbra
1121,C001122,34,Unknown,Porto
1122,C001123,53,Female,Faro
1123,C001124,57,Female,Porto
1124,C001125,38,Other,Faro
1125,C001126,20,Other,Faro
1126,C001127,46,Male,Lisbon
1127,C001128,24,Female,Braga
1128,C001129,26,Other,Coimbra
1129,C001130,64,Other,Porto
1130,C001131,60,Male,Braga
1131,C001132,63,Male,Braga
1132,C001133,68,Male,Faro
1133,C001134,30,Male,Coimbra
1134,C001135,42,Female,Faro
1135,C001136,28,Other,Porto
1136,C001137,58,Other,Coimbra
1137,C001138,44,Female,Porto
1138,C001139,53,Other,Lisbon
1139,C001140,32,Male,Coimbra
1140,C001141,33,Female,Faro
1141,C001142,44,Female,Coimbra
1142,C001143,61,Female,Faro
1143,C001144,52,Other,Lisbon
1144,C001145,26,Male,Porto
1145,C001146,39,Unknown,Braga
1146,C001147,47,Other,Faro
1147,C001148,66,Male,Coimbra
1148,C001149,27,Male,Lisbon
1149,C001150,28,Other,Lisbon
1150,C001151,35,Female,Braga
1151,C001152,35,Other,Lisbon
1152,C001153,53,Female,Coimbra
1153,C001154,56,Male,Braga
1154,C001155,64,Other,Faro
1155,C001156,60,Other,Braga
1156,C001157,44,Other,Coimbra
1157,C001158,64,Female,Lisbon
1158,C001159,66,Male,Porto
1159,C001160,18,Male,Porto
1160,C001161,47,Other,Braga
1161,C001162,18,Male,Lisbon
1162,C001163,20,Male,Faro
1163,C001164,20,Other,Porto
1164,C001165,18,Male,Lisbon
1165,C001166,56,Female,Lisbon
1166,C001167,52,Female,Braga
1167,C001168,18,Female,Lisbon
1168,C001169,35,Other,Faro
1169,C001170,64,Male,Faro
1170,C001171,28,Other,Lisbon
1171,C001172,32,Female,Faro
1172,C001173,54,Male,Porto
1173,C001174,35,Other,Porto
1174,C001175,38,Male,Porto
1175,C001176,49,Male,Lisbon
1176,C001177,38,Other,Faro
1177,C001178,53,Other,Coimbra
1178,C001179,34,Male,Faro
1179,C001180,67,Male,Lisbon
1180,C001181,66,Female,Braga
1181,C001182,19,Other,Porto
1182,C001183,60,Other,Braga
1183,C001184,51,Other,Braga
1184,C001185,19,Male,Faro
1185,C001186,31,Male,Lisbon
1186,C001187,20,Male,Porto
1187,C001188,21,Male,Lisbon
1188,C001189,38,Other,Braga
1189,C001190,54,Female,Lisbon
1190,C001191,44,Female,Braga
1191,C001192,48,Other,Braga
1192,C001193,65,Male,Porto
1193,C001194,53,Male,Faro
1194,C001195,45,Other,Coimbra
1195,C001196,35,Female,Faro
1196,C001197,28,Male,Faro
1197,C001198,28,Female,Coimbra
1198,C001199,57,Unknown,Coimbra
1199,C001200,37,Other,Porto
1200,C001201,16,Other,Braga
1201,C001202,21,Other,Faro
1202,C001203,17,Other,Braga
1203,C001204,34,Female,Porto
1204,C001205,24,Other,Faro
1205,C001206,28,Female,Braga
1206,C001207,22,Male,Faro
1207,C001208,55,Other,Faro
1208,C001209,18,Male,Lisbon
1209,C001210,54,Female,Braga
1210,C001211,48,Female,Faro
1211,C001212,20,Other,Faro
1212,C001213,42,Male,Faro
1213,C001214,26,Female,Faro
1214,C001215,67,Other,Porto
1215,C001216,67,Male,Braga
1216,C001217,37,Male,Faro
1217,C001218,22,Female,Porto
1218,C001219,27,Female,Coimbra
1219,C001220,60,Male,Braga
1220,C001221,49,Female,Lisbon
1221,C001222,20,Other,Coimbra
1222,C001223,36,Female,Faro
1223,C001224,67,Other,Porto
1224,C001225,50,Female,Coimbra
1225,C001226,38,Female,Braga
1226,C001227,56,Male,Lisbon
1227,C001228,35,Female,Porto
1228,C001229,24,Other,Braga
1229,C001230,66,Other,Faro
1230,C001231,17,Female,Braga
1231,C001232,43,Other,Coimbra
1232,C001233,16,Other,Faro
1233,C001234,32,Other,Coimbra
1234,C001235,53,Other,Coimbra
1235,C001236,51,Male,Coimbra
1236,C001237,61,Other,Coimbra
1237,C001238,46,Male,Coimbra
1238,C001239,43,Male,Faro
1239,C001240,62,Male,Braga
1240,C001241,26,Male,Braga
1241,C001242,40,Other,Coimbra
1242,C001243,41,Other,Coimbra
1243,C001244,19,Other,Porto
1244,C001245,64,Other,Braga
1245,C001246,66,Other,Porto
1246,C001247,27,Male,Lisbon
1247,C001248,46,Female,Lisbon
1248,C001249,60,Other,Braga
1249,C001250,23,Other,Coimbra
1250,C001251,33,Other,Faro
1251,C001252,23,Female,Porto
1252,C001253,65,Male,Porto
1253,C001254,48,Male,Porto
1254,C001255,46,Female,Lisbon
1255,C001256,26,Male,Porto
1256,C001257,51,Other,Porto
1257,C001258,62,Other,Lisbon
1258,C001259,63,Female,Lisbon
1259,C001260,56,Female,Braga
1260,C001261,41,Other,Lisbon
1261,C001262,23,Other,Braga
1262,C001263,65,Other,Lisbon
1263,C001264,46,Male,Faro
1264,C001265,20,Male,Coimbra
1265,C001266,65,Male,Coimbra
1266,C001267,38,Other,Faro
1267,C001268,27,Other,Braga
1268,C001269,31,Other,Faro
1269,C001270,31,Male,Braga
1270,C001271,69,Female,Porto
1271,C001272,17,Other,Faro
1272,C001273,40,Male,Braga
1273,C001274,49,Male,Faro
1274,C001275,41,Other,Braga
1275,C001276,49,Other,Porto
1276,C001277,36,Female,Coimbra
1277,C001278,30,Male,Braga
1278,C001279,36,Male,Faro
1279,C001280,57,Other,Porto
1280,C001281,25,Other,Porto
1281,C001282,16,Female,Lisbon
1282,C001283,56,Male,Lisbon
1283,C001284,33,Female,Coimbra
1284,C001285,50,Female,Coimbra
1285,C001286,25,Other,Coimbra
1286,C001287,36,Other,Coimbra
1287,C001288,63,Male,Faro
1288,C001289,24,Female,Porto
1289,C001290,30,Male,Faro
1290,C001291,25,Other,Faro
1291,C001292,31,Unknown,Lisbon
1292,C001293,16,Male,Faro
1293,C001294,57,Male,Braga
1294,C001295,54,Female,Braga
1295,C001296,56,Female,Faro
1296,C001297,64,Other,Braga
1297,C001298,59,Male,Porto
1298,C001299,63,Other,Coimbra
1299,C001300,61,Other,Braga
1300,C001301,43,Other,Lisbon
1301,C001302,61,Female,Braga
1302,C001303,59,Other,Coimbra
1303,C001304,65,Male,Braga
1304,C001305,57,Female,Braga
1305,C001306,52,Male,Coimbra
1306,C001307,60,Other,Coimbra
1307,C001308,64,Other,Braga
1308,C001309,42,Female,Braga
1309,C001310,37,Male,Lisbon
1310,C001311,35,Female,Braga
1311,C001312,50,Male,Coimbra
1312,C001313,24,Female,Lisbon
1313,C001314,32,Male,Coimbra
1314,C001315,55,Male,Faro
1315,C001316,17,Other,Braga
1316,C001317,34,Male,Porto
1317,C001318,66,Female,Faro
1318,C001319,36,Male,Porto
1319,C001320,48,Male,Braga
1320,C001321,69,Other,Coimbra
1321,C001322,69,Other,Coimbra
1322,C001323,61,Other,Faro
1323,C001324,28,Other,Coimbra
1324,C001325,44,Male,Braga
1325,C001326,62,Male,Braga
1326,C001327,44,Female,Coimbra
1327,C001328,55,Female,Braga
1328,C001329,28,Female,Porto
1329,C001330,23,Male,Coimbra
1330,C001331,55,Male,Braga
1331,C001332,39,Female,Faro
1332,C001333,17,Other,Faro
1333,C001334,26,Female,Faro
1334,C001335,23,Female,Coimbra
1335,C001336,39,Male,Porto
1336,C001337,25,Male,Porto
1337,C001338,55,Other,Porto
1338,C001339,59,Female,Braga
1339,C001340,34,Female,Porto
1340,C001341,51,Female,Lisbon
1341,C001342,18,Male,Coimbra
1342,C001343,49,Female,Faro
1343,C001344,30,Female,Porto
1344,C001345,16,Male,Lisbon
1345,C001346,28,Male,Porto
1346,C001347,41,Female,Braga
1347,C001348,48,Female,Braga
1348,C001349,66,Other,Braga
1349,C001350,38,Other,Coimbra
1350,C001351,47,Male,Faro
1351,C001352,44,Other,Faro
1352,C001353,16,Other,Coimbra
1353,C001354,38,Male,Lisbon
1354,C001355,38,Other,Porto
1355,C001356,34,Other,Braga
1356,C001357,49,Male,Porto
1357,C001358,46,Other,Braga
1358,C001359,16,Other,Lisbon
1359,C001360,34,Male,Braga
1360,C001361,60,Other,Coimbra
1361,C001362,57,Female,Lisbon
1362,C001363,66,Male,Lisbon
1363,C001364,22,Female,Braga
1364,C001365,23,Other,Faro
1365,C001366,48,Female,Braga
1366,C001367,49,Male,Faro
1367,C001368,30,Female,Coimbra
1368,C001369,48,Male,Faro
1369,C001370,34,Female,Braga
1370,C001371,29,Male,Faro
1371,C001372,35,Other,Coimbra
1372,C001373,47,Female,Porto
1373,C001374,31,Other,Coimbra
1374,C001375,54,Female,Faro
1375,C001376,41,Male,Coimbra
1376,C001377,41,Female,Faro
1377,C001378,23,Other,Lisbon
1378,C001379,25,Female,Coimbra
1379,C001380,61,Other,Braga
1380,C001381,47,Other,Faro
1381,C001382,69,Female,Porto
1382,C001383,17,Male,Lisbon
1383,C001384,43,Other,Lisbon
1384,C001385,65,Female,Braga
1385,C001386,25,Other,Braga
1386,C001387,58,Male,Lisbon
1387,C001388,42,Male,Faro
1388,C001389,34,Female,Faro
1389,C001390,22,Male,Lisbon
1390,C001391,42,Other,Braga
1391,C001392,65,Other,Porto
1392,C001393,61,Other,Braga
1393,C001394,28,Female,Faro
1394,C001395,64,Other,Faro
1395,C001396,59,Male,Braga
1396,C001397,49,Other,Faro
1397,C001398,68,Female,Porto
1398,C001399,53,Male,Lisbon
1399,C001400,25,Male,Faro
1400,C001401,61,Other,Coimbra
1401,C001402,31,Female,Braga
1402,C001403,65,Female,Lisbon
1403,C001404,30,Female,Faro
1404,C001405,27,Female,Porto
1405,C001406,16,Female,Faro
1406,C001407,23,Male,Braga
1407,C001408,21,Male,Coimbra
1408,C001409,53,Other,Braga
1409,C001410,33,Male,Lisbon
1410,C001411,60,Male,Lisbon
1411,C001412,47,Female,Faro
1412,C001413,60,Other,Faro
1413,C001414,24,Male,Faro
1414,C001415,62,Female,Coimbra
1415,C001416,59,Male,Faro
1416,C001417,28,Female,Braga
1417,C001418,67,Male,Porto
1418,C001419,46,Male,Coimbra
1419,C001420,51,Female,Porto
1420,C001421,29,Male,Faro
1421,C001422,45,Female,Porto
1422,C001423,57,Male,Braga
1423,C001424,57,Female,Braga
1424,C001425,20,Male,Porto
1425,C001426,37,Male,Porto
1426,C001427,40,Female,Faro
1427,C001428,34,Other,Porto
1428,C001429,21,Female,Lisbon
1429,C001430,45,Other,Faro
1430,C001431,26,Other,Coimbra
1431,C001432,38,Female,Lisbon
1432,C001433,66,Male,Braga
1433,C001434,63,Male,Porto
1434,C001435,22,Male,Faro
1435,C001436,49,Male,Faro
1436,C001437,34,Male,Coimbra
1437,C001438,37,Male,Lisbon
1438,C001439,39,Other,Lisbon
1439,C001440,21,Other,Lisbon
1440,C001441,51,Male,Lisbon
1441,C001442,37,Other,Lisbon
1442,C001443,50,Male,Faro
1443,C001444,26,Male,Lisbon
1444,C001445,47,Other,Braga
1445,C001446,31,Female,Braga
1446,C001447,54,Female,Lisbon
1447,C001448,50,Other,Faro
1448,C001449,59,Female,Faro
1449,C001450,39,Male,Porto
1450,C001451,53,Female,Coimbra
1451,C001452,25,Female,Porto
1452,C001453,26,Female,Faro
1453,C001454,67,Other,Braga
1454,C001455,17,Female,Coimbra
1455,C001456,56,Other,Lisbon
1456,C001457,38,Other,Coimbra
1457,C001458,16,Other,Porto
1458,C001459,57,Male,Porto
1459,C001460,55,Other,Lisbon
1460,C001461,36,Other,Porto
1461,C001462,67,Other,Braga
1462,C001463,16,Other,Coimbra
1463,C001464,67,Female,Braga
1464,C001465,58,Female,Porto
1465,C001466,46,Female,Braga
1466,C001467,47,Female,Lisbon
1467,C001468,49,Male,Braga
1468,C001469,50,Female,Coimbra
1469,C001470,67,Other,Coimbra
1470,C001471,20,Female,Faro
1471,C001472,30,Female,Faro
1472,C001473,67,Male,Porto
1473,C001474,67,Other,Braga
1474,C001475,46,Other,Braga
1475,C001476,59,Other,Lisbon
1476,C001477,32,Other,Coimbra
1477,C001478,28,Male,Lisbon
1478,C001479,23,Other,Faro
1479,C001480,50,Female,Lisbon
1480,C001481,18,Other,Braga
1481,C001482,30,Other,Lisbon
1482,C001483,43,Female,Porto
1483,C001484,38,Male,Faro
1484,C001485,22,Male,Porto
1485,C001486,34,Female,Braga
1486,C001487,16,Other,Porto
1487,C001488,67,Female,Lisbon
1488,C001489,60,Other,Coimbra
1489,C001490,38,Male,Coimbra
1490,C001491,38,Other,Faro
1491,C001492,42,Female,Braga
1492,C001493,26,Female,Lisbon
1493,C001494,36,Female,Porto
1494,C001495,50,Other,Porto
1495,C001496,43,Male,Coimbra
1496,C001497,37,Female,Lisbon
1497,C001498,53,Female,Porto
1498,C001499,60,Other,Porto
1499,C001500,31,Female,Faro
1500,C001501,69,Male,Lisbon
1501,C001502,17,Male,Faro
1502,C001503,22,Other,Lisbon
1503,C001504,29,Male,Lisbon
1504,C001505,30,Male,Porto
1505,C001506,64,Male,Porto
1506,C001507,31,Male,Coimbra
1507,C001508,60,Male,Faro
1508,C001509,16,Unknown,Porto
1509,C001510,46,Male,Coimbra
1510,C001511,51,Female,Porto
1511,C001512,36,Female,Braga
1512,C001513,18,Female,Coimbra
1513,C001514,36,Female,Faro
1514,C001515,65,Male,Porto
1515,C001516,52,Male,Braga
1516,C001517,40,Other,Porto
1517,C001518,41,Male,Porto
1518,C001519,18,Male,Lisbon
1519,C001520,68,Male,Braga
1520,C001521,67,Male,Porto
1521,C001522,38,Female,Lisbon
1522,C001523,41,Female,Braga
1523,C001524,34,Female,Lisbon
1524,C001525,45,Male,Braga
1525,C001526,43,Other,Porto
1526,C001527,57,Other,Braga
1527,C001528,23,Male,Porto
1528,C001529,48,Other,Braga
1529,C001530,37,Female,Faro
1530,C001531,40,Male,Lisbon
1531,C001532,31,Other,Porto
1532,C001533,17,Other,Coimbra
1533,C001534,61,Male,Coimbra
1534,C001535,22,Male,Porto
1535,C001536,27,Female,Lisbon
1536,C001537,69,Female,Porto
1537,C001538,26,Male,Braga
1538,C001539,45,Other,Faro
1539,C001540,23,Female,Lisbon
1540,C001541,27,Female,Lisbon
1541,C001542,27,Female,Porto
1542,C001543,25,Male,Lisbon
1543,C001544,32,Other,Lisbon
1544,C001545,29,Other,Coimbra
1545,C001546,58,Female,Braga
1546,C001547,19,Other,Braga
1547,C001548,32,Male,Faro
1548,C001549,43,Male,Braga
1549,C001550,69,Other,Porto
1550,C001551,17,Female,Braga
1551,C001552,34,Male,Coimbra
1552,C001553,35,Male,Lisbon
1553,C001554,20,Male,Braga
1554,C001555,47,Other,Braga
1555,C001556,34,Female,Coimbra
1556,C001557,42,Male,Porto
1557,C001558,26,Male,Coimbra
1558,C001559,51,Male,Coimbra
1559,C001560,65,Female,Faro
1560,C001561,29,Other,Braga
1561,C001562,46,Other,Porto
1562,C001563,29,Female,Faro
1563,C001564,42,Other,Lisbon
1564,C001565,54,Male,Porto
1565,C001566,55,Other,Braga
1566,C001567,17,Female,Porto
1567,C001568,59,Female,Braga
1568,C001569,30,Female,Lisbon
1569,C001570,50,Other,Faro
1570,C001571,42,Unknown,Braga
1571,C001572,36,Female,Coimbra
1572,C001573,55,Other,Braga
1573,C001574,45,Male,Porto
1574,C001575,69,Male,Faro
1575,C001576,53,Female,Lisbon
1576,C001577,42,Male,Lisbon
1577,C001578,50,Other,Lisbon
1578,C001579,30,Female,Braga
1579,C001580,61,Female,Braga
1580,C001581,18,Male,Faro
1581,C001582,53,Male,Braga
1582,C001583,29,Male,Porto
1583,C001584,57,Female,Faro
1584,C001585,66,Female,Porto
1585,C001586,64,Male,Lisbon
1586,C001587,30,Male,Lisbon
1587,C001588,44,Male,Porto
1588,C001589,18,Male,Lisbon
1589,C001590,42,Male,Faro
1590,C001591,35,Male,Lisbon
1591,C001592,26,Other,Lisbon
1592,C001593,47,Other,Braga
1593,C001594,68,Other,Lisbon
1594,C001595,57,Female,Porto
1595,C001596,48,Female,Porto
1596,C001597,29,Male,Coimbra
1597,C001598,43,Male,Faro
1598,C001599,37,Other,Faro
1599,C001600,26,Female,Coimbra
1600,C001601,62,Other,Lisbon
1601,C001602,50,Male,Coimbra
1602,C001603,47,Other,Faro
1603,C001604,50,Female,Coimbra
1604,C001605,42,Other,Porto
1605,C001606,49,Female,Porto
1606,C001607,47,Male,Faro
1607,C001608,21,Male,Lisbon
1608,C001609,60,Female,Coimbra
1609,C001610,60,Male,Lisbon
1610,C001611,25,Other,Faro
1611,C001612,30,Female,Faro
1612,C001613,16,Female,Porto
1613,C001614,34,Male,Braga
1614,C001615,20,Female,Coimbra
1615,C001616,39,Male,Coimbra
1616,C001617,65,Other,Faro
1617,C001618,66,Male,Coimbra
1618,C001619,53,Other,Lisbon
1619,C001620,22,Other,Faro
1620,C001621,18,Other,Braga
1621,C001622,48,Male,Braga
1622,C001623,44,Male,Coimbra
1623,C001624,38,Other,Faro
1624,C001625,59,Other,Faro
1625,C001626,20,Female,Lisbon
1626,C001627,41,Female,Coimbra
1627,C001628,29,Other,Lisbon
1628,C001629,53,Other,Faro
1629,C001630,18,Male,Lisbon
1630,C001631,50,Female,Braga
1631,C001632,27,Female,Coimbra
1632,C001633,64,Male,Faro
1633,C001634,26,Other,Lisbon
1634,C001635,39,Female,Faro
1635,C001636,21,Female,Faro
1636,C001637,53,Female,Faro
1637,C001638,53,Female,Lisbon
1638,C001639,28,Other,Braga
1639,C001640,45,Other,Faro
1640,C001641,25,Female,Coimbra
1641,C001642,31,Other,Coimbra
1642,C001643,40,Unknown,Faro
1643,C001644,56,Other,Faro
1644,C001645,58,Female,Faro
1645,C001646,32,Other,Coimbra
1646,C001647,45,Other,Coimbra
1647,C001648,43,Male,Porto
1648,C001649,27,Other,Porto
1649,C001650,25,Other,Coimbra
1650,C001651,43,Male,Braga
1651,C001652,38,Other,Coimbra
1652,C001653,19,Female,Braga
1653,C001654,22,Other,Faro
1654,C001655,26,Other,Coimbra
1655,C001656,65,Female,Porto
1656,C001657,65,Other,Lisbon
1657,C001658,58,Other,Porto
1658,C001659,53,Other,Faro
1659,C001660,17,Other,Porto
1660,C001661,57,Other,Lisbon
1661,C001662,60,Female,Faro
1662,C001663,16,Male,Porto
1663,C001664,19,Male,Lisbon
1664,C001665,32,Other,Lisbon
1665,C001666,38,Female,Porto
1666,C001667,29,Other,Porto
1667,C001668,28,Male,Lisbon
1668,C001669,57,Other,Faro
1669,C001670,44,Male,Faro
1670,C001671,65,Male,Braga
1671,C001672,65,Female,Coimbra
1672,C001673,26,Other,Lisbon
1673,C001674,66,Female,Porto
1674,C001675,64,Other,Faro
1675,C001676,24,Female,Lisbon
1676,C001677,55,Male,Braga
1677,C001678,34,Male,Lisbon
1678,C001679,65,Male,Lisbon
1679,C001680,49,Male,Braga
1680,C001681,28,Female,Porto
1681,C001682,25,Male,Coimbra
1682,C001683,36,Male,Lisbon
1683,C001684,63,Other,Braga
1684,C001685,51,Male,Faro
1685,C001686,22,Other,Lisbon
1686,C001687,28,Male,Braga
1687,C001688,27,Male,Faro
1688,C001689,23,Male,Faro
1689,C001690,56,Male,Porto
1690,C001691,31,Male,Coimbra
1691,C001692,52,Female,Lisbon
1692,C001693,40,Other,Coimbra
1693,C001694,24,Male,Coimbra
1694,C001695,16,Other,Braga
1695,C001696,41,Female,Faro
1696,C001697,21,Other,Faro
1697,C001698,51,Other,Lisbon
1698,C001699,54,Other,Braga
1699,C001700,48,Female,Lisbon
1700,C001701,24,Male,Braga
1701,C001702,62,Female,Porto
1702,C001703,51,Female,Braga
1703,C001704,67,Female,Faro
1704,C001705,54,Male,Faro
1705,C001706,56,Other,Braga
1706,C001707,63,Other,Lisbon
1707,C001708,22,Female,Coimbra
1708,C001709,21,Female,Porto
1709,C001710,29,Other,Lisbon
1710,C001711,28,Female,Faro
1711,C001712,19,Other,Lisbon
1712,C001713,30,Male,Faro
1713,C001714,24,Female,Braga
1714,C001715,68,Other,Coimbra
1715,C001716,32,Male,Porto
1716,C001717,42,Male,Coimbra
1717,C001718,27,Female,Coimbra
1718,C001719,56,Female,Faro
1719,C001720,22,Other,Coimbra
1720,C001721,21,Male,Faro
1721,C001722,69,Other,Coimbra
1722,C001723,22,Female,Braga
1723,C001724,47,Male,Porto
1724,C001725,55,Female,Faro
1725,C001726,64,Female,Braga
1726,C001727,53,Male,Faro
1727,C001728,17,Female,Faro
1728,C001729,59,Male,Porto
1729,C001730,22,Male,Braga
1730,C001731,21,Female,Coimbra
1731,C001732,57,Other,Coimbra
1732,C001733,48,Female,Porto
1733,C001734,22,Male,Faro
1734,C001735,27,Female,Lisbon
1735,C001736,40,Other,Faro
1736,C001737,19,Male,Coimbra
1737,C001738,66,Other,Lisbon
1738,C001739,40,Other,Faro
1739,C001740,20,Female,Porto
1740,C001741,26,Female,Lisbon
1741,C001742,43,Other,Braga
1742,C001743,29,Female,Porto
1743,C001744,27,Male,Coimbra
1744,C001745,67,Female,Braga
1745,C001746,45,Female,Lisbon
1746,C001747,49,Other,Coimbra
1747,C001748,23,Male,Lisbon
1748,C001749,39,Other,Faro
1749,C001750,58,Other,Porto
1750,C001751,48,Male,Coimbra
1751,C001752,57,Female,Lisbon
1752,C001753,53,Other,Braga
1753,C001754,46,Male,Lisbon
1754,C001755,68,Male,Faro
1755,C001756,23,Other,Faro
1756,C001757,19,Female,Braga
1757,C001758,34,Female,Faro
1758,C001759,45,Female,Porto
1759,C001760,39,Other,Faro
1760,C001761,62,Male,Coimbra
1761,C001762,42,Female,Porto
1762,C001763,34,Other,Faro
1763,C001764,26,Female,Porto
1764,C001765,49,Other,Braga
1765,C001766,21,Male,Faro
1766,C001767,22,Male,Braga
1767,C001768,60,Male,Faro
1768,C001769,68,Male,Braga
1769,C001770,22,Female,Faro
1770,C001771,21,Other,Lisbon
1771,C001772,24,Male,Faro
1772,C001773,18,Female,Porto
1773,C001774,26,Other,Faro
1774,C001775,68,Male,Coimbra
1775,C001776,18,Female,Coimbra
1776,C001777,23,Female,Lisbon
1777,C001778,44,Other,Braga
1778,C001779,57,Other,Coimbra
1779,C001780,56,Female,Porto
1780,C001781,58,Other,Faro
1781,C001782,50,Male,Faro
1782,C001783,25,Other,Coimbra
1783,C001784,42,Male,Braga
1784,C001785,25,Male,Coimbra
1785,C001786,20,Other,Braga
1786,C001787,34,Female,Coimbra
1787,C001788,48,Other,Lisbon
1788,C001789,33,Female,Lisbon
1789,C001790,36,Other,Porto
1790,C001791,20,Male,Faro
1791,C001792,27,Male,Porto
1792,C001793,69,Other,Porto
1793,C001794,27,Female,Lisbon
1794,C001795,42,Female,Coimbra
1795,C001796,59,Female,Porto
1796,C001797,19,Male,Lisbon
1797,C001798,62,Female,Lisbon
1798,C001799,59,Male,Coimbra
1799,C001800,58,Other,Braga
1800,C001801,52,Other,Lisbon
1801,C001802,22,Female,Lisbon
1802,C001803,64,Male,Braga
1803,C001804,45,Male,Lisbon
1804,C001805,49,Other,Coimbra
1805,C001806,61,Male,Coimbra
1806,C001807,53,Other,Braga
1807,C001808,48,Other,Faro
1808,C001809,66,Female,Braga
1809,C001810,20,Other,Coimbra
1810,C001811,39,Male,Braga
1811,C001812,29,Other,Faro
1812,C001813,58,Female,Lisbon
1813,C001814,36,Male,Braga
1814,C001815,28,Other,Porto
1815,C001816,47,Female,Faro
1816,C001817,39,Other,Faro
1817,C001818,61,Other,Braga
1818,C001819,47,Other,Faro
1819,C001820,23,Male,Coimbra
1820,C001821,31,Male,Braga
1821,C001822,18,Male,Porto
1822,C001823,68,Other,Porto
1823,C001824,45,Male,Coimbra
1824,C001825,51,Other,Lisbon
1825,C001826,61,Female,Lisbon
1826,C001827,18,Other,Faro
1827,C001828,28,Other,Lisbon
1828,C001829,58,Other,Lisbon
1829,C001830,56,Female,Porto
1830,C001831,30,Other,Faro
1831,C001832,37,Other,Lisbon
1832,C001833,38,Female,Faro
1833,C001834,49,Male,Braga
1834,C001835,40,Male,Porto
1835,C001836,47,Other,Porto
1836,C001837,69,Other,Braga
1837,C001838,61,Female,Lisbon
1838,C001839,69,Male,Braga
1839,C001840,39,Male,Coimbra
1840,C001841,60,Female,Faro
1841,C001842,54,Female,Braga
1842,C001843,28,Other,Coimbra
1843,C001844,57,Other,Faro
1844,C001845,64,Female,Lisbon
1845,C001846,25,Female,Coimbra
1846,C001847,45,Male,Braga
1847,C001848,37,Male,Faro
1848,C001849,28,Male,Braga
1849,C001850,60,Male,Lisbon
1850,C001851,57,Female,Faro
1851,C001852,20,Unknown,Coimbra
1852,C001853,55,Other,Braga
1853,C001854,52,Male,Faro
1854,C001855,30,Male,Faro
1855,C001856,53,Female,Porto
1856,C001857,31,Male,Coimbra
1857,C001858,61,Female,Coimbra
1858,C001859,22,Other,Coimbra
1859,C001860,62,Male,Porto
1860,C001861,40,Male,Porto
1861,C001862,20,Male,Faro
1862,C001863,37,Other,Coimbra
1863,C001864,30,Other,Lisbon
1864,C001865,56,Other,Braga
1865,C001866,47,Other,Coimbra
1866,C001867,65,Male,Coimbra
1867,C001868,45,Other,Coimbra
1868,C001869,67,Female,Porto
1869,C001870,62,Female,Porto
1870,C001871,60,Other,Porto
1871,C001872,43,Other,Porto
1872,C001873,67,Male,Porto
1873,C001874,41,Other,Coimbra
1874,C001875,58,Male,Lisbon
1875,C001876,64,Male,Porto
1876,C001877,51,Other,Porto
1877,C001878,33,Other,Coimbra
1878,C001879,23,Other,Braga
1879,C001880,62,Male,Braga
1880,C001881,31,Other,Lisbon
1881,C001882,33,Female,Lisbon
1882,C001883,26,Male,Porto
1883,C001884,39,Female,Lisbon
1884,C001885,53,Female,Lisbon
1885,C001886,21,Male,Faro
1886,C001887,34,Female,Porto
1887,C001888,49,Male,Braga
1888,C001889,41,Female,Braga
1889,C001890,27,Female,Faro
1890,C001891,65,Male,Braga
1891,C001892,42,Female,Coimbra
1892,C001893,21,Other,Lisbon
1893,C001894,60,Male,Braga
1894,C001895,59,Male,Braga
1895,C001896,62,Male,Porto
1896,C001897,32,Male,Coimbra
1897,C001898,69,Other,Coimbra
1898,C001899,46,Other,Braga
1899,C001900,19,Female,Braga
1900,C001901,69,Other,Braga
1901,C001902,56,Other,Braga
1902,C001903,29,Other,Porto
1903,C001904,31,Female,Faro
1904,C001905,66,Male,Coimbra
1905,C001906,43,Other,Lisbon
1906,C001907,46,Other,Coimbra
1907,C001908,16,Other,Coimbra
1908,C001909,66,Male,Braga
1909,C001910,27,Male,Coimbra
1910,C001911,21,Female,Porto
1911,C001912,51,Other,Lisbon
1912,C001913,61,Female,Braga
1913,C001914,60,Other,Lisbon
1914,C001915,22,Male,Porto
1915,C001916,50,Female,Braga
1916,C001917,16,Other,Faro
1917,C001918,26,Other,Faro
1918,C001919,26,Female,Braga
1919,C001920,61,Female,Lisbon
1920,C001921,33,Other,Braga
1921,C001922,27,Female,Porto
1922,C001923,37,Male,Lisbon
1923,C001924,62,Female,Coimbra
1924,C001925,25,Unknown,Braga
1925,C001926,57,Other,Faro
1926,C001927,47,Male,Faro
1927,C001928,55,Female,Faro
1928,C001929,27,Male,Coimbra
1929,C001930,54,Female,Coimbra
1930,C001931,26,Other,Faro
1931,C001932,44,Female,Lisbon
1932,C001933,60,Female,Faro
1933,C001934,42,Female,Porto
1934,C001935,29,Male,Coimbra
1935,C001936,57,Other,Faro
1936,C001937,48,Male,Braga
1937,C001938,40,Female,Braga
1938,C001939,38,Other,Coimbra
1939,C001940,32,Other,Faro
1940,C001941,22,Female,Coimbra
1941,C001942,16,Female,Braga
1942,C001943,39,Female,Faro
1943,C001944,58,Female,Faro
1944,C001945,66,Other,Faro
1945,C001946,53,Male,Coimbra
1946,C001947,19,Female,Faro
1947,C001948,47,Female,Coimbra
1948,C001949,65,Other,Faro
1949,C001950,29,Female,Faro
1950,C001951,56,Female,Coimbra
1951,C001952,39,Other,Coimbra
1952,C001953,22,Other,Coimbra
1953,C001954,18,Male,Braga
1954,C001955,20,Female,Faro
1955,C001956,17,Male,Braga
1956,C001957,38,Female,Braga
1957,C001958,57,Other,Porto
1958,C001959,62,Female,Porto
1959,C001960,46,Female,Coimbra
1960,C001961,44,Male,Braga
1961,C001962,40,Unknown,Lisbon
1962,C001963,54,Other,Coimbra
1963,C001964,44,Male,Coimbra
1964,C001965,17,Female,Porto
1965,C001966,58,Male,Braga
1966,C001967,59,Other,Porto
1967,C001968,54,Male,Braga
1968,C001969,53,Male,Lisbon
1969,C001970,37,Female,Porto
1970,C001971,46,Female,Coimbra
1971,C001972,32,Female,Lisbon
1972,C001973,61,Male,Faro
1973,C001974,35,Male,Porto
1974,C001975,57,Male,Faro
1975,C001976,52,Female,Coimbra
1976,C001977,48,Female,Porto
1977,C001978,68,Other,Coimbra
1978,C001979,43,Other,Braga
1979,C001980,49,Female,Coimbra
1980,C001981,21,Other,Braga
1981,C001982,34,Female,Lisbon
1982,C001983,65,Other,Lisbon
1983,C001984,63,Male,Coimbra
1984,C001985,32,Other,Lisbon
1985,C001986,28,Female,Coimbra
1986,C001987,27,Female,Porto
1987,C001988,58,Other,Porto
1988,C001989,26,Male,Lisbon
1989,C001990,49,Other,Braga
1990,C001991,39,Male,Braga
1991,C001992,33,Male,Lisbon
1992,C001993,37,Male,Faro
1993,C001994,58,Male,Coimbra
1994,C001995,59,Male,Faro
1995,C001996,58,Other,Coimbra
1996,C001997,20,Male,Braga
1997,C001998,67,Female,Coimbra
1998,C001999,66,Other,Faro
1999,C002000,26,Other,Lisbon
2000,C002001,31,Female,Porto
2001,C002002,56,Male,Coimbra
2002,C002003,44,Female,Faro
2003,C002004,42,Other,Braga
2004,C002005,52,Female,Lisbon
2005,C002006,52,Other,Porto
2006,C002007,20,Female,Faro
2007,C002008,46,Female,Lisbon
2008,C002009,22,Other,Coimbra
2009,C002010,30,Other,Coimbra
2010,C002011,62,Unknown,Porto
2011,C002012,29,Other,Faro
2012,C002013,57,Female,Porto
2013,C002014,43,Other,Porto
2014,C002015,43,Male,Braga
2015,C002016,17,Other,Faro
2016,C002017,64,Other,Faro
2017,C002018,37,Other,Braga
2018,C002019,58,Female,Lisbon
2019,C002020,16,Female,Lisbon
2020,C002021,61,Other,Faro
2021,C002022,59,Female,Faro
2022,C002023,63,Female,Coimbra
2023,C002024,28,Female,Porto
2024,C002025,20,Other,Lisbon
2025,C002026,57,Other,Lisbon
2026,C002027,59,Male,Faro
2027,C002028,64,Female,Faro
2028,C002029,34,Male,Braga
2029,C002030,56,Male,Lisbon
2030,C002031,58,Other,Braga
2031,C002032,52,Female,Porto
2032,C002033,45,Unknown,Lisbon
2033,C002034,65,Other,Lisbon
2034,C002035,21,Other,Faro
2035,C002036,38,Other,Braga
2036,C002037,22,Other,Braga
2037,C002038,45,Other,Braga
2038,C002039,60,Female,Braga
2039,C002040,46,Female,Lisbon
2040,C002041,58,Female,Faro
2041,C002042,19,Female,Porto
2042,C002043,42,Male,Lisbon
2043,C002044,20,Female,Braga
2044,C002045,45,Male,Braga
2045,C002046,25,Male,Braga
2046,C002047,26,Female,Coimbra
2047,C002048,20,Other,Faro
2048,C002049,23,Female,Coimbra
2049,C002050,38,Female,Braga
2050,C002051,38,Male,Faro
2051,C002052,35,Other,Faro
2052,C002053,54,Male,Porto
2053,C002054,35,Male,Faro
2054,C002055,46,Female,Faro
2055,C002056,22,Other,Faro
2056,C002057,28,Male,Braga
2057,C002058,40,Other,Porto
2058,C002059,35,Female,Coimbra
2059,C002060,28,Other,Lisbon
2060,C002061,52,Male,Faro
2061,C002062,28,Male,Faro
2062,C002063,66,Other,Lisbon
2063,C002064,52,Other,Lisbon
2064,C002065,58,Male,Braga
2065,C002066,40,Male,Faro
2066,C002067,66,Female,Faro
2067,C002068,55,Other,Porto
2068,C002069,61,Other,Coimbra
2069,C002070,62,Female,Braga
2070,C002071,38,Female,Faro
2071,C002072,40,Male,Coimbra
2072,C002073,25,Male,Faro
2073,C002074,37,Male,Coimbra
2074,C002075,21,Female,Lisbon
2075,C002076,28,Male,Lisbon
2076,C002077,29,Male,Lisbon
2077,C002078,44,Other,Coimbra
2078,C002079,56,Female,Porto
2079,C002080,25,Other,Coimbra
2080,C002081,16,Male,Faro
2081,C002082,60,Male,Coimbra
2082,C002083,29,Female,Faro
2083,C002084,66,Other,Porto
2084,C002085,17,Male,Braga
2085,C002086,38,Other,Faro
2086,C002087,53,Male,Porto
2087,C002088,19,Other,Coimbra
2088,C002089,69,Male,Faro
2089,C002090,42,Other,Braga
2090,C002091,47,Male,Lisbon
2091,C002092,24,Other,Braga
2092,C002093,58,Female,Lisbon
2093,C002094,45,Other,Braga
2094,C002095,56,Female,Porto
2095,C002096,64,Male,Lisbon
2096,C002097,55,Other,Faro
2097,C002098,17,Female,Porto
2098,C002099,63,Other,Faro
2099,C002100,48,Male,Coimbra
2100,C002101,44,Male,Coimbra
2101,C002102,52,Female,Faro
2102,C002103,46,Other,Porto
2103,C002104,28,Male,Lisbon
2104,C002105,41,Male,Faro
2105,C002106,26,Female,Faro
2106,C002107,32,Female,Braga
2107,C002108,62,Other,Braga
2108,C002109,51,Female,Lisbon
2109,C002110,50,Other,Lisbon
2110,C002111,46,Other,Porto
2111,C002112,35,Other,Lisbon
2112,C002113,17,Female,Faro
2113,C002114,53,Male,Faro
2114,C002115,69,Male,Lisbon
2115,C002116,16,Female,Porto
2116,C002117,27,Female,Lisbon
2117,C002118,38,Male,Lisbon
2118,C002119,39,Male,Lisbon
2119,C002120,45,Other,Faro
2120,C002121,50,Other,Lisbon
2121,C002122,64,Female,Lisbon
2122,C002123,68,Male,Coimbra
2123,C002124,54,Male,Lisbon
2124,C002125,48,Male,Porto
2125,C002126,52,Female,Lisbon
2126,C002127,18,Other,Faro
2127,C002128,17,Other,Coimbra
2128,C002129,23,Female,Coimbra
2129,C002130,20,Other,Porto
2130,C002131,59,Male,Braga
2131,C002132,23,Male,Porto
2132,C002133,37,Other,Coimbra
2133,C002134,20,Other,Lisbon
2134,C002135,51,Male,Porto
2135,C002136,17,Male,Coimbra
2136,C002137,61,Male,Faro
2137,C002138,23,Female,Lisbon
2138,C002139,28,Other,Coimbra
2139,C002140,59,Female,Faro
2140,C002141,68,Other,Coimbra
2141,C002142,28,Female,Faro
2142,C002143,66,Other,Braga
2143,C002144,41,Other,Faro
2144,C002145,17,Male,Faro
2145,C002146,28,Other,Braga
2146,C002147,67,Other,Faro
2147,C002148,47,Other,Coimbra
2148,C002149,37,Male,Faro
2149,C002150,68,Other,Porto
2150,C002151,19,Male,Porto
2151,C002152,61,Other,Coimbra
2152,C002153,62,Other,Braga
2153,C002154,62,Other,Faro
2154,C002155,53,Other,Braga
2155,C002156,16,Male,Coimbra
2156,C002157,57,Other,Porto
2157,C002158,18,Other,Porto
2158,C002159,49,Male,Faro
2159,C002160,26,Female,Lisbon
2160,C002161,21,Male,Faro
2161,C002162,32,Female,Faro
2162,C002163,66,Male,Lisbon
2163,C002164,34,Female,Faro
2164,C002165,21,Other,Coimbra
2165,C002166,25,Other,Faro
2166,C002167,25,Male,Coimbra
2167,C002168,69,Other,Porto
2168,C002169,25,Female,Faro
2169,C002170,48,Male,Coimbra
2170,C002171,62,Other,Coimbra
2171,C002172,17,Other,Faro
2172,C002173,34,Female,Coimbra
2173,C002174,33,Female,Porto
2174,C002175,42,Male,Coimbra
2175,C002176,52,Other,Coimbra
2176,C002177,23,Female,Porto
2177,C002178,21,Other,Faro
2178,C002179,30,Other,Braga
2179,C002180,22,Other,Braga
2180,C002181,32,Male,Faro
2181,C002182,38,Male,Faro
2182,C002183,44,Female,Braga
2183,C002184,46,Male,Lisbon
2184,C002185,29,Female,Braga
2185,C002186,29,Other,Porto
2186,C002187,58,Male,Coimbra
2187,C002188,43,Female,Braga
2188,C002189,18,Male,Lisbon
2189,C002190,25,Female,Lisbon
2190,C002191,50,Male,Lisbon
2191,C002192,39,Female,Coimbra
2192,C002193,24,Female,Coimbra
2193,C002194,42,Other,Lisbon
2194,C002195,17,Female,Porto
2195,C002196,52,Male,Coimbra
2196,C002197,54,Other,Braga
2197,C002198,34,Other,Lisbon
2198,C002199,30,Male,Faro
2199,C002200,59,Female,Coimbra
2200,C002201,25,Female,Coimbra
2201,C002202,48,Male,Porto
2202,C002203,43,Female,Coimbra
2203,C002204,44,Female,Porto
2204,C002205,26,Male,Coimbra
2205,C002206,61,Female,Lisbon
2206,C002207,33,Female,Porto
2207,C002208,43,Male,Faro
2208,C002209,33,Male,Braga
2209,C002210,40,Female,Coimbra
2210,C002211,56,Female,Porto
2211,C002212,29,Female,Porto
2212,C002213,24,Other,Porto
2213,C002214,39,Male,Faro
2214,C002215,35,Female,Porto
2215,C002216,48,Male,Lisbon
2216,C002217,61,Other,Porto
2217,C002218,28,Male,Lisbon
2218,C002219,28,Female,Lisbon
2219,C002220,63,Other,Coimbra
2220,C002221,31,Female,Braga
2221,C002222,19,Other,Lisbon
2222,C002223,35,Other,Lisbon
2223,C002224,22,Other,Coimbra
2224,C002225,54,Male,Braga
2225,C002226,46,Female,Faro
2226,C002227,57,Other,Coimbra
2227,C002228,36,Male,Faro
2228,C002229,63,Male,Porto
2229,C002230,43,Other,Lisbon
2230,C002231,48,Female,Lisbon
2231,C002232,25,Male,Coimbra
2232,C002233,38,Other,Porto
2233,C002234,25,Male,Faro
2234,C002235,24,Male,Faro
2235,C002236,43,Female,Faro
2236,C002237,27,Other,Coimbra
2237,C002238,18,Male,Faro
2238,C002239,54,Other,Faro
2239,C002240,39,Female,Coimbra
2240,C002241,16,Other,Braga
2241,C002242,49,Other,Faro
2242,C002243,37,Other,Porto
2243,C002244,47,Female,Porto
2244,C002245,16,Female,Coimbra
2245,C002246,45,Male,Faro
2246,C002247,27,Female,Faro
2247,C002248,36,Other,Lisbon
2248,C002249,38,Other,Braga
2249,C002250,45,Male,Lisbon
2250,C002251,45,Male,Faro
2251,C002252,20,Male,Porto
2252,C002253,23,Female,Coimbra
2253,C002254,48,Female,Braga
2254,C002255,21,Male,Lisbon
2255,C002256,20,Other,Faro
2256,C002257,61,Other,Lisbon
2257,C002258,33,Other,Braga
2258,C002259,25,Female,Coimbra
2259,C002260,26,Male,Braga
2260,C002261,36,Other,Faro
2261,C002262,34,Male,Coimbra
2262,C002263,43,Other,Braga
2263,C002264,51,Female,Faro
2264,C002265,43,Male,Porto
2265,C002266,63,Male,Braga
2266,C002267,21,Male,Lisbon
2267,C002268,58,Other,Coimbra
2268,C002269,41,Female,Faro
2269,C002270,50,Other,Braga
2270,C002271,44,Male,Lisbon
2271,C002272,63,Male,Coimbra
2272,C002273,43,Other,Coimbra
2273,C002274,61,Male,Braga
2274,C002275,65,Female,Braga
2275,C002276,16,Other,Porto
2276,C002277,52,Male,Lisbon
2277,C002278,57,Female,Faro
2278,C002279,19,Other,Porto
2279,C002280,43,Male,Faro
2280,C002281,18,Male,Lisbon
2281,C002282,25,Male,Braga
2282,C002283,68,Other,Coimbra
2283,C002284,28,Male,Faro
2284,C002285,66,Female,Lisbon
2285,C002286,57,Other,Porto
2286,C002287,56,Male,Faro
2287,C002288,28,Female,Faro
2288,C002289,18,Female,Lisbon
2289,C002290,39,Male,Lisbon
2290,C002291,61,Female,Porto
2291,C002292,41,Male,Braga
2292,C002293,52,Female,Lisbon
2293,C002294,56,Male,Lisbon
2294,C002295,61,Male,Faro
2295,C002296,34,Other,Lisbon
2296,C002297,64,Male,Braga
2297,C002298,67,Male,Porto
2298,C002299,68,Other,Coimbra
2299,C002300,61,Male,Braga
2300,C002301,52,Other,Faro
2301,C002302,50,Male,Coimbra
2302,C002303,50,Female,Faro
2303,C002304,25,Male,Faro
2304,C002305,20,Other,Porto
2305,C002306,34,Other,Braga
2306,C002307,17,Male,Coimbra
2307,C002308,41,Male,Faro
2308,C002309,32,Female,Porto
2309,C002310,41,Male,Lisbon
2310,C002311,46,Other,Porto
2311,C002312,61,Male,Lisbon
2312,C002313,55,Female,Braga
2313,C002314,60,Female,Braga
2314,C002315,51,Male,Porto
2315,C002316,61,Female,Faro
2316,C002317,54,Other,Faro
2317,C002318,38,Female,Braga
2318,C002319,53,Male,Coimbra
2319,C002320,28,Unknown,Lisbon
2320,C002321,53,Male,Porto
2321,C002322,65,Other,Coimbra
2322,C002323,36,Male,Braga
2323,C002324,34,Female,Lisbon
2324,C002325,54,Male,Lisbon
2325,C002326,64,Other,Porto
2326,C002327,26,Female,Braga
2327,C002328,54,Other,Braga
2328,C002329,46,Female,Braga
2329,C002330,41,Female,Faro
2330,C002331,30,Other,Coimbra
2331,C002332,23,Female,Porto
2332,C002333,62,Other,Braga
2333,C002334,59,Other,Porto
2334,C002335,26,Female,Braga
2335,C002336,54,Female,Porto
2336,C002337,64,Female,Coimbra
2337,C002338,41,Female,Coimbra
2338,C002339,51,Female,Coimbra
2339,C002340,21,Other,Porto
2340,C002341,22,Male,Coimbra
2341,C002342,59,Female,Coimbra
2342,C002343,19,Other,Coimbra
2343,C002344,35,Female,Faro
2344,C002345,38,Male,Lisbon
2345,C002346,43,Male,Porto
2346,C002347,53,Female,Coimbra
2347,C002348,16,Female,Coimbra
2348,C002349,18,Male,Braga
2349,C002350,37,Female,Porto
2350,C002351,28,Male,Lisbon
2351,C002352,69,Male,Braga
2352,C002353,18,Other,Faro
2353,C002354,26,Male,Braga
2354,C002355,45,Other,Faro
2355,C002356,32,Other,Lisbon
2356,C002357,22,Other,Coimbra
2357,C002358,51,Female,Porto
2358,C002359,28,Male,Lisbon
2359,C002360,35,Female,Faro
2360,C002361,57,Male,Braga
2361,C002362,21,Male,Coimbra
2362,C002363,55,Other,Faro
2363,C002364,27,Female,Braga
2364,C002365,16,Female,Porto
2365,C002366,64,Male,Porto
2366,C002367,53,Other,Lisbon
2367,C002368,19,Male,Porto
2368,C002369,52,Female,Lisbon
2369,C002370,30,Male,Braga
2370,C002371,59,Female,Lisbon
2371,C002372,38,Other,Braga
2372,C002373,25,Other,Braga
2373,C002374,33,Male,Faro
2374,C002375,27,Male,Lisbon
2375,C002376,48,Male,Porto
2376,C002377,46,Male,Faro
2377,C002378,51,Other,Braga
2378,C002379,41,Other,Porto
2379,C002380,21,Male,Faro
2380,C002381,35,Female,Braga
2381,C002382,35,Female,Lisbon
2382,C002383,39,Female,Lisbon
2383,C002384,21,Male,Coimbra
2384,C002385,28,Male,Braga
2385,C002386,43,Male,Faro
2386,C002387,48,Female,Braga
2387,C002388,62,Male,Braga
2388,C002389,56,Male,Porto
2389,C002390,18,Male,Faro
2390,C002391,35,Female,Coimbra
2391,C002392,19,Other,Lisbon
2392,C002393,53,Other,Porto
2393,C002394,58,Female,Coimbra
2394,C002395,64,Female,Faro
2395,C002396,53,Female,Lisbon
2396,C002397,66,Male,Porto
2397,C002398,60,Male,Porto
2398,C002399,48,Other,Porto
2399,C002400,19,Other,Braga
2400,C002401,23,Male,Coimbra
2401,C002402,46,Male,Faro
2402,C002403,24,Male,Coimbra
2403,C002404,69,Female,Lisbon
2404,C002405,51,Other,Lisbon
2405,C002406,27,Female,Faro
2406,C002407,34,Male,Braga
2407,C002408,36,Female,Braga
2408,C002409,60,Female,Lisbon
2409,C002410,29,Female,Faro
2410,C002411,66,Male,Porto
2411,C002412,35,Male,Faro
2412,C002413,60,Male,Coimbra
2413,C002414,54,Other,Lisbon
2414,C002415,41,Female,Braga
2415,C002416,24,Other,Coimbra
2416,C002417,18,Male,Braga
2417,C002418,27,Female,Porto
2418,C002419,35,Male,Porto
2419,C002420,24,Female,Faro
2420,C002421,33,Female,Coimbra
2421,C002422,61,Female,Faro
2422,C002423,48,Other,Faro
2423,C002424,29,Male,Coimbra
2424,C002425,64,Female,Coimbra
2425,C002426,59,Female,Coimbra
2426,C002427,47,Other,Faro
2427,C002428,53,Other,Lisbon
2428,C002429,41,Male,Porto
2429,C002430,66,Female,Porto
2430,C002431,28,Male,Faro
2431,C002432,16,Male,Coimbra
2432,C002433,31,Male,Porto
2433,C002434,26,Other,Braga
2434,C002435,22,Other,Braga
2435,C002436,57,Female,Lisbon
2436,C002437,31,Male,Lisbon
2437,C002438,33,Male,Porto
2438,C002439,43,Male,Coimbra
2439,C002440,17,Female,Braga
2440,C002441,62,Female,Lisbon
2441,C002442,60,Female,Lisbon
2442,C002443,28,Other,Faro
2443,C002444,26,Male,Faro
2444,C002445,40,Female,Lisbon
2445,C002446,36,Female,Lisbon
2446,C002447,42,Female,Faro
2447,C002448,18,Female,Porto
2448,C002449,28,Male,Coimbra
2449,C002450,20,Female,Lisbon
2450,C002451,28,Male,Porto
2451,C002452,65,Female,Faro
2452,C002453,59,Other,Porto
2453,C002454,65,Male,Coimbra
2454,C002455,42,Other,Braga
2455,C002456,47,Other,Lisbon
2456,C002457,37,Female,Porto
2457,C002458,40,Male,Coimbra
2458,C002459,48,Female,Braga
2459,C002460,22,Male,Porto
2460,C002461,66,Male,Lisbon
2461,C002462,67,Male,Lisbon
2462,C002463,62,Female,Coimbra
2463,C002464,56,Male,Porto
2464,C002465,52,Male,Porto
2465,C002466,64,Other,Coimbra
2466,C002467,16,Male,Faro
2467,C002468,53,Male,Lisbon
2468,C002469,68,Female,Coimbra
2469,C002470,69,Other,Faro
2470,C002471,20,Female,Porto
2471,C002472,38,Male,Lisbon
2472,C002473,57,Other,Lisbon
2473,C002474,67,Male,Lisbon
2474,C002475,67,Female,Lisbon
2475,C002476,31,Female,Braga
2476,C002477,46,Female,Faro
2477,C002478,38,Male,Faro
2478,C002479,65,Other,Porto
2479,C002480,20,Male,Porto
2480,C002481,45,Female,Faro
2481,C002482,55,Unknown,Lisbon
2482,C002483,18,Female,Faro
2483,C002484,40,Female,Lisbon
2484,C002485,64,Female,Lisbon
2485,C002486,38,Male,Faro
2486,C002487,64,Other,Coimbra
2487,C002488,17,Other,Braga
2488,C002489,65,Other,Coimbra
2489,C002490,51,Female,Faro
2490,C002491,37,Male,Porto
2491,C002492,21,Other,Lisbon
2492,C002493,45,Other,Faro
2493,C002494,42,Male,Faro
2494,C002495,34,Other,Coimbra
2495,C002496,57,Female,Lisbon
2496,C002497,36,Female,Faro
2497,C002498,57,Other,Coimbra
2498,C002499,61,Male,Coimbra
2499,C002500,22,Other,Porto
2500,C002501,53,Female,Lisbon
2501,C002502,41,Female,Braga
2502,C002503,42,Male,Braga
2503,C002504,66,Other,Faro
2504,C002505,66,Male,Porto
2505,C002506,59,Female,Braga
2506,C002507,24,Male,Lisbon
2507,C002508,44,Male,Lisbon
2508,C002509,17,Male,Porto
2509,C002510,23,Other,Faro
2510,C002511,47,Other,Porto
2511,C002512,58,Male,Coimbra
2512,C002513,56,Female,Faro
2513,C002514,65,Female,Faro
2514,C002515,16,Male,Faro
2515,C002516,59,Female,Faro
2516,C002517,38,Other,Lisbon
2517,C002518,59,Male,Faro
2518,C002519,64,Other,Faro
2519,C002520,21,Other,Braga
2520,C002521,47,Male,Braga
2521,C002522,65,Other,Coimbra
2522,C002523,44,Other,Coimbra
2523,C002524,23,Male,Faro
2524,C002525,30,Other,Lisbon
2525,C002526,20,Other,Lisbon
2526,C002527,65,Male,Porto
2527,C002528,29,Other,Braga
2528,C002529,64,Male,Lisbon
2529,C002530,32,Other,Lisbon
2530,C002531,60,Male,Porto
2531,C002532,19,Male,Faro
2532,C002533,54,Male,Porto
2533,C002534,60,Male,Braga
2534,C002535,52,Female,Coimbra
2535,C002536,52,Male,Coimbra
2536,C002537,66,Female,Coimbra
2537,C002538,16,Other,Braga
2538,C002539,45,Female,Faro
2539,C002540,34,Male,Lisbon
2540,C002541,28,Other,Porto
2541,C002542,61,Male,Faro
2542,C002543,67,Female,Faro
2543,C002544,32,Male,Braga
2544,C002545,44,Other,Lisbon
2545,C002546,55,Female,Braga
2546,C002547,49,Other,Lisbon
2547,C002548,45,Female,Lisbon
2548,C002549,46,Female,Braga
2549,C002550,32,Female,Faro
2550,C002551,26,Male,Faro
2551,C002552,29,Other,Coimbra
2552,C002553,52,Female,Lisbon
2553,C002554,65,Male,Coimbra
2554,C002555,57,Female,Coimbra
2555,C002556,29,Male,Coimbra
2556,C002557,59,Female,Lisbon
2557,C002558,50,Female,Porto
2558,C002559,44,Male,Porto
2559,C002560,63,Male,Lisbon
2560,C002561,68,Male,Lisbon
2561,C002562,57,Female,Braga
2562,C002563,24,Female,Braga
2563,C002564,37,Female,Faro
2564,C002565,59,Male,Coimbra
2565,C002566,30,Unknown,Faro
2566,C002567,43,Other,Braga
2567,C002568,22,Other,Lisbon
2568,C002569,64,Male,Faro
2569,C002570,36,Other,Coimbra
2570,C002571,44,Other,Faro
2571,C002572,24,Male,Lisbon
2572,C002573,54,Other,Braga
2573,C002574,24,Other,Coimbra
2574,C002575,47,Male,Faro
2575,C002576,65,Other,Coimbra
2576,C002577,24,Other,Braga
2577,C002578,54,Male,Faro
2578,C002579,16,Female,Coimbra
2579,C002580,38,Male,Lisbon
2580,C002581,46,Female,Porto
2581,C002582,65,Other,Braga
2582,C002583,60,Male,Lisbon
2583,C002584,22,Female,Coimbra
2584,C002585,56,Other,Coimbra
2585,C002586,34,Female,Porto
2586,C002587,36,Other,Braga
2587,C002588,52,Other,Braga
2588,C002589,51,Other,Faro
2589,C002590,39,Female,Braga
2590,C002591,35,Male,Coimbra
2591,C002592,46,Other,Faro
2592,C002593,60,Other,Faro
2593,C002594,44,Female,Coimbra
2594,C002595,66,Female,Porto
2595,C002596,33,Female,Lisbon
2596,C002597,33,Male,Porto
2597,C002598,32,Other,Lisbon
2598,C002599,56,Other,Coimbra
2599,C002600,65,Male,Faro
2600,C002601,47,Male,Porto
2601,C002602,64,Other,Braga
2602,C002603,22,Other,Braga
2603,C002604,53,Male,Porto
2604,C002605,19,Female,Coimbra
2605,C002606,41,Other,Braga
2606,C002607,69,Other,Porto
2607,C002608,22,Male,Porto
2608,C002609,54,Male,Braga
2609,C002610,22,Female,Braga
2610,C002611,56,Male,Coimbra
2611,C002612,56,Other,Lisbon
2612,C002613,33,Female,Lisbon
2613,C002614,53,Male,Lisbon
2614,C002615,30,Other,Faro
2615,C002616,43,Male,Faro
2616,C002617,62,Other,Porto
2617,C002618,66,Other,Braga
2618,C002619,19,Female,Porto
2619,C002620,35,Female,Faro
2620,C002621,49,Female,Coimbra
2621,C002622,68,Other,Faro
2622,C002623,66,Male,Braga
2623,C002624,32,Other,Braga
2624,C002625,62,Female,Braga
2625,C002626,25,Other,Faro
2626,C002627,55,Female,Braga
2627,C002628,43,Other,Porto
2628,C002629,41,Female,Faro
2629,C002630,22,Male,Braga
2630,C002631,61,Female,Faro
2631,C002632,30,Male,Coimbra
2632,C002633,42,Female,Faro
2633,C002634,50,Other,Porto
2634,C002635,55,Other,Lisbon
2635,C002636,67,Female,Lisbon
2636,C002637,24,Female,Porto
2637,C002638,58,Female,Porto
2638,C002639,69,Male,Faro
2639,C002640,58,Female,Faro
2640,C002641,64,Male,Porto
2641,C002642,60,Male,Porto
2642,C002643,26,Other,Faro
2643,C002644,43,Male,Porto
2644,C002645,64,Male,Braga
2645,C002646,33,Other,Lisbon
2646,C002647,39,Female,Braga
2647,C002648,61,Other,Lisbon
2648,C002649,20,Male,Coimbra
2649,C002650,36,Other,Coimbra
2650,C002651,69,Male,Faro
2651,C002652,61,Female,Coimbra
2652,C002653,29,Other,Porto
2653,C002654,24,Other,Coimbra
2654,C002655,47,Female,Faro
2655,C002656,48,Female,Lisbon
2656,C002657,43,Female,Faro
2657,C002658,34,Other,Braga
2658,C002659,20,Other,Porto
2659,C002660,30,Other,Braga
2660,C002661,65,Male,Faro
2661,C002662,31,Female,Braga
2662,C002663,65,Female,Faro
2663,C002664,61,Male,Braga
2664,C002665,58,Female,Faro
2665,C002666,43,Male,Faro
2666,C002667,57,Male,Lisbon
2667,C002668,39,Male,Porto
2668,C002669,61,Other,Lisbon
2669,C002670,21,Other,Coimbra
2670,C002671,64,Other,Porto
2671,C002672,20,Other,Coimbra
2672,C002673,25,Other,Coimbra
2673,C002674,18,Male,Faro
2674,C002675,69,Female,Coimbra
2675,C002676,44,Other,Lisbon
2676,C002677,44,Female,Coimbra
2677,C002678,16,Other,Coimbra
2678,C002679,33,Male,Coimbra
2679,C002680,59,Other,Porto
2680,C002681,54,Other,Braga
2681,C002682,26,Male,Coimbra
2682,C002683,32,Female,Lisbon
2683,C002684,19,Male,Braga
2684,C002685,22,Female,Lisbon
2685,C002686,54,Other,Lisbon
2686,C002687,34,Female,Porto
2687,C002688,66,Other,Coimbra
2688,C002689,21,Other,Braga
2689,C002690,47,Female,Coimbra
2690,C002691,60,Male,Porto
2691,C002692,46,Other,Braga
2692,C002693,64,Male,Lisbon
2693,C002694,36,Other,Faro
2694,C002695,37,Male,Faro
2695,C002696,48,Female,Braga
2696,C002697,58,Male,Faro
2697,C002698,39,Other,Braga
2698,C002699,57,Female,Lisbon
2699,C002700,56,Female,Porto
2700,C002701,64,Other,Lisbon
2701,C002702,31,Female,Lisbon
2702,C002703,23,Male,Faro
2703,C002704,67,Female,Lisbon
2704,C002705,33,Other,Lisbon
2705,C002706,41,Female,Lisbon
2706,C002707,30,Other,Lisbon
2707,C002708,38,Male,Faro
2708,C002709,61,Female,Braga
2709,C002710,45,Other,Faro
2710,C002711,42,Male,Coimbra
2711,C002712,33,Other,Coimbra
2712,C002713,42,Male,Braga
2713,C002714,69,Other,Porto
2714,C002715,37,Female,Faro
2715,C002716,58,Other,Porto
2716,C002717,60,Female,Braga
2717,C002718,58,Male,Lisbon
2718,C002719,19,Other,Porto
2719,C002720,60,Male,Lisbon
2720,C002721,67,Other,Faro
2721,C002722,51,Other,Porto
2722,C002723,33,Male,Lisbon
2723,C002724,53,Male,Lisbon
2724,C002725,44,Other,Porto
2725,C002726,31,Other,Braga
2726,C002727,52,Female,Coimbra
2727,C002728,28,Other,Porto
2728,C002729,27,Other,Faro
2729,C002730,51,Male,Porto
2730,C002731,58,Other,Porto
2731,C002732,50,Male,Braga
2732,C002733,24,Unknown,Coimbra
2733,C002734,59,Male,Coimbra
2734,C002735,54,Other,Lisbon
2735,C002736,39,Female,Braga
2736,C002737,36,Other,Lisbon
2737,C002738,39,Other,Porto
2738,C002739,49,Other,Lisbon
2739,C002740,50,Male,Porto
2740,C002741,33,Other,Porto
2741,C002742,63,Other,Lisbon
2742,C002743,61,Male,Lisbon
2743,C002744,58,Male,Faro
2744,C002745,40,Other,Braga
2745,C002746,64,Other,Lisbon
2746,C002747,25,Male,Braga
2747,C002748,20,Male,Coimbra
2748,C002749,17,Male,Coimbra
2749,C002750,57,Other,Coimbra
2750,C002751,65,Female,Faro
2751,C002752,26,Male,Braga
2752,C002753,38,Female,Braga
2753,C002754,67,Female,Porto
2754,C002755,27,Other,Lisbon
2755,C002756,66,Other,Faro
2756,C002757,58,Male,Porto
2757,C002758,59,Female,Coimbra
2758,C002759,26,Female,Faro
2759,C002760,31,Male,Faro
2760,C002761,17,Other,Braga
2761,C002762,60,Female,Braga
2762,C002763,47,Male,Faro
2763,C002764,26,Male,Coimbra
2764,C002765,46,Male,Porto
2765,C002766,49,Male,Lisbon
2766,C002767,45,Female,Porto
2767,C002768,18,Other,Braga
2768,C002769,46,Female,Braga
2769,C002770,41,Other,Faro
2770,C002771,35,Male,Lisbon
2771,C002772,34,Male,Faro
2772,C002773,40,Other,Coimbra
2773,C002774,59,Other,Coimbra
2774,C002775,27,Male,Lisbon
2775,C002776,32,Male,Porto
2776,C002777,24,Male,Braga
2777,C002778,50,Unknown,Lisbon
2778,C002779,24,Male,Lisbon
2779,C002780,46,Male,Faro
2780,C002781,22,Male,Coimbra
2781,C002782,36,Female,Lisbon
2782,C002783,38,Male,Faro
2783,C002784,61,Male,Coimbra
2784,C002785,21,Other,Porto
2785,C002786,58,Male,Coimbra
2786,C002787,68,Female,Coimbra
2787,C002788,67,Male,Coimbra
2788,C002789,57,Male,Braga
2789,C002790,33,Female,Braga
2790,C002791,67,Other,Coimbra
2791,C002792,56,Male,Porto
2792,C002793,44,Male,Braga
2793,C002794,20,Female,Coimbra
2794,C002795,45,Male,Faro
2795,C002796,17,Female,Coimbra
2796,C002797,65,Other,Lisbon
2797,C002798,30,Female,Braga
2798,C002799,28,Other,Coimbra
2799,C002800,57,Male,Porto
2800,C002801,21,Female,Faro
2801,C002802,27,Male,Faro
2802,C002803,58,Other,Braga
2803,C002804,61,Female,Coimbra
2804,C002805,65,Male,Faro
2805,C002806,35,Female,Braga
2806,C002807,54,Male,Lisbon
2807,C002808,21,Other,Faro
2808,C002809,40,Female,Coimbra
2809,C002810,25,Other,Coimbra
2810,C002811,38,Male,Faro
2811,C002812,42,Male,Porto
2812,C002813,17,Other,Braga
2813,C002814,31,Male,Faro
2814,C002815,29,Male,Porto
2815,C002816,21,Female,Coimbra
2816,C002817,17,Male,Lisbon
2817,C002818,37,Other,Porto
2818,C002819,16,Male,Lisbon
2819,C002820,52,Female,Braga
2820,C002821,26,Other,Braga
2821,C002822,66,Male,Porto
2822,C002823,21,Female,Lisbon
2823,C002824,41,Male,Coimbra
2824,C002825,43,Other,Porto
2825,C002826,48,Male,Braga
2826,C002827,20,Male,Coimbra
2827,C002828,55,Male,Faro
2828,C002829,24,Female,Braga
2829,C002830,41,Female,Coimbra
2830,C002831,58,Male,Porto
2831,C002832,52,Male,Faro
2832,C002833,53,Other,Faro
2833,C002834,39,Male,Porto
2834,C002835,43,Male,Faro
2835,C002836,49,Female,Lisbon
2836,C002837,16,Female,Braga
2837,C002838,32,Other,Braga
2838,C002839,21,Male,Porto
2839,C002840,60,Female,Lisbon
2840,C002841,31,Female,Lisbon
2841,C002842,36,Other,Faro
2842,C002843,34,Male,Faro
2843,C002844,20,Female,Porto
2844,C002845,33,Male,Braga
2845,C002846,55,Male,Lisbon
2846,C002847,67,Other,Faro
2847,C002848,31,Other,Coimbra
2848,C002849,68,Male,Braga
2849,C002850,22,Male,Coimbra
2850,C002851,54,Female,Braga
2851,C002852,61,Female,Lisbon
2852,C002853,19,Other,Coimbra
2853,C002854,25,Male,Braga
2854,C002855,39,Female,Lisbon
2855,C002856,37,Other,Faro
2856,C002857,30,Male,Faro
2857,C002858,50,Other,Lisbon
2858,C002859,37,Male,Faro
2859,C002860,69,Other,Coimbra
2860,C002861,65,Female,Braga
2861,C002862,41,Other,Coimbra
2862,C002863,59,Other,Faro
2863,C002864,49,Other,Coimbra
2864,C002865,33,Male,Porto
2865,C002866,69,Other,Coimbra
2866,C002867,23,Female,Lisbon
2867,C002868,38,Male,Braga
2868,C002869,66,Male,Lisbon
2869,C002870,60,Male,Lisbon
2870,C002871,69,Male,Faro
2871,C002872,61,Other,Porto
2872,C002873,63,Male,Braga
2873,C002874,65,Other,Porto
2874,C002875,27,Female,Braga
2875,C002876,55,Male,Faro
2876,C002877,29,Female,Coimbra
2877,C002878,43,Other,Coimbra
2878,C002879,57,Female,Lisbon
2879,C002880,39,Male,Coimbra
2880,C002881,45,Male,Faro
2881,C002882,59,Male,Porto
2882,C002883,27,Other,Braga
2883,C002884,49,Other,Coimbra
2884,C002885,57,Other,Porto
2885,C002886,63,Male,Coimbra
2886,C002887,61,Female,Porto
2887,C002888,46,Other,Braga
2888,C002889,33,Female,Faro
2889,C002890,42,Male,Braga
2890,C002891,30,Other,Coimbra
2891,C002892,30,Female,Braga
2892,C002893,54,Other,Braga
2893,C002894,56,Other,Coimbra
2894,C002895,56,Female,Lisbon
2895,C002896,45,Other,Lisbon
2896,C002897,63,Other,Braga
2897,C002898,63,Other,Coimbra
2898,C002899,51,Female,Porto
2899,C002900,27,Female,Faro
2900,C002901,54,Other,Lisbon
2901,C002902,47,Other,Porto
2902,C002903,63,Male,Faro
2903,C002904,21,Other,Braga
2904,C002905,36,Female,Faro
2905,C002906,23,Male,Coimbra
2906,C002907,30,Other,Coimbra
2907,C002908,36,Unknown,Lisbon
2908,C002909,16,Female,Porto
2909,C002910,31,Male,Coimbra
2910,C002911,56,Female,Porto
2911,C002912,19,Female,Lisbon
2912,C002913,61,Other,Braga
2913,C002914,33,Unknown,Faro
2914,C002915,69,Female,Lisbon
2915,C002916,58,Male,Porto
2916,C002917,27,Female,Coimbra
2917,C002918,22,Male,Braga
2918,C002919,25,Male,Porto
2919,C002920,66,Other,Porto
2920,C002921,51,Female,Faro
2921,C002922,45,Other,Coimbra
2922,C002923,67,Male,Porto
2923,C002924,47,Female,Braga
2924,C002925,26,Male,Faro
2925,C002926,36,Male,Faro
2926,C002927,40,Male,Faro
2927,C002928,20,Female,Coimbra
2928,C002929,17,Other,Porto
2929,C002930,62,Other,Lisbon
2930,C002931,49,Other,Porto
2931,C002932,53,Male,Lisbon
2932,C002933,59,Male,Lisbon
2933,C002934,50,Female,Porto
2934,C002935,61,Other,Faro
2935,C002936,22,Female,Lisbon
2936,C002937,19,Female,Coimbra
2937,C002938,16,Male,Lisbon
2938,C002939,51,Male,Porto
2939,C002940,60,Male,Braga
2940,C002941,50,Male,Coimbra
2941,C002942,60,Other,Porto
2942,C002943,60,Female,Braga
2943,C002944,50,Other,Lisbon
2944,C002945,62,Female,Braga
2945,C002946,60,Male,Faro
2946,C002947,43,Other,Braga
2947,C002948,60,Female,Porto
2948,C002949,30,Other,Faro
2949,C002950,50,Other,Lisbon
2950,C002951,16,Female,Coimbra
2951,C002952,51,Female,Braga
2952,C002953,68,Other,Lisbon
2953,C002954,31,Female,Braga
2954,C002955,51,Male,Faro
2955,C002956,35,Male,Lisbon
2956,C002957,67,Other,Lisbon
2957,C002958,40,Female,Coimbra
2958,C002959,56,Male,Faro
2959,C002960,39,Female,Lisbon
2960,C002961,51,Female,Porto
2961,C002962,27,Male,Coimbra
2962,C002963,16,Other,Braga
2963,C002964,17,Female,Lisbon
2964,C002965,40,Other,Coimbra
2965,C002966,51,Female,Faro
2966,C002967,55,Other,Porto
2967,C002968,57,Male,Lisbon
2968,C002969,51,Male,Braga
2969,C002970,53,Female,Coimbra
2970,C002971,24,Female,Braga
2971,C002972,52,Other,Porto
2972,C002973,30,Female,Lisbon
2973,C002974,59,Male,Braga
2974,C002975,16,Female,Lisbon
2975,C002976,50,Other,Porto
2976,C002977,22,Female,Coimbra
2977,C002978,59,Other,Lisbon
2978,C002979,25,Other,Faro
2979,C002980,51,Other,Porto
2980,C002981,28,Female,Braga
2981,C002982,57,Other,Porto
2982,C002983,20,Other,Lisbon
2983,C002984,31,Other,Faro
2984,C002985,54,Male,Faro
2985,C002986,16,Female,Coimbra
2986,C002987,36,Male,Lisbon
2987,C002988,43,Female,Braga
2988,C002989,69,Other,Lisbon
2989,C002990,55,Male,Braga
2990,C002991,50,Male,Porto
2991,C002992,65,Other,Braga
2992,C002993,50,Female,Lisbon
2993,C002994,45,Other,Lisbon
2994,C002995,22,Other,Faro
2995,C002996,20,Male,Coimbra
2996,C002997,24,Male,Lisbon
2997,C002998,18,Other,Coimbra
2998,C002999,28,Other,Porto
2999,C003000,32,Other,Coimbra
3000,C003001,59,Female,Braga
3001,C003002,37,Female,Lisbon
3002,C003003,62,Male,Lisbon
3003,C003004,65,Male,Porto
3004,C003005,36,Female,Faro
3005,C003006,31,Female,Porto
3006,C003007,60,Male,Porto
3007,C003008,67,Male,Lisbon
3008,C003009,26,Other,Faro
3009,C003010,40,Other,Faro
3010,C003011,40,Other,Braga
3011,C003012,51,Female,Braga
3012,C003013,55,Other,Porto
3013,C003014,48,Male,Braga
3014,C003015,29,Other,Lisbon
3015,C003016,20,Female,Braga
3016,C003017,42,Female,Braga
3017,C003018,61,Other,Braga
3018,C003019,61,Female,Coimbra
3019,C003020,48,Other,Lisbon
3020,C003021,28,Other,Faro
3021,C003022,41,Other,Porto
3022,C003023,42,Female,Braga
3023,C003024,16,Female,Porto
3024,C003025,29,Male,Lisbon
3025,C003026,69,Male,Faro
3026,C003027,19,Male,Lisbon
3027,C003028,31,Female,Porto
3028,C003029,33,Male,Faro
3029,C003030,17,Male,Lisbon
3030,C003031,52,Female,Faro
3031,C003032,68,Male,Coimbra
3032,C003033,67,Male,Faro
3033,C003034,56,Other,Braga
3034,C003035,69,Male,Braga
3035,C003036,37,Other,Faro
3036,C003037,47,Female,Braga
3037,C003038,39,Male,Braga
3038,C003039,55,Male,Porto
3039,C003040,43,Female,Coimbra
3040,C003041,31,Female,Faro
3041,C003042,63,Female,Braga
3042,C003043,27,Male,Braga
3043,C003044,33,Other,Lisbon
3044,C003045,31,Female,Braga
3045,C003046,21,Other,Coimbra
3046,C003047,25,Female,Braga
3047,C003048,21,Other,Porto
3048,C003049,40,Female,Braga
3049,C003050,27,Male,Coimbra
3050,C003051,41,Male,Braga
3051,C003052,67,Female,Faro
3052,C003053,60,Other,Coimbra
3053,C003054,61,Other,Braga
3054,C003055,63,Other,Braga
3055,C003056,58,Male,Faro
3056,C003057,67,Female,Faro
3057,C003058,36,Female,Porto
3058,C003059,42,Female,Lisbon
3059,C003060,19,Other,Braga
3060,C003061,31,Female,Coimbra
3061,C003062,56,Male,Lisbon
3062,C003063,18,Other,Braga
3063,C003064,57,Female,Porto
3064,C003065,58,Male,Faro
3065,C003066,43,Female,Braga
3066,C003067,40,Male,Braga
3067,C003068,67,Male,Faro
3068,C003069,69,Other,Porto
3069,C003070,23,Male,Coimbra
3070,C003071,59,Female,Porto
3071,C003072,58,Female,Braga
3072,C003073,49,Female,Braga
3073,C003074,35,Other,Braga
3074,C003075,60,Female,Porto
3075,C003076,17,Male,Braga
3076,C003077,45,Other,Porto
3077,C003078,21,Male,Faro
3078,C003079,66,Male,Lisbon
3079,C003080,33,Female,Braga
3080,C003081,58,Male,Lisbon
3081,C003082,38,Other,Coimbra
3082,C003083,25,Female,Faro
3083,C003084,50,Other,Lisbon
3084,C003085,34,Other,Faro
3085,C003086,35,Male,Braga
3086,C003087,32,Male,Coimbra
3087,C003088,62,Female,Braga
3088,C003089,31,Female,Porto
3089,C003090,21,Male,Lisbon
3090,C003091,68,Other,Coimbra
3091,C003092,26,Female,Lisbon
3092,C003093,28,Other,Lisbon
3093,C003094,41,Male,Faro
3094,C003095,23,Male,Braga
3095,C003096,39,Female,Braga
3096,C003097,23,Female,Coimbra
3097,C003098,23,Female,Coimbra
3098,C003099,23,Female,Lisbon
3099,C003100,62,Male,Coimbra
3100,C003101,61,Other,Coimbra
3101,C003102,39,Female,Faro
3102,C003103,55,Female,Braga
3103,C003104,43,Other,Lisbon
3104,C003105,35,Female,Porto
3105,C003106,52,Other,Lisbon
3106,C003107,20,Female,Porto
3107,C003108,41,Other,Coimbra
3108,C003109,57,Male,Faro
3109,C003110,65,Other,Braga
3110,C003111,66,Female,Porto
3111,C003112,17,Male,Faro
3112,C003113,52,Other,Lisbon
3113,C003114,42,Male,Lisbon
3114,C003115,64,Female,Braga
3115,C003116,34,Male,Coimbra
3116,C003117,16,Female,Faro
3117,C003118,24,Male,Coimbra
3118,C003119,58,Female,Braga
3119,C003120,59,Female,Coimbra
3120,C003121,43,Female,Braga
3121,C003122,54,Other,Braga
3122,C003123,55,Other,Coimbra
3123,C003124,59,Male,Lisbon
3124,C003125,58,Other,Lisbon
3125,C003126,41,Female,Lisbon
3126,C003127,18,Unknown,Porto
3127,C003128,20,Male,Braga
3128,C003129,38,Female,Braga
3129,C003130,59,Male,Coimbra
3130,C003131,58,Female,Coimbra
3131,C003132,28,Female,Faro
3132,C003133,17,Female,Braga
3133,C003134,58,Unknown,Porto
3134,C003135,58,Other,Porto
3135,C003136,23,Male,Faro
3136,C003137,24,Female,Coimbra
3137,C003138,29,Female,Lisbon
3138,C003139,36,Female,Faro
3139,C003140,69,Other,Coimbra
3140,C003141,40,Male,Lisbon
3141,C003142,30,Other,Faro
3142,C003143,16,Female,Faro
3143,C003144,44,Female,Lisbon
3144,C003145,26,Female,Faro
3145,C003146,38,Other,Lisbon
3146,C003147,36,Male,Porto
3147,C003148,40,Other,Faro
3148,C003149,42,Female,Faro
3149,C003150,43,Female,Braga
3150,C003151,57,Other,Faro
3151,C003152,56,Female,Coimbra
3152,C003153,41,Male,Porto
3153,C003154,56,Other,Braga
3154,C003155,17,Male,Faro
3155,C003156,47,Female,Coimbra
3156,C003157,19,Male,Porto
3157,C003158,39,Female,Coimbra
3158,C003159,69,Female,Faro
3159,C003160,66,Female,Coimbra
3160,C003161,21,Female,Coimbra
3161,C003162,28,Unknown,Faro
3162,C003163,44,Male,Braga
3163,C003164,48,Other,Faro
3164,C003165,44,Male,Faro
3165,C003166,28,Male,Faro
3166,C003167,53,Female,Porto
3167,C003168,34,Other,Coimbra
3168,C003169,22,Other,Braga
3169,C003170,59,Female,Coimbra
3170,C003171,60,Other,Braga
3171,C003172,17,Male,Coimbra
3172,C003173,36,Other,Braga
3173,C003174,48,Female,Coimbra
3174,C003175,30,Other,Coimbra
3175,C003176,48,Female,Coimbra
3176,C003177,67,Other,Faro
3177,C003178,26,Other,Faro
3178,C003179,17,Female,Braga
3179,C003180,63,Other,Lisbon
3180,C003181,39,Male,Coimbra
3181,C003182,38,Female,Coimbra
3182,C003183,62,Male,Coimbra
3183,C003184,54,Female,Coimbra
3184,C003185,56,Male,Porto
3185,C003186,62,Female,Braga
3186,C003187,69,Male,Faro
3187,C003188,19,Female,Braga
3188,C003189,58,Other,Faro
3189,C003190,27,Male,Faro
3190,C003191,47,Female,Faro
3191,C003192,17,Male,Braga
3192,C003193,53,Female,Porto
3193,C003194,42,Male,Lisbon
3194,C003195,41,Other,Lisbon
3195,C003196,19,Female,Porto
3196,C003197,35,Other,Faro
3197,C003198,34,Male,Braga
3198,C003199,45,Male,Coimbra
3199,C003200,20,Female,Porto
3200,C003201,40,Other,Braga
3201,C003202,61,Other,Porto
3202,C003203,41,Female,Lisbon
3203,C003204,24,Male,Braga
3204,C003205,36,Female,Coimbra
3205,C003206,44,Female,Coimbra
3206,C003207,29,Male,Braga
3207,C003208,57,Other,Porto
3208,C003209,30,Other,Lisbon
3209,C003210,60,Male,Coimbra
3210,C003211,52,Male,Faro
3211,C003212,48,Female,Braga
3212,C003213,44,Male,Braga
3213,C003214,38,Female,Braga
3214,C003215,38,Other,Coimbra
3215,C003216,57,Male,Lisbon
3216,C003217,48,Male,Porto
3217,C003218,53,Male,Faro
3218,C003219,37,Female,Lisbon
3219,C003220,43,Other,Coimbra
3220,C003221,19,Male,Coimbra
3221,C003222,58,Other,Braga
3222,C003223,38,Female,Faro
3223,C003224,52,Male,Faro
3224,C003225,30,Other,Porto
3225,C003226,28,Male,Braga
3226,C003227,26,Female,Faro
3227,C003228,33,Other,Porto
3228,C003229,33,Male,Porto
3229,C003230,39,Male,Lisbon
3230,C003231,62,Other,Braga
3231,C003232,57,Other,Faro
3232,C003233,32,Other,Braga
3233,C003234,18,Other,Porto
3234,C003235,61,Female,Coimbra
3235,C003236,66,Other,Braga
3236,C003237,23,Male,Faro
3237,C003238,40,Male,Faro
3238,C003239,34,Other,Braga
3239,C003240,62,Other,Faro
3240,C003241,18,Female,Braga
3241,C003242,35,Other,Coimbra
3242,C003243,22,Other,Braga
3243,C003244,48,Male,Coimbra
3244,C003245,34,Female,Lisbon
3245,C003246,50,Female,Porto
3246,C003247,54,Other,Lisbon
3247,C003248,50,Other,Porto
3248,C003249,56,Male,Faro
3249,C003250,51,Male,Porto
3250,C003251,35,Unknown,Porto
3251,C003252,20,Male,Faro
3252,C003253,60,Other,Lisbon
3253,C003254,45,Other,Braga
3254,C003255,32,Male,Braga
3255,C003256,16,Other,Braga
3256,C003257,63,Other,Lisbon
3257,C003258,18,Male,Faro
3258,C003259,53,Male,Porto
3259,C003260,32,Other,Faro
3260,C003261,62,Female,Braga
3261,C003262,27,Female,Lisbon
3262,C003263,34,Male,Braga
3263,C003264,38,Male,Faro
3264,C003265,26,Female,Lisbon
3265,C003266,51,Male,Faro
3266,C003267,57,Male,Porto
3267,C003268,62,Other,Lisbon
3268,C003269,19,Female,Porto
3269,C003270,43,Male,Braga
3270,C003271,63,Male,Lisbon
3271,C003272,43,Female,Porto
3272,C003273,66,Female,Faro
3273,C003274,56,Other,Braga
3274,C003275,24,Female,Porto
3275,C003276,59,Other,Porto
3276,C003277,17,Male,Braga
3277,C003278,46,Other,Coimbra
3278,C003279,51,Female,Coimbra
3279,C003280,43,Other,Braga
3280,C003281,25,Male,Braga
3281,C003282,24,Other,Braga
3282,C003283,22,Other,Braga
3283,C003284,41,Female,Coimbra
3284,C003285,54,Other,Coimbra
3285,C003286,35,Other,Lisbon
3286,C003287,59,Female,Faro
3287,C003288,20,Other,Porto
3288,C003289,29,Other,Coimbra
3289,C003290,58,Other,Porto
3290,C003291,40,Male,Coimbra
3291,C003292,31,Male,Braga
3292,C003293,69,Male,Faro
3293,C003294,20,Male,Porto
3294,C003295,47,Female,Faro
3295,C003296,26,Female,Coimbra
3296,C003297,25,Other,Braga
3297,C003298,32,Unknown,Braga
3298,C003299,31,Other,Lisbon
3299,C003300,61,Male,Lisbon
3300,C003301,26,Male,Lisbon
3301,C003302,33,Other,Porto
3302,C003303,54,Other,Braga
3303,C003304,61,Male,Faro
3304,C003305,27,Male,Coimbra
3305,C003306,65,Male,Faro
3306,C003307,41,Male,Coimbra
3307,C003308,56,Other,Lisbon
3308,C003309,24,Female,Coimbra
3309,C003310,48,Female,Porto
3310,C003311,22,Male,Faro
3311,C003312,37,Male,Faro
3312,C003313,56,Female,Coimbra
3313,C003314,45,Other,Faro
3314,C003315,32,Female,Porto
3315,C003316,61,Other,Coimbra
3316,C003317,52,Other,Braga
3317,C003318,34,Male,Faro
3318,C003319,69,Male,Porto
3319,C003320,55,Other,Lisbon
3320,C003321,31,Other,Coimbra
3321,C003322,40,Male,Braga
3322,C003323,69,Female,Faro
3323,C003324,58,Male,Coimbra
3324,C003325,47,Other,Lisbon
3325,C003326,59,Male,Braga
3326,C003327,66,Female,Porto
3327,C003328,37,Female,Lisbon
3328,C003329,64,Female,Coimbra
3329,C003330,35,Male,Lisbon
3330,C003331,50,Female,Faro
3331,C003332,23,Male,Coimbra
3332,C003333,56,Other,Lisbon
3333,C003334,44,Other,Coimbra
3334,C003335,53,Other,Lisbon
3335,C003336,21,Female,Porto
3336,C003337,58,Male,Lisbon
3337,C003338,21,Other,Faro
3338,C003339,67,Female,Lisbon
3339,C003340,21,Male,Coimbra
3340,C003341,48,Female,Braga
3341,C003342,30,Female,Lisbon
3342,C003343,65,Female,Braga
3343,C003344,26,Other,Lisbon
3344,C003345,27,Female,Coimbra
3345,C003346,35,Male,Faro
3346,C003347,23,Female,Coimbra
3347,C003348,48,Male,Faro
3348,C003349,52,Female,Faro
3349,C003350,25,Male,Faro
3350,C003351,26,Male,Braga
3351,C003352,43,Other,Lisbon
3352,C003353,27,Male,Lisbon
3353,C003354,26,Female,Coimbra
3354,C003355,33,Male,Faro
3355,C003356,40,Female,Coimbra
3356,C003357,49,Female,Faro
3357,C003358,52,Male,Braga
3358,C003359,23,Male,Lisbon
3359,C003360,52,Unknown,Coimbra
3360,C003361,37,Female,Faro
3361,C003362,61,Female,Faro
3362,C003363,49,Female,Coimbra
3363,C003364,44,Female,Lisbon
3364,C003365,59,Male,Porto
3365,C003366,36,Other,Porto
3366,C003367,16,Male,Lisbon
3367,C003368,38,Other,Lisbon
3368,C003369,21,Other,Braga
3369,C003370,41,Female,Braga
3370,C003371,45,Male,Porto
3371,C003372,39,Other,Coimbra
3372,C003373,47,Male,Lisbon
3373,C003374,30,Male,Faro
3374,C003375,32,Other,Porto
3375,C003376,26,Female,Braga
3376,C003377,41,Female,Lisbon
3377,C003378,59,Female,Faro
3378,C003379,17,Other,Faro
3379,C003380,57,Female,Braga
3380,C003381,55,Female,Lisbon
3381,C003382,41,Other,Porto
3382,C003383,36,Male,Lisbon
3383,C003384,56,Male,Porto
3384,C003385,36,Male,Lisbon
3385,C003386,69,Female,Porto
3386,C003387,42,Other,Porto
3387,C003388,59,Male,Braga
3388,C003389,58,Male,Porto
3389,C003390,42,Other,Braga
3390,C003391,56,Other,Lisbon
3391,C003392,34,Female,Coimbra
3392,C003393,30,Female,Faro
3393,C003394,62,Other,Braga
3394,C003395,61,Male,Porto
3395,C003396,61,Female,Faro
3396,C003397,58,Other,Faro
3397,C003398,61,Male,Lisbon
3398,C003399,18,Male,Braga
3399,C003400,31,Other,Braga
3400,C003401,61,Female,Braga
3401,C003402,40,Female,Faro
3402,C003403,21,Female,Braga
3403,C003404,68,Female,Porto
3404,C003405,41,Other,Porto
3405,C003406,27,Other,Coimbra
3406,C003407,37,Female,Coimbra
3407,C003408,41,Other,Faro
3408,C003409,32,Male,Lisbon
3409,C003410,50,Male,Coimbra
3410,C003411,19,Male,Porto
3411,C003412,67,Male,Faro
3412,C003413,68,Other,Lisbon
3413,C003414,17,Male,Coimbra
3414,C003415,60,Male,Braga
3415,C003416,43,Female,Braga
3416,C003417,69,Other,Coimbra
3417,C003418,67,Female,Braga
3418,C003419,19,Male,Porto
3419,C003420,44,Female,Porto
3420,C003421,25,Other,Lisbon
3421,C003422,47,Other,Porto
3422,C003423,30,Male,Faro
3423,C003424,46,Other,Lisbon
3424,C003425,17,Female,Faro
3425,C003426,46,Male,Coimbra
3426,C003427,52,Female,Lisbon
3427,C003428,61,Male,Porto
3428,C003429,40,Other,Lisbon
3429,C003430,22,Other,Lisbon
3430,C003431,36,Male,Braga
3431,C003432,57,Other,Faro
3432,C003433,37,Other,Lisbon
3433,C003434,26,Other,Braga
3434,C003435,46,Male,Braga
3435,C003436,65,Male,Lisbon
3436,C003437,55,Female,Faro
3437,C003438,18,Other,Lisbon
3438,C003439,30,Male,Lisbon
3439,C003440,61,Other,Coimbra
3440,C003441,31,Male,Faro
3441,C003442,19,Male,Porto
3442,C003443,31,Other,Braga
3443,C003444,27,Male,Braga
3444,C003445,68,Other,Faro
3445,C003446,46,Other,Faro
3446,C003447,57,Female,Porto
3447,C003448,25,Male,Lisbon
3448,C003449,58,Other,Lisbon
3449,C003450,16,Female,Faro
3450,C003451,16,Male,Lisbon
3451,C003452,32,Other,Braga
3452,C003453,55,Female,Porto
3453,C003454,20,Other,Lisbon
3454,C003455,21,Other,Coimbra
3455,C003456,38,Female,Porto
3456,C003457,63,Female,Braga
3457,C003458,21,Other,Porto
3458,C003459,48,Female,Lisbon
3459,C003460,54,Male,Faro
3460,C003461,59,Male,Faro
3461,C003462,36,Female,Coimbra
3462,C003463,21,Male,Lisbon
3463,C003464,36,Male,Braga
3464,C003465,68,Male,Porto
3465,C003466,17,Female,Lisbon
3466,C003467,31,Female,Braga
3467,C003468,29,Other,Faro
3468,C003469,32,Male,Faro
3469,C003470,25,Other,Porto
3470,C003471,30,Male,Braga
3471,C003472,37,Other,Lisbon
3472,C003473,30,Female,Lisbon
3473,C003474,30,Unknown,Faro
3474,C003475,49,Female,Lisbon
3475,C003476,38,Female,Lisbon
3476,C003477,43,Female,Porto
3477,C003478,27,Other,Faro
3478,C003479,28,Other,Coimbra
3479,C003480,61,Other,Porto
3480,C003481,46,Female,Porto
3481,C003482,64,Male,Coimbra
3482,C003483,32,Male,Coimbra
3483,C003484,26,Male,Coimbra
3484,C003485,68,Other,Faro
3485,C003486,23,Unknown,Lisbon
3486,C003487,46,Other,Porto
3487,C003488,59,Male,Coimbra
3488,C003489,17,Other,Lisbon
3489,C003490,62,Female,Coimbra
3490,C003491,67,Male,Lisbon
3491,C003492,23,Male,Coimbra
3492,C003493,37,Male,Coimbra
3493,C003494,28,Female,Faro
3494,C003495,17,Male,Braga
3495,C003496,23,Male,Faro
3496,C003497,32,Male,Porto
3497,C003498,16,Other,Lisbon
3498,C003499,23,Other,Lisbon
3499,C003500,24,Female,Faro
3500,C003501,50,Other,Faro
3501,C003502,57,Male,Porto
3502,C003503,20,Other,Lisbon
3503,C003504,32,Female,Porto
3504,C003505,27,Other,Braga
3505,C003506,31,Female,Porto
3506,C003507,32,Other,Coimbra
3507,C003508,20,Female,Porto
3508,C003509,58,Male,Braga
3509,C003510,39,Other,Faro
3510,C003511,57,Female,Braga
3511,C003512,49,Male,Porto
3512,C003513,65,Male,Braga
3513,C003514,54,Other,Lisbon
3514,C003515,44,Other,Faro
3515,C003516,24,Male,Faro
3516,C003517,37,Male,Coimbra
3517,C003518,48,Female,Lisbon
3518,C003519,34,Other,Faro
3519,C003520,47,Male,Lisbon
3520,C003521,40,Male,Lisbon
3521,C003522,57,Female,Coimbra
3522,C003523,24,Other,Braga
3523,C003524,34,Female,Braga
3524,C003525,51,Male,Porto
3525,C003526,60,Other,Porto
3526,C003527,28,Female,Faro
3527,C003528,27,Other,Faro
3528,C003529,46,Female,Coimbra
3529,C003530,29,Male,Porto
3530,C003531,49,Other,Faro
3531,C003532,39,Male,Porto
3532,C003533,33,Male,Faro
3533,C003534,65,Female,Faro
3534,C003535,33,Other,Porto
3535,C003536,39,Other,Braga
3536,C003537,18,Other,Coimbra
3537,C003538,41,Female,Porto
3538,C003539,33,Other,Coimbra
3539,C003540,57,Female,Braga
3540,C003541,38,Male,Faro
3541,C003542,53,Female,Braga
3542,C003543,42,Female,Braga
3543,C003544,21,Male,Porto
3544,C003545,67,Male,Lisbon
3545,C003546,48,Female,Faro
3546,C003547,55,Female,Faro
3547,C003548,47,Other,Braga
3548,C003549,48,Male,Faro
3549,C003550,41,Female,Lisbon
3550,C003551,56,Male,Faro
3551,C003552,17,Male,Braga
3552,C003553,50,Female,Coimbra
3553,C003554,24,Other,Porto
3554,C003555,30,Male,Lisbon
3555,C003556,59,Male,Faro
3556,C003557,66,Female,Porto
3557,C003558,36,Male,Lisbon
3558,C003559,22,Female,Lisbon
3559,C003560,32,Male,Braga
3560,C003561,50,Female,Lisbon
3561,C003562,31,Other,Coimbra
3562,C003563,62,Male,Faro
3563,C003564,22,Female,Braga
3564,C003565,19,Other,Porto
3565,C003566,26,Male,Lisbon
3566,C003567,38,Other,Lisbon
3567,C003568,57,Other,Lisbon
3568,C003569,47,Other,Coimbra
3569,C003570,56,Female,Porto
3570,C003571,30,Other,Braga
3571,C003572,46,Male,Faro
3572,C003573,56,Female,Coimbra
3573,C003574,45,Female,Lisbon
3574,C003575,52,Other,Lisbon
3575,C003576,32,Other,Braga
3576,C003577,31,Male,Faro
3577,C003578,39,Female,Faro
3578,C003579,31,Other,Faro
3579,C003580,63,Female,Faro
3580,C003581,66,Male,Lisbon
3581,C003582,39,Male,Braga
3582,C003583,69,Female,Porto
3583,C003584,21,Male,Faro
3584,C003585,42,Male,Porto
3585,C003586,17,Male,Porto
3586,C003587,32,Female,Faro
3587,C003588,64,Female,Porto
3588,C003589,47,Other,Lisbon
3589,C003590,19,Other,Porto
3590,C003591,29,Other,Faro
3591,C003592,66,Male,Faro
3592,C003593,50,Male,Braga
3593,C003594,62,Female,Braga
3594,C003595,31,Other,Faro
3595,C003596,53,Other,Faro
3596,C003597,66,Other,Braga
3597,C003598,47,Male,Coimbra
3598,C003599,16,Male,Porto
3599,C003600,54,Other,Porto
3600,C003601,66,Other,Porto
3601,C003602,53,Female,Coimbra
3602,C003603,41,Other,Lisbon
3603,C003604,32,Other,Porto
3604,C003605,17,Female,Coimbra
3605,C003606,44,Female,Faro
3606,C003607,44,Other,Porto
3607,C003608,19,Female,Porto
3608,C003609,39,Male,Porto
3609,C003610,62,Male,Lisbon
3610,C003611,61,Male,Lisbon
3611,C003612,27,Female,Porto
3612,C003613,43,Female,Porto
3613,C003614,16,Other,Braga
3614,C003615,16,Other,Porto
3615,C003616,47,Female,Lisbon
3616,C003617,58,Male,Coimbra
3617,C003618,16,Other,Braga
3618,C003619,29,Male,Lisbon
3619,C003620,33,Female,Faro
3620,C003621,47,Other,Braga
3621,C003622,37,Other,Coimbra
3622,C003623,43,Female,Braga
3623,C003624,30,Male,Lisbon
3624,C003625,22,Male,Porto
3625,C003626,48,Male,Faro
3626,C003627,59,Female,Coimbra
3627,C003628,52,Other,Braga
3628,C003629,50,Female,Braga
3629,C003630,41,Male,Lisbon
3630,C003631,65,Male,Lisbon
3631,C003632,44,Female,Braga
3632,C003633,64,Male,Lisbon
3633,C003634,17,Other,Porto
3634,C003635,47,Other,Coimbra
3635,C003636,28,Other,Braga
3636,C003637,55,Female,Lisbon
3637,C003638,60,Other,Coimbra
3638,C003639,44,Female,Braga
3639,C003640,46,Female,Porto
3640,C003641,23,Female,Faro
3641,C003642,54,Other,Porto
3642,C003643,63,Female,Faro
3643,C003644,45,Female,Lisbon
3644,C003645,62,Male,Faro
3645,C003646,53,Unknown,Lisbon
3646,C003647,16,Male,Porto
3647,C003648,20,Other,Faro
3648,C003649,65,Male,Braga
3649,C003650,40,Male,Lisbon
3650,C003651,49,Male,Faro
3651,C003652,23,Male,Braga
3652,C003653,28,Other,Porto
3653,C003654,54,Other,Coimbra
3654,C003655,44,Male,Porto
3655,C003656,50,Other,Porto
3656,C003657,25,Other,Coimbra
3657,C003658,41,Other,Coimbra
3658,C003659,61,Male,Porto
3659,C003660,62,Female,Braga
3660,C003661,53,Other,Porto
3661,C003662,26,Other,Coimbra
3662,C003663,36,Male,Coimbra
3663,C003664,22,Male,Porto
3664,C003665,67,Female,Porto
3665,C003666,47,Male,Faro
3666,C003667,38,Female,Faro
3667,C003668,56,Female,Lisbon
3668,C003669,41,Female,Lisbon
3669,C003670,66,Female,Lisbon
3670,C003671,52,Male,Braga
3671,C003672,31,Female,Porto
3672,C003673,32,Male,Coimbra
3673,C003674,64,Male,Lisbon
3674,C003675,56,Male,Porto
3675,C003676,26,Male,Coimbra
3676,C003677,38,Other,Coimbra
3677,C003678,54,Other,Lisbon
3678,C003679,22,Male,Lisbon
3679,C003680,29,Male,Coimbra
3680,C003681,19,Other,Faro
3681,C003682,67,Female,Faro
3682,C003683,42,Female,Braga
3683,C003684,47,Male,Faro
3684,C003685,53,Male,Braga
3685,C003686,53,Other,Porto
3686,C003687,50,Female,Lisbon
3687,C003688,20,Female,Coimbra
3688,C003689,49,Male,Coimbra
3689,C003690,37,Other,Faro
3690,C003691,22,Male,Porto
3691,C003692,23,Male,Faro
3692,C003693,50,Other,Porto
3693,C003694,27,Female,Coimbra
3694,C003695,19,Other,Porto
3695,C003696,65,Other,Braga
3696,C003697,44,Other,Faro
3697,C003698,62,Other,Porto
3698,C003699,44,Female,Lisbon
3699,C003700,30,Male,Lisbon
3700,C003701,28,Female,Faro
3701,C003702,59,Male,Faro
3702,C003703,42,Other,Braga
3703,C003704,63,Female,Coimbra
3704,C003705,51,Male,Faro
3705,C003706,28,Other,Braga
3706,C003707,52,Other,Braga
3707,C003708,28,Male,Braga
3708,C003709,45,Unknown,Braga
3709,C003710,57,Male,Braga
3710,C003711,31,Male,Lisbon
3711,C003712,26,Female,Coimbra
3712,C003713,39,Female,Coimbra
3713,C003714,32,Unknown,Lisbon
3714,C003715,51,Other,Braga
3715,C003716,62,Female,Porto
3716,C003717,36,Male,Coimbra
3717,C003718,68,Female,Porto
3718,C003719,38,Other,Porto
3719,C003720,62,Female,Porto
3720,C003721,28,Female,Porto
3721,C003722,50,Female,Porto
3722,C003723,62,Other,Porto
3723,C003724,57,Female,Porto
3724,C003725,58,Male,Lisbon
3725,C003726,37,Female,Coimbra
3726,C003727,30,Male,Faro
3727,C003728,22,Female,Faro
3728,C003729,61,Other,Braga
3729,C003730,27,Male,Coimbra
3730,C003731,65,Male,Braga
3731,C003732,24,Other,Faro
3732,C003733,50,Male,Braga
3733,C003734,27,Female,Faro
3734,C003735,22,Female,Braga
3735,C003736,54,Female,Coimbra
3736,C003737,31,Male,Braga
3737,C003738,64,Other,Porto
3738,C003739,50,Other,Faro
3739,C003740,42,Other,Coimbra
3740,C003741,58,Other,Faro
3741,C003742,24,Male,Porto
3742,C003743,46,Female,Faro
3743,C003744,33,Other,Porto
3744,C003745,33,Female,Lisbon
3745,C003746,21,Male,Coimbra
3746,C003747,69,Male,Lisbon
3747,C003748,48,Male,Faro
3748,C003749,60,Female,Lisbon
3749,C003750,50,Female,Porto
3750,C003751,65,Female,Coimbra
3751,C003752,40,Other,Porto
3752,C003753,52,Other,Coimbra
3753,C003754,60,Other,Coimbra
3754,C003755,55,Female,Braga
3755,C003756,48,Other,Porto
3756,C003757,42,Other,Braga
3757,C003758,63,Other,Lisbon
3758,C003759,17,Other,Coimbra
3759,C003760,38,Female,Braga
3760,C003761,28,Male,Braga
3761,C003762,39,Male,Porto
3762,C003763,22,Female,Coimbra
3763,C003764,58,Female,Porto
3764,C003765,33,Male,Faro
3765,C003766,56,Female,Porto
3766,C003767,45,Other,Lisbon
3767,C003768,18,Male,Braga
3768,C003769,46,Female,Lisbon
3769,C003770,54,Female,Coimbra
3770,C003771,24,Male,Braga
3771,C003772,67,Male,Faro
3772,C003773,62,Female,Lisbon
3773,C003774,28,Male,Lisbon
3774,C003775,17,Other,Braga
3775,C003776,21,Male,Lisbon
3776,C003777,28,Other,Lisbon
3777,C003778,43,Male,Porto
3778,C003779,43,Female,Porto
3779,C003780,31,Other,Coimbra
3780,C003781,43,Other,Lisbon
3781,C003782,29,Male,Porto
3782,C003783,53,Female,Coimbra
3783,C003784,60,Female,Faro
3784,C003785,65,Other,Braga
3785,C003786,62,Other,Braga
3786,C003787,16,Male,Lisbon
3787,C003788,53,Female,Coimbra
3788,C003789,55,Other,Lisbon
3789,C003790,18,Female,Braga
3790,C003791,52,Other,Coimbra
3791,C003792,18,Other,Coimbra
3792,C003793,57,Other,Lisbon
3793,C003794,55,Other,Faro
3794,C003795,45,Male,Braga
3795,C003796,31,Other,Lisbon
3796,C003797,31,Other,Lisbon
3797,C003798,45,Other,Braga
3798,C003799,50,Other,Braga
3799,C003800,16,Male,Faro
3800,C003801,44,Male,Faro
3801,C003802,37,Male,Porto
3802,C003803,57,Male,Porto
3803,C003804,34,Male,Braga
3804,C003805,55,Male,Lisbon
3805,C003806,43,Female,Lisbon
3806,C003807,36,Unknown,Porto
3807,C003808,27,Male,Faro
3808,C003809,60,Male,Braga
3809,C003810,24,Other,Braga
3810,C003811,43,Male,Faro
3811,C003812,65,Male,Lisbon
3812,C003813,33,Male,Coimbra
3813,C003814,51,Female,Lisbon
3814,C003815,66,Male,Porto
3815,C003816,50,Other,Porto
3816,C003817,24,Male,Lisbon
3817,C003818,46,Other,Coimbra
3818,C003819,58,Male,Porto
3819,C003820,36,Male,Lisbon
3820,C003821,47,Female,Coimbra
3821,C003822,59,Other,Coimbra
3822,C003823,61,Other,Coimbra
3823,C003824,32,Male,Lisbon
3824,C003825,43,Female,Coimbra
3825,C003826,54,Male,Coimbra
3826,C003827,42,Other,Braga
3827,C003828,58,Other,Porto
3828,C003829,49,Male,Braga
3829,C003830,28,Unknown,Coimbra
3830,C003831,19,Male,Lisbon
3831,C003832,19,Male,Braga
3832,C003833,25,Male,Faro
3833,C003834,40,Other,Lisbon
3834,C003835,69,Other,Porto
3835,C003836,60,Male,Porto
3836,C003837,54,Other,Coimbra
3837,C003838,32,Other,Porto
3838,C003839,30,Male,Faro
3839,C003840,37,Other,Lisbon
3840,C003841,58,Female,Lisbon
3841,C003842,62,Female,Porto
3842,C003843,41,Female,Faro
3843,C003844,57,Male,Braga
3844,C003845,61,Female,Lisbon
3845,C003846,51,Female,Porto
3846,C003847,25,Female,Porto
3847,C003848,49,Other,Braga
3848,C003849,63,Female,Faro
3849,C003850,51,Male,Porto
3850,C003851,34,Male,Braga
3851,C003852,25,Other,Braga
3852,C003853,59,Female,Porto
3853,C003854,64,Other,Faro
3854,C003855,51,Other,Coimbra
3855,C003856,29,Female,Porto
3856,C003857,67,Male,Coimbra
3857,C003858,25,Female,Braga
3858,C003859,53,Female,Lisbon
3859,C003860,69,Female,Coimbra
3860,C003861,23,Female,Lisbon
3861,C003862,48,Female,Coimbra
3862,C003863,51,Female,Faro
3863,C003864,29,Other,Porto
3864,C003865,50,Other,Coimbra
3865,C003866,65,Male,Braga
3866,C003867,16,Other,Porto
3867,C003868,61,Male,Porto
3868,C003869,34,Female,Faro
3869,C003870,16,Male,Coimbra
3870,C003871,67,Female,Lisbon
3871,C003872,56,Male,Porto
3872,C003873,36,Male,Porto
3873,C003874,38,Male,Lisbon
3874,C003875,19,Female,Porto
3875,C003876,60,Male,Faro
3876,C003877,28,Male,Coimbra
3877,C003878,29,Other,Porto
3878,C003879,39,Male,Coimbra
3879,C003880,35,Other,Porto
3880,C003881,62,Female,Faro
3881,C003882,18,Other,Porto
3882,C003883,42,Female,Braga
3883,C003884,44,Other,Porto
3884,C003885,36,Female,Faro
3885,C003886,65,Male,Braga
3886,C003887,47,Male,Coimbra
3887,C003888,26,Male,Lisbon
3888,C003889,38,Female,Faro
3889,C003890,16,Female,Coimbra
3890,C003891,61,Other,Lisbon
3891,C003892,66,Other,Faro
3892,C003893,33,Male,Braga
3893,C003894,18,Other,Porto
3894,C003895,34,Other,Coimbra
3895,C003896,66,Female,Porto
3896,C003897,21,Male,Coimbra
3897,C003898,56,Female,Coimbra
3898,C003899,51,Female,Porto
3899,C003900,27,Male,Faro
3900,C003901,54,Other,Braga
3901,C003902,16,Other,Lisbon
3902,C003903,65,Male,Porto
3903,C003904,28,Other,Braga
3904,C003905,49,Female,Faro
3905,C003906,18,Female,Coimbra
3906,C003907,37,Female,Coimbra
3907,C003908,37,Female,Faro
3908,C003909,52,Male,Porto
3909,C003910,60,Male,Coimbra
3910,C003911,68,Other,Faro
3911,C003912,18,Other,Faro
3912,C003913,38,Male,Coimbra
3913,C003914,19,Male,Lisbon
3914,C003915,39,Female,Porto
3915,C003916,62,Male,Coimbra
3916,C003917,26,Unknown,Lisbon
3917,C003918,23,Female,Coimbra
3918,C003919,32,Female,Braga
3919,C003920,67,Other,Faro
3920,C003921,44,Male,Coimbra
3921,C003922,46,Other,Coimbra
3922,C003923,67,Female,Porto
3923,C003924,65,Male,Braga
3924,C003925,49,Male,Lisbon
3925,C003926,63,Other,Porto
3926,C003927,64,Female,Braga
3927,C003928,58,Male,Coimbra
3928,C003929,66,Male,Coimbra
3929,C003930,45,Female,Coimbra
3930,C003931,50,Other,Lisbon
3931,C003932,42,Female,Braga
3932,C003933,52,Female,Coimbra
3933,C003934,50,Female,Porto
3934,C003935,49,Other,Braga
3935,C003936,21,Male,Faro
3936,C003937,40,Other,Coimbra
3937,C003938,68,Female,Braga
3938,C003939,67,Female,Porto
3939,C003940,18,Female,Lisbon
3940,C003941,42,Male,Porto
3941,C003942,34,Female,Lisbon
3942,C003943,59,Female,Braga
3943,C003944,18,Other,Braga
3944,C003945,45,Female,Braga
3945,C003946,52,Female,Braga
3946,C003947,64,Other,Porto
3947,C003948,30,Other,Coimbra
3948,C003949,16,Male,Lisbon
3949,C003950,22,Other,Porto
3950,C003951,57,Female,Braga
3951,C003952,47,Female,Porto
3952,C003953,35,Male,Faro
3953,C003954,29,Other,Porto
3954,C003955,52,Female,Porto
3955,C003956,37,Male,Faro
3956,C003957,20,Female,Coimbra
3957,C003958,20,Other,Braga
3958,C003959,36,Unknown,Lisbon
3959,C003960,19,Male,Porto
3960,C003961,18,Female,Faro
3961,C003962,26,Male,Faro
3962,C003963,56,Male,Braga
3963,C003964,55,Other,Coimbra
3964,C003965,61,Other,Braga
3965,C003966,54,Female,Lisbon
3966,C003967,38,Other,Braga
3967,C003968,33,Other,Lisbon
3968,C003969,69,Male,Faro
3969,C003970,20,Male,Braga
3970,C003971,36,Male,Lisbon
3971,C003972,64,Male,Porto
3972,C003973,57,Male,Braga
3973,C003974,43,Female,Porto
3974,C003975,42,Female,Porto
3975,C003976,39,Male,Porto
3976,C003977,22,Male,Braga
3977,C003978,66,Female,Porto
3978,C003979,60,Other,Coimbra
3979,C003980,21,Male,Faro
3980,C003981,60,Male,Braga
3981,C003982,56,Male,Coimbra
3982,C003983,66,Female,Coimbra
3983,C003984,16,Male,Braga
3984,C003985,60,Female,Faro
3985,C003986,35,Male,Lisbon
3986,C003987,59,Other,Coimbra
3987,C003988,35,Other,Faro
3988,C003989,50,Female,Faro
3989,C003990,24,Female,Coimbra
3990,C003991,20,Other,Braga
3991,C003992,68,Female,Coimbra
3992,C003993,65,Other,Coimbra
3993,C003994,38,Female,Lisbon
3994,C003995,56,Male,Braga
3995,C003996,37,Male,Braga
3996,C003997,53,Other,Lisbon
3997,C003998,27,Other,Lisbon
3998,C003999,60,Other,Faro
3999,C004000,37,Male,Braga
4000,C004001,18,Other,Porto
4001,C004002,53,Other,Faro
4002,C004003,57,Other,Faro
4003,C004004,41,Unknown,Porto
4004,C004005,39,Other,Faro
4005,C004006,28,Female,Faro
4006,C004007,18,Female,Lisbon
4007,C004008,20,Female,Lisbon
4008,C004009,37,Other,Porto
4009,C004010,38,Other,Coimbra
4010,C004011,41,Other,Lisbon
4011,C004012,64,Female,Faro
4012,C004013,17,Male,Faro
4013,C004014,47,Female,Faro
4014,C004015,47,Female,Faro
4015,C004016,42,Female,Lisbon
4016,C004017,37,Female,Faro
4017,C004018,46,Other,Porto
4018,C004019,42,Other,Porto
4019,C004020,47,Female,Faro
4020,C004021,58,Female,Coimbra
4021,C004022,44,Female,Lisbon
4022,C004023,60,Female,Faro
4023,C004024,16,Female,Lisbon
4024,C004025,36,Male,Porto
4025,C004026,44,Female,Lisbon
4026,C004027,30,Other,Braga
4027,C004028,52,Male,Faro
4028,C004029,33,Female,Braga
4029,C004030,50,Other,Faro
4030,C004031,57,Male,Coimbra
4031,C004032,68,Female,Faro
4032,C004033,35,Male,Coimbra
4033,C004034,52,Other,Porto
4034,C004035,16,Other,Lisbon
4035,C004036,34,Other,Lisbon
4036,C004037,17,Other,Braga
4037,C004038,48,Male,Braga
4038,C004039,40,Female,Coimbra
4039,C004040,40,Other,Braga
4040,C004041,50,Female,Faro
4041,C004042,17,Female,Faro
4042,C004043,69,Female,Coimbra
4043,C004044,25,Male,Porto
4044,C004045,31,Female,Coimbra
4045,C004046,42,Other,Porto
4046,C004047,68,Female,Coimbra
4047,C004048,47,Female,Faro
4048,C004049,25,Female,Braga
4049,C004050,69,Other,Coimbra
4050,C004051,37,Female,Lisbon
4051,C004052,25,Male,Lisbon
4052,C004053,34,Other,Faro
4053,C004054,65,Male,Porto
4054,C004055,17,Male,Coimbra
4055,C004056,69,Male,Lisbon
4056,C004057,51,Other,Coimbra
4057,C004058,60,Male,Lisbon
4058,C004059,35,Male,Porto
4059,C004060,62,Male,Faro
4060,C004061,27,Male,Coimbra
4061,C004062,56,Other,Coimbra
4062,C004063,23,Other,Lisbon
4063,C004064,41,Male,Porto
4064,C004065,40,Other,Lisbon
4065,C004066,20,Male,Lisbon
4066,C004067,61,Female,Lisbon
4067,C004068,60,Female,Lisbon
4068,C004069,34,Other,Porto
4069,C004070,19,Male,Porto
4070,C004071,31,Other,Lisbon
4071,C004072,58,Male,Coimbra
4072,C004073,46,Male,Faro
4073,C004074,47,Other,Porto
4074,C004075,59,Female,Braga
4075,C004076,67,Female,Faro
4076,C004077,45,Other,Braga
4077,C004078,54,Other,Lisbon
4078,C004079,21,Male,Faro
4079,C004080,17,Male,Lisbon
4080,C004081,17,Other,Coimbra
4081,C004082,36,Male,Lisbon
4082,C004083,20,Other,Braga
4083,C004084,64,Male,Lisbon
4084,C004085,16,Male,Braga
4085,C004086,67,Other,Coimbra
4086,C004087,32,Female,Faro
4087,C004088,35,Female,Lisbon
4088,C004089,55,Female,Faro
4089,C004090,69,Male,Braga
4090,C004091,27,Male,Coimbra
4091,C004092,63,Male,Braga
4092,C004093,45,Female,Lisbon
4093,C004094,18,Male,Braga
4094,C004095,67,Male,Braga
4095,C004096,68,Female,Coimbra
4096,C004097,27,Male,Porto
4097,C004098,44,Female,Braga
4098,C004099,44,Female,Coimbra
4099,C004100,30,Other,Coimbra
4100,C004101,22,Female,Faro
4101,C004102,55,Male,Braga
4102,C004103,63,Other,Lisbon
4103,C004104,44,Female,Braga
4104,C004105,45,Female,Porto
4105,C004106,55,Other,Lisbon
4106,C004107,25,Male,Coimbra
4107,C004108,49,Male,Faro
4108,C004109,33,Other,Coimbra
4109,C004110,20,Male,Braga
4110,C004111,29,Female,Porto
4111,C004112,40,Male,Coimbra
4112,C004113,27,Other,Lisbon
4113,C004114,38,Other,Coimbra
4114,C004115,57,Male,Coimbra
4115,C004116,22,Female,Porto
4116,C004117,61,Female,Porto
4117,C004118,23,Male,Porto
4118,C004119,19,Male,Coimbra
4119,C004120,64,Male,Braga
4120,C004121,64,Male,Coimbra
4121,C004122,41,Female,Coimbra
4122,C004123,31,Male,Lisbon
4123,C004124,51,Female,Lisbon
4124,C004125,44,Male,Porto
4125,C004126,69,Female,Faro
4126,C004127,63,Other,Lisbon
4127,C004128,16,Other,Porto
4128,C004129,43,Male,Lisbon
4129,C004130,50,Male,Braga
4130,C004131,26,Male,Faro
4131,C004132,29,Male,Braga
4132,C004133,27,Female,Lisbon
4133,C004134,69,Other,Lisbon
4134,C004135,61,Male,Coimbra
4135,C004136,44,Male,Coimbra
4136,C004137,28,Other,Faro
4137,C004138,63,Other,Lisbon
4138,C004139,62,Other,Coimbra
4139,C004140,46,Male,Faro
4140,C004141,22,Male,Lisbon
4141,C004142,69,Male,Porto
4142,C004143,57,Other,Faro
4143,C004144,58,Male,Faro
4144,C004145,26,Other,Porto
4145,C004146,48,Male,Braga
4146,C004147,36,Male,Braga
4147,C004148,53,Male,Lisbon
4148,C004149,60,Other,Faro
4149,C004150,50,Female,Coimbra
4150,C004151,21,Other,Braga
4151,C004152,34,Male,Lisbon
4152,C004153,59,Male,Porto
4153,C004154,68,Female,Braga
4154,C004155,59,Female,Faro
4155,C004156,67,Other,Porto
4156,C004157,31,Male,Faro
4157,C004158,33,Other,Braga
4158,C004159,32,Female,Porto
4159,C004160,50,Female,Coimbra
4160,C004161,66,Female,Coimbra
4161,C004162,42,Female,Braga
4162,C004163,61,Male,Coimbra
4163,C004164,41,Male,Coimbra
4164,C004165,37,Other,Coimbra
4165,C004166,34,Female,Coimbra
4166,C004167,54,Male,Coimbra
4167,C004168,48,Other,Coimbra
4168,C004169,17,Male,Lisbon
4169,C004170,63,Other,Lisbon
4170,C004171,49,Female,Coimbra
4171,C004172,17,Female,Coimbra
4172,C004173,62,Male,Faro
4173,C004174,21,Male,Coimbra
4174,C004175,49,Female,Coimbra
4175,C004176,69,Female,Braga
4176,C004177,62,Female,Faro
4177,C004178,58,Female,Coimbra
4178,C004179,19,Other,Porto
4179,C004180,45,Male,Braga
4180,C004181,42,Male,Faro
4181,C004182,30,Female,Porto
4182,C004183,57,Male,Braga
4183,C004184,41,Female,Lisbon
4184,C004185,19,Other,Porto
4185,C004186,45,Male,Porto
4186,C004187,69,Other,Braga
4187,C004188,59,Female,Lisbon
4188,C004189,21,Male,Coimbra
4189,C004190,17,Other,Braga
4190,C004191,28,Other,Lisbon
4191,C004192,52,Female,Porto
4192,C004193,17,Female,Lisbon
4193,C004194,65,Male,Coimbra
4194,C004195,50,Male,Porto
4195,C004196,36,Male,Coimbra
4196,C004197,43,Female,Lisbon
4197,C004198,29,Male,Porto
4198,C004199,41,Male,Braga
4199,C004200,21,Female,Braga
4200,C004201,62,Other,Braga
4201,C004202,26,Male,Braga
4202,C004203,58,Male,Braga
4203,C004204,26,Other,Braga
4204,C004205,60,Other,Porto
4205,C004206,61,Other,Coimbra
4206,C004207,55,Male,Braga
4207,C004208,59,Female,Porto
4208,C004209,55,Male,Braga
4209,C004210,45,Female,Lisbon
4210,C004211,40,Female,Porto
4211,C004212,50,Male,Lisbon
4212,C004213,41,Other,Porto
4213,C004214,37,Female,Faro
4214,C004215,30,Female,Porto
4215,C004216,47,Other,Faro
4216,C004217,33,Other,Porto
4217,C004218,29,Other,Coimbra
4218,C004219,56,Other,Faro
4219,C004220,53,Other,Coimbra
4220,C004221,20,Other,Braga
4221,C004222,50,Other,Faro
4222,C004223,38,Female,Porto
4223,C004224,68,Male,Lisbon
4224,C004225,48,Male,Braga
4225,C004226,44,Other,Braga
4226,C004227,69,Male,Coimbra
4227,C004228,39,Other,Coimbra
4228,C004229,64,Other,Lisbon
4229,C004230,27,Other,Faro
4230,C004231,58,Male,Lisbon
4231,C004232,30,Female,Coimbra
4232,C004233,61,Male,Lisbon
4233,C004234,35,Female,Lisbon
4234,C004235,17,Other,Lisbon
4235,C004236,31,Other,Lisbon
4236,C004237,54,Male,Lisbon
4237,C004238,35,Female,Lisbon
4238,C004239,65,Other,Faro
4239,C004240,65,Male,Porto
4240,C004241,26,Male,Faro
4241,C004242,65,Other,Porto
4242,C004243,32,Female,Faro
4243,C004244,48,Male,Lisbon
4244,C004245,69,Other,Lisbon
4245,C004246,20,Other,Braga
4246,C004247,49,Male,Braga
4247,C004248,43,Female,Braga
4248,C004249,65,Female,Lisbon
4249,C004250,56,Female,Braga
4250,C004251,27,Other,Coimbra
4251,C004252,50,Female,Lisbon
4252,C004253,25,Male,Braga
4253,C004254,21,Male,Braga
4254,C004255,37,Other,Faro
4255,C004256,57,Other,Porto
4256,C004257,64,Male,Braga
4257,C004258,45,Other,Faro
4258,C004259,65,Female,Braga
4259,C004260,67,Female,Coimbra
4260,C004261,37,Male,Faro
4261,C004262,55,Female,Lisbon
4262,C004263,53,Unknown,Coimbra
4263,C004264,41,Female,Coimbra
4264,C004265,49,Female,Faro
4265,C004266,34,Male,Lisbon
4266,C004267,26,Male,Lisbon
4267,C004268,39,Female,Coimbra
4268,C004269,66,Male,Coimbra
4269,C004270,17,Other,Porto
4270,C004271,43,Female,Braga
4271,C004272,26,Male,Braga
4272,C004273,40,Other,Braga
4273,C004274,20,Other,Braga
4274,C004275,42,Other,Porto
4275,C004276,60,Male,Braga
4276,C004277,30,Male,Braga
4277,C004278,35,Male,Lisbon
4278,C004279,20,Other,Faro
4279,C004280,22,Other,Coimbra
4280,C004281,62,Other,Lisbon
4281,C004282,69,Male,Braga
4282,C004283,65,Female,Coimbra
4283,C004284,41,Female,Braga
4284,C004285,57,Other,Porto
4285,C004286,57,Other,Faro
4286,C004287,35,Female,Coimbra
4287,C004288,46,Other,Lisbon
4288,C004289,20,Male,Porto
4289,C004290,18,Female,Faro
4290,C004291,48,Other,Porto
4291,C004292,33,Female,Lisbon
4292,C004293,17,Other,Braga
4293,C004294,47,Other,Porto
4294,C004295,64,Other,Lisbon
4295,C004296,35,Female,Porto
4296,C004297,38,Female,Braga
4297,C004298,64,Female,Lisbon
4298,C004299,16,Male,Braga
4299,C004300,38,Other,Porto
4300,C004301,45,Male,Braga
4301,C004302,58,Other,Braga
4302,C004303,65,Male,Coimbra
4303,C004304,63,Female,Coimbra
4304,C004305,55,Female,Porto
4305,C004306,37,Female,Porto
4306,C004307,43,Male,Faro
4307,C004308,20,Other,Coimbra
4308,C004309,45,Male,Porto
4309,C004310,66,Male,Faro
4310,C004311,34,Female,Lisbon
4311,C004312,50,Other,Faro
4312,C004313,38,Other,Porto
4313,C004314,22,Female,Lisbon
4314,C004315,65,Other,Faro
4315,C004316,35,Other,Porto
4316,C004317,38,Female,Faro
4317,C004318,50,Female,Porto
4318,C004319,50,Other,Porto
4319,C004320,55,Other,Lisbon
4320,C004321,45,Female,Porto
4321,C004322,67,Other,Faro
4322,C004323,40,Female,Porto
4323,C004324,64,Male,Faro
4324,C004325,18,Other,Porto
4325,C004326,55,Other,Braga
4326,C004327,30,Other,Lisbon
4327,C004328,67,Male,Coimbra
4328,C004329,33,Other,Porto
4329,C004330,41,Unknown,Braga
4330,C004331,52,Female,Braga
4331,C004332,54,Female,Coimbra
4332,C004333,67,Female,Lisbon
4333,C004334,67,Other,Coimbra
4334,C004335,64,Female,Porto
4335,C004336,47,Male,Lisbon
4336,C004337,28,Male,Lisbon
4337,C004338,64,Female,Porto
4338,C004339,17,Male,Faro
4339,C004340,28,Male,Braga
4340,C004341,64,Female,Faro
4341,C004342,51,Male,Coimbra
4342,C004343,23,Male,Faro
4343,C004344,42,Other,Porto
4344,C004345,69,Female,Lisbon
4345,C004346,45,Male,Coimbra
4346,C004347,38,Male,Faro
4347,C004348,57,Female,Braga
4348,C004349,30,Male,Porto
4349,C004350,32,Other,Coimbra
4350,C004351,18,Female,Braga
4351,C004352,45,Male,Faro
4352,C004353,55,Female,Braga
4353,C004354,36,Male,Porto
4354,C004355,68,Female,Braga
4355,C004356,44,Female,Lisbon
4356,C004357,34,Male,Faro
4357,C004358,25,Other,Lisbon
4358,C004359,61,Other,Lisbon
4359,C004360,45,Other,Coimbra
4360,C004361,35,Female,Braga
4361,C004362,17,Male,Lisbon
4362,C004363,52,Male,Porto
4363,C004364,24,Male,Porto
4364,C004365,16,Female,Faro
4365,C004366,51,Male,Braga
4366,C004367,54,Other,Braga
4367,C004368,16,Other,Braga
4368,C004369,21,Other,Faro
4369,C004370,54,Other,Lisbon
4370,C004371,68,Female,Lisbon
4371,C004372,61,Female,Faro
4372,C004373,25,Female,Braga
4373,C004374,25,Male,Porto
4374,C004375,30,Other,Faro
4375,C004376,67,Female,Lisbon
4376,C004377,17,Unknown,Faro
4377,C004378,47,Male,Porto
4378,C004379,31,Other,Coimbra
4379,C004380,64,Other,Lisbon
4380,C004381,69,Other,Lisbon
4381,C004382,19,Male,Faro
4382,C004383,23,Female,Coimbra
4383,C004384,33,Other,Coimbra
4384,C004385,20,Male,Braga
4385,C004386,18,Other,Lisbon
4386,C004387,46,Other,Coimbra
4387,C004388,53,Other,Braga
4388,C004389,19,Other,Lisbon
4389,C004390,50,Male,Lisbon
4390,C004391,33,Female,Lisbon
4391,C004392,33,Female,Faro
4392,C004393,28,Unknown,Coimbra
4393,C004394,22,Other,Porto
4394,C004395,16,Male,Braga
4395,C004396,54,Female,Porto
4396,C004397,60,Female,Porto
4397,C004398,26,Female,Coimbra
4398,C004399,39,Other,Lisbon
4399,C004400,59,Other,Braga
4400,C004401,56,Other,Coimbra
4401,C004402,45,Other,Faro
4402,C004403,26,Female,Braga
4403,C004404,60,Other,Braga
4404,C004405,54,Male,Faro
4405,C004406,45,Other,Coimbra
4406,C004407,67,Female,Braga
4407,C004408,43,Female,Faro
4408,C004409,55,Female,Porto
4409,C004410,46,Male,Faro
4410,C004411,33,Male,Lisbon
4411,C004412,22,Male,Faro
4412,C004413,49,Female,Porto
4413,C004414,39,Male,Lisbon
4414,C004415,29,Female,Faro
4415,C004416,60,Male,Coimbra
4416,C004417,60,Male,Faro
4417,C004418,59,Female,Faro
4418,C004419,21,Other,Lisbon
4419,C004420,41,Other,Faro
4420,C004421,52,Male,Faro
4421,C004422,45,Female,Coimbra
4422,C004423,23,Other,Lisbon
4423,C004424,59,Female,Faro
4424,C004425,60,Other,Coimbra
4425,C004426,23,Male,Braga
4426,C004427,46,Female,Coimbra
4427,C004428,62,Female,Faro
4428,C004429,69,Other,Faro
4429,C004430,59,Male,Coimbra
4430,C004431,69,Other,Coimbra
4431,C004432,65,Female,Coimbra
4432,C004433,31,Other,Lisbon
4433,C004434,17,Male,Porto
4434,C004435,27,Male,Braga
4435,C004436,49,Other,Porto
4436,C004437,44,Female,Porto
4437,C004438,34,Other,Lisbon
4438,C004439,50,Female,Braga
4439,C004440,19,Other,Braga
4440,C004441,26,Male,Coimbra
4441,C004442,27,Other,Faro
4442,C004443,53,Male,Porto
4443,C004444,67,Female,Lisbon
4444,C004445,35,Female,Porto
4445,C004446,38,Male,Coimbra
4446,C004447,45,Other,Coimbra
4447,C004448,31,Female,Porto
4448,C004449,41,Male,Faro
4449,C004450,66,Male,Porto
4450,C004451,47,Female,Coimbra
4451,C004452,25,Male,Faro
4452,C004453,23,Male,Porto
4453,C004454,33,Female,Lisbon
4454,C004455,43,Female,Porto
4455,C004456,26,Male,Porto
4456,C004457,23,Male,Braga
4457,C004458,47,Other,Porto
4458,C004459,65,Other,Faro
4459,C004460,27,Male,Porto
4460,C004461,33,Other,Faro
4461,C004462,53,Female,Braga
4462,C004463,28,Female,Braga
4463,C004464,48,Male,Faro
4464,C004465,26,Other,Porto
4465,C004466,42,Female,Porto
4466,C004467,64,Male,Faro
4467,C004468,28,Other,Coimbra
4468,C004469,62,Female,Braga
4469,C004470,24,Other,Lisbon
4470,C004471,19,Other,Faro
4471,C004472,42,Male,Porto
4472,C004473,18,Male,Porto
4473,C004474,43,Male,Coimbra
4474,C004475,17,Male,Braga
4475,C004476,66,Female,Coimbra
4476,C004477,60,Other,Coimbra
4477,C004478,42,Male,Coimbra
4478,C004479,50,Other,Braga
4479,C004480,19,Other,Lisbon
4480,C004481,34,Male,Lisbon
4481,C004482,34,Unknown,Coimbra
4482,C004483,55,Other,Coimbra
4483,C004484,67,Female,Lisbon
4484,C004485,20,Male,Lisbon
4485,C004486,46,Female,Braga
4486,C004487,40,Female,Braga
4487,C004488,24,Other,Faro
4488,C004489,47,Male,Lisbon
4489,C004490,18,Male,Coimbra
4490,C004491,32,Other,Coimbra
4491,C004492,20,Other,Coimbra
4492,C004493,52,Male,Lisbon
4493,C004494,50,Male,Porto
4494,C004495,61,Other,Faro
4495,C004496,54,Female,Braga
4496,C004497,47,Male,Porto
4497,C004498,18,Female,Lisbon
4498,C004499,58,Male,Coimbra
4499,C004500,41,Male,Braga
4500,C004501,37,Female,Coimbra
4501,C004502,45,Other,Lisbon
4502,C004503,22,Male,Faro
4503,C004504,69,Female,Faro
4504,C004505,39,Other,Faro
4505,C004506,29,Other,Coimbra
4506,C004507,35,Male,Coimbra
4507,C004508,24,Male,Coimbra
4508,C004509,16,Male,Faro
4509,C004510,42,Male,Porto
4510,C004511,56,Male,Lisbon
4511,C004512,48,Male,Braga
4512,C004513,54,Other,Braga
4513,C004514,47,Male,Faro
4514,C004515,55,Female,Coimbra
4515,C004516,37,Female,Porto
4516,C004517,36,Female,Porto
4517,C004518,45,Other,Porto
4518,C004519,20,Female,Faro
4519,C004520,69,Male,Lisbon
4520,C004521,45,Male,Porto
4521,C004522,42,Female,Porto
4522,C004523,63,Male,Faro
4523,C004524,52,Female,Lisbon
4524,C004525,67,Other,Coimbra
4525,C004526,26,Male,Braga
4526,C004527,41,Male,Coimbra
4527,C004528,31,Other,Braga
4528,C004529,19,Other,Lisbon
4529,C004530,29,Female,Braga
4530,C004531,49,Male,Faro
4531,C004532,44,Female,Porto
4532,C004533,25,Male,Coimbra
4533,C004534,62,Female,Lisbon
4534,C004535,23,Other,Coimbra
4535,C004536,68,Female,Coimbra
4536,C004537,16,Male,Braga
4537,C004538,36,Male,Faro
4538,C004539,49,Other,Faro
4539,C004540,17,Other,Braga
4540,C004541,44,Other,Porto
4541,C004542,64,Other,Porto
4542,C004543,67,Female,Braga
4543,C004544,31,Male,Lisbon
4544,C004545,32,Male,Porto
4545,C004546,38,Male,Faro
4546,C004547,54,Female,Faro
4547,C004548,68,Other,Faro
4548,C004549,35,Male,Faro
4549,C004550,19,Female,Faro
4550,C004551,62,Other,Lisbon
4551,C004552,51,Male,Coimbra
4552,C004553,30,Male,Coimbra
4553,C004554,62,Female,Braga
4554,C004555,27,Female,Lisbon
4555,C004556,67,Male,Lisbon
4556,C004557,56,Male,Porto
4557,C004558,22,Male,Coimbra
4558,C004559,46,Male,Braga
4559,C004560,46,Female,Coimbra
4560,C004561,66,Other,Braga
4561,C004562,56,Other,Lisbon
4562,C004563,20,Female,Coimbra
4563,C004564,56,Male,Coimbra
4564,C004565,64,Male,Lisbon
4565,C004566,16,Female,Lisbon
4566,C004567,19,Female,Coimbra
4567,C004568,61,Male,Coimbra
4568,C004569,56,Other,Braga
4569,C004570,32,Other,Braga
4570,C004571,53,Male,Braga
4571,C004572,48,Male,Faro
4572,C004573,31,Female,Braga
4573,C004574,45,Other,Porto
4574,C004575,25,Other,Lisbon
4575,C004576,36,Female,Porto
4576,C004577,46,Unknown,Braga
4577,C004578,57,Male,Faro
4578,C004579,67,Male,Faro
4579,C004580,66,Female,Braga
4580,C004581,43,Male,Lisbon
4581,C004582,60,Male,Lisbon
4582,C004583,44,Other,Faro
4583,C004584,23,Male,Faro
4584,C004585,40,Male,Coimbra
4585,C004586,65,Male,Porto
4586,C004587,29,Male,Coimbra
4587,C004588,18,Other,Porto
4588,C004589,62,Female,Braga
4589,C004590,32,Other,Lisbon
4590,C004591,49,Female,Braga
4591,C004592,57,Female,Braga
4592,C004593,45,Other,Coimbra
4593,C004594,25,Female,Lisbon
4594,C004595,32,Female,Faro
4595,C004596,39,Female,Coimbra
4596,C004597,62,Female,Porto
4597,C004598,41,Male,Coimbra
4598,C004599,68,Male,Lisbon
4599,C004600,68,Male,Lisbon
4600,C004601,52,Male,Lisbon
4601,C004602,66,Male,Coimbra
4602,C004603,64,Male,Coimbra
4603,C004604,58,Male,Porto
4604,C004605,55,Male,Lisbon
4605,C004606,47,Female,Lisbon
4606,C004607,43,Female,Braga
4607,C004608,20,Other,Coimbra
4608,C004609,62,Male,Lisbon
4609,C004610,67,Female,Coimbra
4610,C004611,61,Female,Lisbon
4611,C004612,41,Female,Lisbon
4612,C004613,21,Other,Faro
4613,C004614,24,Other,Lisbon
4614,C004615,46,Male,Lisbon
4615,C004616,50,Male,Braga
4616,C004617,43,Male,Lisbon
4617,C004618,53,Other,Braga
4618,C004619,30,Female,Lisbon
4619,C004620,40,Female,Coimbra
4620,C004621,57,Male,Porto
4621,C004622,18,Other,Faro
4622,C004623,54,Female,Porto
4623,C004624,66,Male,Braga
4624,C004625,38,Other,Coimbra
4625,C004626,19,Male,Braga
4626,C004627,31,Female,Coimbra
4627,C004628,61,Male,Porto
4628,C004629,19,Female,Lisbon
4629,C004630,20,Other,Porto
4630,C004631,68,Female,Faro
4631,C004632,43,Male,Braga
4632,C004633,44,Female,Porto
4633,C004634,27,Other,Lisbon
4634,C004635,41,Female,Porto
4635,C004636,34,Female,Braga
4636,C004637,20,Female,Faro
4637,C004638,20,Male,Coimbra
4638,C004639,20,Other,Braga
4639,C004640,43,Male,Porto
4640,C004641,16,Other,Coimbra
4641,C004642,37,Male,Faro
4642,C004643,24,Female,Faro
4643,C004644,35,Other,Lisbon
4644,C004645,29,Female,Faro
4645,C004646,61,Other,Lisbon
4646,C004647,34,Other,Lisbon
4647,C004648,67,Female,Porto
4648,C004649,44,Female,Braga
4649,C004650,58,Male,Braga
4650,C004651,42,Male,Coimbra
4651,C004652,69,Male,Braga
4652,C004653,57,Female,Braga
4653,C004654,16,Female,Porto
4654,C004655,60,Male,Porto
4655,C004656,59,Male,Lisbon
4656,C004657,16,Male,Lisbon
4657,C004658,62,Male,Lisbon
4658,C004659,38,Other,Faro
4659,C004660,23,Female,Faro
4660,C004661,20,Male,Coimbra
4661,C004662,33,Male,Porto
4662,C004663,36,Male,Lisbon
4663,C004664,41,Male,Porto
4664,C004665,51,Male,Lisbon
4665,C004666,34,Female,Braga
4666,C004667,47,Female,Coimbra
4667,C004668,54,Female,Braga
4668,C004669,57,Other,Lisbon
4669,C004670,44,Female,Coimbra
4670,C004671,56,Other,Lisbon
4671,C004672,22,Male,Porto
4672,C004673,61,Female,Faro
4673,C004674,64,Male,Coimbra
4674,C004675,63,Male,Braga
4675,C004676,22,Other,Lisbon
4676,C004677,39,Other,Lisbon
4677,C004678,66,Female,Porto
4678,C004679,42,Male,Porto
4679,C004680,48,Other,Porto
4680,C004681,59,Other,Coimbra
4681,C004682,45,Other,Porto
4682,C004683,47,Male,Lisbon
4683,C004684,47,Other,Lisbon
4684,C004685,25,Male,Porto
4685,C004686,29,Female,Braga
4686,C004687,40,Female,Porto
4687,C004688,43,Unknown,Lisbon
4688,C004689,54,Other,Porto
4689,C004690,68,Other,Coimbra
4690,C004691,19,Female,Porto
4691,C004692,33,Male,Faro
4692,C004693,64,Other,Braga
4693,C004694,45,Other,Porto
4694,C004695,38,Female,Lisbon
4695,C004696,19,Female,Lisbon
4696,C004697,64,Other,Lisbon
4697,C004698,59,Male,Braga
4698,C004699,42,Male,Porto
4699,C004700,36,Female,Faro
4700,C004701,43,Male,Porto
4701,C004702,68,Male,Coimbra
4702,C004703,29,Female,Porto
4703,C004704,44,Other,Coimbra
4704,C004705,16,Female,Coimbra
4705,C004706,64,Female,Braga
4706,C004707,61,Other,Faro
4707,C004708,18,Male,Lisbon
4708,C004709,24,Male,Porto
4709,C004710,62,Female,Braga
4710,C004711,58,Female,Coimbra
4711,C004712,24,Male,Porto
4712,C004713,30,Female,Faro
4713,C004714,53,Female,Faro
4714,C004715,20,Other,Faro
4715,C004716,36,Other,Braga
4716,C004717,67,Other,Faro
4717,C004718,63,Male,Porto
4718,C004719,64,Male,Faro
4719,C004720,33,Male,Braga
4720,C004721,53,Female,Coimbra
4721,C004722,41,Female,Braga
4722,C004723,48,Female,Lisbon
4723,C004724,31,Other,Lisbon
4724,C004725,43,Other,Faro
4725,C004726,54,Male,Coimbra
4726,C004727,57,Female,Porto
4727,C004728,49,Female,Braga
4728,C004729,18,Other,Braga
4729,C004730,54,Female,Porto
4730,C004731,54,Other,Braga
4731,C004732,27,Unknown,Lisbon
4732,C004733,28,Other,Braga
4733,C004734,28,Male,Porto
4734,C004735,67,Other,Faro
4735,C004736,21,Other,Braga
4736,C004737,62,Other,Lisbon
4737,C004738,31,Other,Coimbra
4738,C004739,25,Other,Faro
4739,C004740,20,Female,Lisbon
4740,C004741,48,Male,Faro
4741,C004742,38,Female,Braga
4742,C004743,36,Female,Coimbra
4743,C004744,28,Male,Porto
4744,C004745,23,Male,Lisbon
4745,C004746,25,Female,Lisbon
4746,C004747,67,Other,Braga
4747,C004748,47,Female,Braga
4748,C004749,67,Male,Faro
4749,C004750,60,Male,Lisbon
4750,C004751,51,Other,Coimbra
4751,C004752,33,Other,Coimbra
4752,C004753,47,Unknown,Porto
4753,C004754,65,Female,Lisbon
4754,C004755,21,Male,Faro
4755,C004756,16,Other,Lisbon
4756,C004757,22,Female,Coimbra
4757,C004758,20,Female,Faro
4758,C004759,20,Male,Lisbon
4759,C004760,53,Female,Porto
4760,C004761,19,Other,Braga
4761,C004762,65,Female,Coimbra
4762,C004763,43,Female,Faro
4763,C004764,19,Male,Braga
4764,C004765,19,Other,Porto
4765,C004766,50,Other,Faro
4766,C004767,58,Female,Coimbra
4767,C004768,41,Male,Porto
4768,C004769,44,Male,Lisbon
4769,C004770,54,Male,Braga
4770,C004771,65,Female,Faro
4771,C004772,17,Female,Faro
4772,C004773,55,Other,Lisbon
4773,C004774,66,Other,Lisbon
4774,C004775,61,Other,Coimbra
4775,C004776,68,Other,Coimbra
4776,C004777,41,Male,Braga
4777,C004778,43,Other,Faro
4778,C004779,45,Female,Porto
4779,C004780,64,Male,Porto
4780,C004781,62,Other,Braga
4781,C004782,19,Other,Lisbon
4782,C004783,44,Female,Lisbon
4783,C004784,64,Female,Porto
4784,C004785,54,Other,Coimbra
4785,C004786,66,Female,Faro
4786,C004787,68,Other,Braga
4787,C004788,35,Female,Lisbon
4788,C004789,23,Female,Braga
4789,C004790,52,Female,Lisbon
4790,C004791,63,Other,Lisbon
4791,C004792,57,Other,Faro
4792,C004793,42,Other,Coimbra
4793,C004794,38,Male,Braga
4794,C004795,34,Female,Braga
4795,C004796,38,Female,Lisbon
4796,C004797,61,Female,Braga
4797,C004798,33,Male,Faro
4798,C004799,68,Male,Braga
4799,C004800,64,Unknown,Porto
4800,C004801,57,Male,Lisbon
4801,C004802,29,Other,Faro
4802,C004803,51,Other,Coimbra
4803,C004804,38,Other,Faro
4804,C004805,21,Male,Lisbon
4805,C004806,45,Female,Faro
4806,C004807,16,Male,Porto
4807,C004808,56,Female,Braga
4808,C004809,18,Male,Porto
4809,C004810,49,Female,Porto
4810,C004811,38,Other,Porto
4811,C004812,57,Male,Coimbra
4812,C004813,46,Female,Braga
4813,C004814,20,Female,Coimbra
4814,C004815,52,Other,Braga
4815,C004816,49,Male,Braga
4816,C004817,60,Male,Faro
4817,C004818,25,Female,Coimbra
4818,C004819,69,Male,Faro
4819,C004820,25,Other,Lisbon
4820,C004821,32,Male,Braga
4821,C004822,16,Unknown,Braga
4822,C004823,16,Female,Coimbra
4823,C004824,30,Other,Coimbra
4824,C004825,48,Female,Braga
4825,C004826,45,Other,Faro
4826,C004827,58,Female,Porto
4827,C004828,38,Male,Braga
4828,C004829,55,Female,Coimbra
4829,C004830,36,Other,Coimbra
4830,C004831,46,Male,Braga
4831,C004832,37,Other,Lisbon
4832,C004833,43,Male,Braga
4833,C004834,34,Other,Faro
4834,C004835,29,Female,Coimbra
4835,C004836,16,Male,Braga
4836,C004837,52,Male,Porto
4837,C004838,18,Other,Lisbon
4838,C004839,42,Female,Braga
4839,C004840,67,Other,Porto
4840,C004841,58,Other,Lisbon
4841,C004842,54,Other,Lisbon
4842,C004843,37,Other,Lisbon
4843,C004844,19,Male,Coimbra
4844,C004845,47,Other,Lisbon
4845,C004846,57,Male,Coimbra
4846,C004847,45,Female,Lisbon
4847,C004848,34,Other,Porto
4848,C004849,33,Other,Coimbra
4849,C004850,55,Unknown,Braga
4850,C004851,66,Male,Braga
4851,C004852,17,Female,Porto
4852,C004853,65,Female,Lisbon
4853,C004854,34,Other,Porto
4854,C004855,27,Female,Lisbon
4855,C004856,28,Female,Coimbra
4856,C004857,40,Female,Coimbra
4857,C004858,35,Female,Porto
4858,C004859,64,Male,Faro
4859,C004860,63,Other,Porto
4860,C004861,20,Other,Coimbra
4861,C004862,20,Female,Faro
4862,C004863,18,Male,Braga
4863,C004864,39,Male,Lisbon
4864,C004865,38,Male,Faro
4865,C004866,55,Other,Porto
4866,C004867,57,Male,Porto
4867,C004868,36,Female,Faro
4868,C004869,20,Other,Coimbra
4869,C004870,40,Male,Coimbra
4870,C004871,59,Other,Coimbra
4871,C004872,40,Female,Lisbon
4872,C004873,18,Other,Coimbra
4873,C004874,27,Male,Lisbon
4874,C004875,54,Female,Lisbon
4875,C004876,32,Other,Coimbra
4876,C004877,58,Other,Porto
4877,C004878,32,Male,Faro
4878,C004879,45,Male,Coimbra
4879,C004880,21,Male,Porto
4880,C004881,51,Other,Faro
4881,C004882,22,Other,Lisbon
4882,C004883,26,Other,Coimbra
4883,C004884,48,Other,Braga
4884,C004885,50,Male,Faro
4885,C004886,30,Female,Braga
4886,C004887,30,Female,Coimbra
4887,C004888,48,Female,Lisbon
4888,C004889,36,Female,Braga
4889,C004890,16,Female,Braga
4890,C004891,48,Male,Lisbon
4891,C004892,56,Other,Faro
4892,C004893,51,Female,Lisbon
4893,C004894,49,Female,Faro
4894,C004895,29,Female,Braga
4895,C004896,40,Female,Braga
4896,C004897,67,Female,Porto
4897,C004898,67,Male,Lisbon
4898,C004899,62,Other,Lisbon
4899,C004900,45,Female,Faro
4900,C004901,22,Other,Coimbra
4901,C004902,52,Male,Braga
4902,C004903,57,Female,Porto
4903,C004904,41,Male,Faro
4904,C004905,18,Other,Lisbon
4905,C004906,21,Female,Faro
4906,C004907,30,Male,Coimbra
4907,C004908,36,Male,Lisbon
4908,C004909,33,Male,Braga
4909,C004910,36,Other,Lisbon
4910,C004911,65,Female,Lisbon
4911,C004912,20,Male,Braga
4912,C004913,45,Female,Porto
4913,C004914,26,Female,Braga
4914,C004915,46,Other,Porto
4915,C004916,26,Other,Lisbon
4916,C004917,60,Other,Lisbon
4917,C004918,52,Other,Faro
4918,C004919,56,Other,Faro
4919,C004920,62,Other,Coimbra
4920,C004921,46,Male,Faro
4921,C004922,66,Male,Porto
4922,C004923,30,Female,Faro
4923,C004924,51,Other,Porto
4924,C004925,50,Other,Lisbon
4925,C004926,39,Other,Porto
4926,C004927,20,Other,Porto
4927,C004928,33,Female,Braga
4928,C004929,55,Female,Lisbon
4929,C004930,66,Female,Coimbra
4930,C004931,50,Other,Lisbon
4931,C004932,30,Female,Faro
4932,C004933,69,Female,Coimbra
4933,C004934,51,Female,Faro
4934,C004935,63,Male,Porto
4935,C004936,66,Male,Lisbon
4936,C004937,46,Male,Faro
4937,C004938,33,Unknown,Porto
4938,C004939,29,Female,Coimbra
4939,C004940,21,Female,Braga
4940,C004941,65,Female,Braga
4941,C004942,16,Unknown,Braga
4942,C004943,31,Male,Lisbon
4943,C004944,39,Female,Coimbra
4944,C004945,56,Male,Braga
4945,C004946,43,Male,Faro
4946,C004947,44,Other,Porto
4947,C004948,53,Male,Faro
4948,C004949,36,Male,Braga
4949,C004950,67,Male,Braga
4950,C004951,45,Male,Braga
4951,C004952,66,Other,Braga
4952,C004953,39,Female,Porto
4953,C004954,32,Other,Porto
4954,C004955,60,Female,Faro
4955,C004956,66,Female,Porto
4956,C004957,35,Other,Faro
4957,C004958,69,Other,Lisbon
4958,C004959,22,Female,Lisbon
4959,C004960,51,Unknown,Lisbon
4960,C004961,27,Other,Lisbon
4961,C004962,47,Female,Faro
4962,C004963,66,Female,Braga
4963,C004964,35,Male,Braga
4964,C004965,29,Female,Braga
4965,C004966,23,Other,Faro
4966,C004967,21,Other,Braga
4967,C004968,63,Other,Coimbra
4968,C004969,62,Other,Faro
4969,C004970,58,Male,Faro
4970,C004971,59,Female,Faro
4971,C004972,52,Male,Lisbon
4972,C004973,24,Male,Braga
4973,C004974,65,Other,Braga
4974,C004975,51,Female,Lisbon
4975,C004976,34,Male,Porto
4976,C004977,59,Other,Coimbra
4977,C004978,41,Other,Coimbra
4978,C004979,53,Male,Porto
4979,C004980,46,Male,Lisbon
4980,C004981,62,Female,Faro
4981,C004982,49,Other,Porto
4982,C004983,58,Male,Coimbra
4983,C004984,38,Male,Lisbon
4984,C004985,27,Female,Porto
4985,C004986,25,Other,Faro
4986,C004987,66,Other,Coimbra
4987,C004988,24,Male,Porto
4988,C004989,32,Other,Lisbon
4989,C004990,27,Female,Lisbon
4990,C004991,22,Male,Coimbra
4991,C004992,67,Other,Braga
4992,C004993,39,Female,Braga
4993,C004994,57,Other,Porto
4994,C004995,30,Female,Lisbon
4995,C004996,49,Female,Faro
4996,C004997,65,Other,Coimbra
4997,C004998,58,Male,Braga
4998,C004999,19,Other,Braga
4999,C005000,48,Other,Faro
5000,C005001,55,Other,Lisbon
5001,C005002,65,Male,Lisbon
5002,C005003,68,Other,Porto
5003,C005004,67,Female,Braga
5004,C005005,41,Female,Coimbra
5005,C005006,16,Female,Lisbon
5006,C005007,34,Female,Faro
5007,C005008,47,Female,Faro
5008,C005009,28,Female,Porto
5009,C005010,19,Male,Braga
5010,C005011,51,Male,Porto
5011,C005012,55,Female,Lisbon
5012,C005013,24,Female,Lisbon
5013,C005014,48,Female,Porto
5014,C005015,21,Other,Faro
5015,C005016,47,Other,Coimbra
5016,C005017,31,Other,Braga
5017,C005018,40,Female,Coimbra
5018,C005019,50,Other,Lisbon
5019,C005020,29,Female,Coimbra
5020,C005021,41,Male,Faro
5021,C005022,61,Female,Coimbra
5022,C005023,36,Other,Coimbra
5023,C005024,68,Male,Lisbon
5024,C005025,31,Other,Coimbra
5025,C005026,25,Male,Braga
5026,C005027,27,Female,Porto
5027,C005028,64,Other,Porto
5028,C005029,43,Female,Porto
5029,C005030,22,Male,Coimbra
5030,C005031,42,Other,Braga
5031,C005032,50,Other,Porto
5032,C005033,67,Female,Braga
5033,C005034,59,Female,Porto
5034,C005035,60,Female,Coimbra
5035,C005036,57,Other,Faro
5036,C005037,68,Female,Coimbra
5037,C005038,27,Female,Faro
5038,C005039,29,Other,Coimbra
5039,C005040,30,Female,Lisbon
5040,C005041,44,Female,Lisbon
5041,C005042,68,Male,Faro
5042,C005043,35,Female,Porto
5043,C005044,54,Female,Porto
5044,C005045,40,Other,Coimbra
5045,C005046,66,Other,Coimbra
5046,C005047,40,Male,Braga
5047,C005048,39,Unknown,Faro
5048,C005049,49,Other,Coimbra
5049,C005050,22,Male,Faro
5050,C005051,22,Other,Faro
5051,C005052,25,Male,Coimbra
5052,C005053,49,Female,Coimbra
5053,C005054,37,Female,Lisbon
5054,C005055,44,Male,Lisbon
5055,C005056,68,Other,Coimbra
5056,C005057,68,Female,Coimbra
5057,C005058,66,Female,Coimbra
5058,C005059,27,Other,Porto
5059,C005060,49,Male,Faro
5060,C005061,67,Male,Coimbra
5061,C005062,65,Other,Braga
5062,C005063,56,Male,Braga
5063,C005064,22,Other,Porto
5064,C005065,16,Male,Porto
5065,C005066,56,Male,Braga
5066,C005067,68,Other,Faro
5067,C005068,33,Other,Lisbon
5068,C005069,32,Other,Lisbon
5069,C005070,54,Other,Faro
5070,C005071,51,Other,Porto
5071,C005072,44,Male,Braga
5072,C005073,59,Male,Porto
5073,C005074,35,Female,Faro
5074,C005075,18,Male,Braga
5075,C005076,64,Female,Faro
5076,C005077,26,Other,Coimbra
5077,C005078,21,Female,Braga
5078,C005079,30,Female,Porto
5079,C005080,59,Other,Faro
5080,C005081,42,Female,Braga
5081,C005082,22,Other,Faro
5082,C005083,66,Other,Faro
5083,C005084,64,Female,Coimbra
5084,C005085,31,Male,Coimbra
5085,C005086,39,Female,Faro
5086,C005087,22,Other,Faro
5087,C005088,22,Male,Lisbon
5088,C005089,66,Female,Coimbra
5089,C005090,58,Female,Lisbon
5090,C005091,47,Male,Faro
5091,C005092,54,Male,Braga
5092,C005093,36,Male,Lisbon
5093,C005094,55,Male,Coimbra
5094,C005095,45,Male,Braga
5095,C005096,33,Male,Faro
5096,C005097,34,Other,Faro
5097,C005098,49,Female,Faro
5098,C005099,62,Other,Coimbra
5099,C005100,16,Male,Coimbra
5100,C005101,43,Other,Faro
5101,C005102,50,Female,Braga
5102,C005103,66,Other,Coimbra
5103,C005104,31,Female,Porto
5104,C005105,21,Male,Porto
5105,C005106,17,Male,Porto
5106,C005107,65,Other,Faro
5107,C005108,41,Male,Coimbra
5108,C005109,31,Other,Braga
5109,C005110,62,Male,Braga
5110,C005111,64,Other,Faro
5111,C005112,59,Other,Faro
5112,C005113,28,Other,Lisbon
5113,C005114,16,Male,Faro
5114,C005115,21,Other,Faro
5115,C005116,33,Male,Lisbon
5116,C005117,31,Male,Coimbra
5117,C005118,16,Male,Braga
5118,C005119,16,Other,Lisbon
5119,C005120,54,Other,Braga
5120,C005121,60,Female,Porto
5121,C005122,32,Other,Coimbra
5122,C005123,42,Other,Lisbon
5123,C005124,56,Other,Lisbon
5124,C005125,59,Other,Coimbra
5125,C005126,21,Female,Coimbra
5126,C005127,31,Female,Braga
5127,C005128,19,Male,Coimbra
5128,C005129,28,Male,Porto
5129,C005130,58,Male,Braga
5130,C005131,16,Female,Braga
5131,C005132,19,Female,Faro
5132,C005133,54,Female,Faro
5133,C005134,66,Other,Porto
5134,C005135,16,Other,Porto
5135,C005136,62,Male,Coimbra
5136,C005137,16,Male,Coimbra
5137,C005138,21,Male,Braga
5138,C005139,60,Male,Faro
5139,C005140,38,Female,Braga
5140,C005141,32,Male,Coimbra
5141,C005142,38,Female,Lisbon
5142,C005143,28,Female,Porto
5143,C005144,57,Female,Coimbra
5144,C005145,24,Female,Faro
5145,C005146,26,Other,Coimbra
5146,C005147,59,Male,Braga
5147,C005148,39,Other,Coimbra
5148,C005149,31,Unknown,Coimbra
5149,C005150,31,Female,Coimbra
5150,C005151,48,Other,Braga
5151,C005152,36,Male,Lisbon
5152,C005153,52,Other,Porto
5153,C005154,26,Female,Porto
5154,C005155,34,Female,Coimbra
5155,C005156,46,Other,Braga
5156,C005157,48,Other,Coimbra
5157,C005158,25,Male,Faro
5158,C005159,61,Male,Braga
5159,C005160,69,Other,Porto
5160,C005161,34,Female,Porto
5161,C005162,49,Male,Braga
5162,C005163,38,Other,Coimbra
5163,C005164,58,Male,Braga
5164,C005165,37,Other,Braga
5165,C005166,54,Other,Porto
5166,C005167,58,Male,Coimbra
5167,C005168,39,Male,Coimbra
5168,C005169,55,Male,Braga
5169,C005170,64,Other,Coimbra
5170,C005171,50,Female,Braga
5171,C005172,33,Female,Faro
5172,C005173,62,Other,Porto
5173,C005174,66,Other,Coimbra
5174,C005175,22,Female,Braga
5175,C005176,69,Female,Lisbon
5176,C005177,18,Female,Porto
5177,C005178,32,Other,Porto
5178,C005179,66,Male,Braga
5179,C005180,65,Female,Braga
5180,C005181,43,Other,Coimbra
5181,C005182,49,Female,Coimbra
5182,C005183,55,Other,Porto
5183,C005184,58,Female,Porto
5184,C005185,40,Male,Coimbra
5185,C005186,39,Male,Coimbra
5186,C005187,33,Female,Porto
5187,C005188,67,Female,Braga
5188,C005189,65,Male,Lisbon
5189,C005190,48,Other,Lisbon
5190,C005191,38,Other,Braga
5191,C005192,18,Female,Porto
5192,C005193,43,Male,Coimbra
5193,C005194,18,Male,Porto
5194,C005195,41,Other,Coimbra
5195,C005196,35,Male,Porto
5196,C005197,38,Other,Lisbon
5197,C005198,65,Male,Coimbra
5198,C005199,33,Female,Faro
5199,C005200,25,Male,Braga
5200,C005201,62,Other,Coimbra
5201,C005202,39,Male,Porto
5202,C005203,30,Male,Coimbra
5203,C005204,57,Male,Porto
5204,C005205,59,Female,Braga
5205,C005206,26,Female,Porto
5206,C005207,53,Female,Coimbra
5207,C005208,62,Male,Braga
5208,C005209,39,Female,Braga
5209,C005210,18,Female,Porto
5210,C005211,69,Other,Porto
5211,C005212,47,Female,Braga
5212,C005213,69,Other,Faro
5213,C005214,23,Female,Braga
5214,C005215,47,Other,Porto
5215,C005216,36,Male,Braga
5216,C005217,45,Other,Braga
5217,C005218,31,Other,Coimbra
5218,C005219,58,Male,Lisbon
5219,C005220,35,Female,Porto
5220,C005221,51,Other,Faro
5221,C005222,66,Male,Braga
5222,C005223,27,Male,Braga
5223,C005224,67,Female,Faro
5224,C005225,50,Male,Lisbon
5225,C005226,29,Male,Lisbon
5226,C005227,61,Other,Lisbon
5227,C005228,64,Female,Coimbra
5228,C005229,47,Other,Faro
5229,C005230,47,Other,Braga
5230,C005231,38,Female,Braga
5231,C005232,59,Male,Lisbon
5232,C005233,31,Female,Braga
5233,C005234,27,Other,Lisbon
5234,C005235,21,Other,Lisbon
5235,C005236,48,Other,Faro
5236,C005237,28,Female,Faro
5237,C005238,54,Male,Faro
5238,C005239,45,Female,Faro
5239,C005240,59,Female,Braga
5240,C005241,69,Other,Braga
5241,C005242,68,Other,Coimbra
5242,C005243,18,Female,Lisbon
5243,C005244,32,Male,Faro
5244,C005245,55,Other,Coimbra
5245,C005246,58,Male,Braga
5246,C005247,67,Male,Lisbon
5247,C005248,17,Other,Porto
5248,C005249,38,Male,Braga
5249,C005250,43,Female,Faro
5250,C005251,25,Male,Braga
5251,C005252,45,Male,Braga
5252,C005253,32,Other,Braga
5253,C005254,68,Male,Lisbon
5254,C005255,44,Other,Porto
5255,C005256,24,Other,Lisbon
5256,C005257,63,Unknown,Coimbra
5257,C005258,31,Other,Coimbra
5258,C005259,64,Female,Coimbra
5259,C005260,55,Other,Coimbra
5260,C005261,49,Other,Faro
5261,C005262,53,Female,Faro
5262,C005263,33,Other,Braga
5263,C005264,67,Other,Faro
5264,C005265,34,Male,Coimbra
5265,C005266,48,Other,Coimbra
5266,C005267,18,Other,Faro
5267,C005268,36,Male,Porto
5268,C005269,18,Other,Faro
5269,C005270,35,Male,Coimbra
5270,C005271,53,Male,Coimbra
5271,C005272,42,Male,Coimbra
5272,C005273,40,Other,Braga
5273,C005274,60,Male,Porto
5274,C005275,65,Other,Lisbon
5275,C005276,18,Female,Lisbon
5276,C005277,69,Male,Coimbra
5277,C005278,25,Female,Porto
5278,C005279,17,Female,Coimbra
5279,C005280,58,Male,Braga
5280,C005281,56,Male,Faro
5281,C005282,22,Male,Coimbra
5282,C005283,63,Other,Coimbra
5283,C005284,31,Male,Braga
5284,C005285,53,Male,Faro
5285,C005286,16,Other,Lisbon
5286,C005287,49,Other,Porto
5287,C005288,64,Female,Braga
5288,C005289,39,Other,Lisbon
5289,C005290,27,Female,Porto
5290,C005291,20,Female,Faro
5291,C005292,45,Other,Braga
5292,C005293,26,Male,Porto
5293,C005294,62,Other,Coimbra
5294,C005295,34,Male,Faro
5295,C005296,24,Male,Coimbra
5296,C005297,67,Other,Lisbon
5297,C005298,43,Other,Faro
5298,C005299,19,Female,Faro
5299,C005300,57,Female,Coimbra
5300,C005301,47,Male,Braga
5301,C005302,61,Other,Porto
5302,C005303,23,Male,Braga
5303,C005304,68,Female,Coimbra
5304,C005305,31,Male,Faro
5305,C005306,20,Female,Porto
5306,C005307,30,Female,Lisbon
5307,C005308,28,Female,Coimbra
5308,C005309,66,Male,Braga
5309,C005310,51,Female,Coimbra
5310,C005311,48,Other,Porto
5311,C005312,55,Female,Braga
5312,C005313,69,Female,Porto
5313,C005314,31,Other,Faro
5314,C005315,58,Female,Lisbon
5315,C005316,38,Male,Porto
5316,C005317,69,Female,Braga
5317,C005318,69,Male,Coimbra
5318,C005319,51,Male,Lisbon
5319,C005320,54,Female,Coimbra
5320,C005321,47,Male,Braga
5321,C005322,67,Other,Faro
5322,C005323,50,Male,Braga
5323,C005324,57,Male,Coimbra
5324,C005325,49,Other,Lisbon
5325,C005326,46,Other,Coimbra
5326,C005327,53,Male,Lisbon
5327,C005328,29,Male,Coimbra
5328,C005329,42,Male,Coimbra
5329,C005330,52,Male,Faro
5330,C005331,62,Other,Coimbra
5331,C005332,23,Other,Porto
5332,C005333,67,Male,Porto
5333,C005334,17,Female,Coimbra
5334,C005335,29,Other,Braga
5335,C005336,22,Male,Faro
5336,C005337,58,Male,Braga
5337,C005338,58,Male,Faro
5338,C005339,19,Other,Porto
5339,C005340,31,Female,Braga
5340,C005341,52,Female,Braga
5341,C005342,26,Other,Lisbon
5342,C005343,23,Female,Lisbon
5343,C005344,55,Other,Lisbon
5344,C005345,31,Female,Porto
5345,C005346,42,Other,Porto
5346,C005347,21,Other,Braga
5347,C005348,42,Female,Braga
5348,C005349,20,Male,Braga
5349,C005350,41,Female,Lisbon
5350,C005351,61,Male,Faro
5351,C005352,18,Male,Braga
5352,C005353,23,Male,Faro
5353,C005354,59,Female,Lisbon
5354,C005355,16,Other,Lisbon
5355,C005356,16,Other,Porto
5356,C005357,57,Other,Braga
5357,C005358,56,Other,Faro
5358,C005359,45,Male,Faro
5359,C005360,60,Male,Faro
5360,C005361,66,Other,Lisbon
5361,C005362,37,Other,Faro
5362,C005363,24,Male,Faro
5363,C005364,37,Male,Braga
5364,C005365,32,Female,Braga
5365,C005366,66,Female,Faro
5366,C005367,16,Other,Porto
5367,C005368,69,Other,Faro
5368,C005369,29,Female,Lisbon
5369,C005370,55,Male,Braga
5370,C005371,48,Male,Lisbon
5371,C005372,60,Female,Porto
5372,C005373,30,Female,Lisbon
5373,C005374,60,Other,Braga
5374,C005375,58,Other,Lisbon
5375,C005376,40,Female,Faro
5376,C005377,34,Female,Braga
5377,C005378,55,Male,Braga
5378,C005379,44,Female,Porto
5379,C005380,18,Other,Porto
5380,C005381,26,Other,Braga
5381,C005382,31,Male,Lisbon
5382,C005383,65,Female,Coimbra
5383,C005384,57,Other,Coimbra
5384,C005385,29,Male,Faro
5385,C005386,60,Male,Braga
5386,C005387,24,Other,Faro
5387,C005388,36,Female,Lisbon
5388,C005389,36,Other,Porto
5389,C005390,61,Female,Lisbon
5390,C005391,44,Other,Faro
5391,C005392,26,Male,Braga
5392,C005393,29,Female,Braga
5393,C005394,55,Female,Coimbra
5394,C005395,66,Other,Faro
5395,C005396,69,Other,Coimbra
5396,C005397,56,Female,Coimbra
5397,C005398,68,Male,Braga
5398,C005399,66,Male,Coimbra
5399,C005400,50,Other,Porto
5400,C005401,67,Male,Porto
5401,C005402,31,Other,Porto
5402,C005403,46,Male,Braga
5403,C005404,25,Male,Lisbon
5404,C005405,23,Male,Porto
5405,C005406,54,Other,Faro
5406,C005407,55,Female,Coimbra
5407,C005408,53,Other,Porto
5408,C005409,69,Male,Faro
5409,C005410,37,Male,Coimbra
5410,C005411,36,Female,Lisbon
5411,C005412,65,Female,Faro
5412,C005413,41,Other,Faro
5413,C005414,25,Female,Faro
5414,C005415,20,Female,Braga
5415,C005416,23,Other,Faro
5416,C005417,16,Other,Coimbra
5417,C005418,56,Other,Porto
5418,C005419,48,Male,Coimbra
5419,C005420,22,Male,Lisbon
5420,C005421,68,Female,Faro
5421,C005422,65,Male,Porto
5422,C005423,32,Female,Braga
5423,C005424,68,Female,Coimbra
5424,C005425,46,Male,Braga
5425,C005426,32,Female,Braga
5426,C005427,51,Male,Porto
5427,C005428,38,Other,Faro
5428,C005429,57,Other,Porto
5429,C005430,18,Other,Coimbra
5430,C005431,28,Male,Braga
5431,C005432,18,Other,Porto
5432,C005433,47,Male,Braga
5433,C005434,56,Other,Braga
5434,C005435,50,Female,Coimbra
5435,C005436,55,Female,Coimbra
5436,C005437,30,Other,Coimbra
5437,C005438,33,Male,Lisbon
5438,C005439,38,Male,Lisbon
5439,C005440,53,Male,Coimbra
5440,C005441,56,Other,Faro
5441,C005442,59,Female,Lisbon
5442,C005443,37,Female,Faro
5443,C005444,68,Female,Faro
5444,C005445,40,Other,Porto
5445,C005446,22,Other,Lisbon
5446,C005447,52,Female,Faro
5447,C005448,50,Other,Faro
5448,C005449,52,Male,Braga
5449,C005450,51,Male,Porto
5450,C005451,39,Female,Braga
5451,C005452,16,Male,Coimbra
5452,C005453,56,Female,Coimbra
5453,C005454,49,Other,Lisbon
5454,C005455,43,Male,Braga
5455,C005456,59,Female,Coimbra
5456,C005457,63,Female,Faro
5457,C005458,53,Male,Porto
5458,C005459,67,Other,Porto
5459,C005460,67,Other,Lisbon
5460,C005461,42,Female,Lisbon
5461,C005462,28,Other,Porto
5462,C005463,58,Male,Coimbra
5463,C005464,31,Male,Braga
5464,C005465,58,Male,Porto
5465,C005466,23,Male,Coimbra
5466,C005467,57,Other,Braga
5467,C005468,45,Female,Faro
5468,C005469,35,Other,Faro
5469,C005470,37,Female,Porto
5470,C005471,48,Male,Lisbon
5471,C005472,63,Male,Coimbra
5472,C005473,37,Female,Braga
5473,C005474,47,Female,Braga
5474,C005475,30,Female,Faro
5475,C005476,32,Other,Braga
5476,C005477,53,Other,Porto
5477,C005478,45,Male,Faro
5478,C005479,26,Other,Lisbon
5479,C005480,21,Other,Porto
5480,C005481,58,Male,Coimbra
5481,C005482,61,Male,Lisbon
5482,C005483,34,Other,Coimbra
5483,C005484,29,Other,Braga
5484,C005485,39,Female,Lisbon
5485,C005486,22,Other,Porto
5486,C005487,61,Male,Braga
5487,C005488,61,Other,Lisbon
5488,C005489,34,Other,Coimbra
5489,C005490,68,Male,Porto
5490,C005491,17,Male,Lisbon
5491,C005492,39,Male,Braga
5492,C005493,16,Female,Faro
5493,C005494,53,Other,Porto
5494,C005495,55,Other,Braga
5495,C005496,63,Male,Porto
5496,C005497,29,Other,Braga
5497,C005498,41,Female,Faro
5498,C005499,53,Female,Porto
5499,C005500,60,Other,Coimbra
5500,C005501,65,Female,Faro
5501,C005502,55,Female,Faro
5502,C005503,29,Other,Braga
5503,C005504,62,Other,Lisbon
5504,C005505,62,Other,Coimbra
5505,C005506,22,Female,Faro
5506,C005507,69,Other,Faro
5507,C005508,60,Male,Porto
5508,C005509,18,Other,Lisbon
5509,C005510,32,Male,Faro
5510,C005511,29,Male,Porto
5511,C005512,55,Male,Lisbon
5512,C005513,51,Female,Porto
5513,C005514,68,Other,Porto
5514,C005515,27,Female,Faro
5515,C005516,40,Female,Porto
5516,C005517,41,Female,Braga
5517,C005518,50,Female,Porto
5518,C005519,20,Other,Coimbra
5519,C005520,16,Unknown,Braga
5520,C005521,60,Other,Porto
5521,C005522,51,Other,Faro
5522,C005523,51,Male,Braga
5523,C005524,28,Male,Coimbra
5524,C005525,18,Female,Coimbra
5525,C005526,66,Female,Braga
5526,C005527,48,Male,Coimbra
5527,C005528,51,Other,Lisbon
5528,C005529,65,Female,Faro
5529,C005530,39,Male,Porto
5530,C005531,68,Female,Lisbon
5531,C005532,18,Other,Braga
5532,C005533,27,Other,Braga
5533,C005534,64,Female,Coimbra
5534,C005535,36,Other,Lisbon
5535,C005536,22,Male,Lisbon
5536,C005537,47,Male,Porto
5537,C005538,28,Male,Porto
5538,C005539,38,Male,Porto
5539,C005540,18,Female,Braga
5540,C005541,41,Other,Porto
5541,C005542,44,Female,Braga
5542,C005543,65,Unknown,Coimbra
5543,C005544,53,Male,Coimbra
5544,C005545,42,Male,Braga
5545,C005546,19,Male,Coimbra
5546,C005547,62,Female,Coimbra
5547,C005548,33,Female,Faro
5548,C005549,45,Other,Porto
5549,C005550,55,Female,Coimbra
5550,C005551,32,Female,Coimbra
5551,C005552,57,Male,Faro
5552,C005553,36,Female,Braga
5553,C005554,62,Male,Faro
5554,C005555,38,Male,Braga
5555,C005556,36,Male,Coimbra
5556,C005557,61,Male,Porto
5557,C005558,42,Male,Faro
5558,C005559,59,Female,Lisbon
5559,C005560,61,Female,Porto
5560,C005561,63,Male,Porto
5561,C005562,59,Other,Lisbon
5562,C005563,69,Female,Lisbon
5563,C005564,61,Female,Faro
5564,C005565,19,Other,Braga
5565,C005566,44,Other,Faro
5566,C005567,23,Female,Faro
5567,C005568,29,Male,Braga
5568,C005569,24,Male,Porto
5569,C005570,56,Male,Porto
5570,C005571,43,Female,Faro
5571,C005572,49,Other,Braga
5572,C005573,34,Unknown,Lisbon
5573,C005574,29,Other,Porto
5574,C005575,46,Male,Coimbra
5575,C005576,56,Female,Braga
5576,C005577,61,Male,Lisbon
5577,C005578,45,Female,Faro
5578,C005579,67,Female,Braga
5579,C005580,22,Other,Coimbra
5580,C005581,47,Female,Faro
5581,C005582,38,Female,Lisbon
5582,C005583,32,Other,Braga
5583,C005584,39,Other,Coimbra
5584,C005585,59,Other,Braga
5585,C005586,53,Male,Braga
5586,C005587,53,Other,Coimbra
5587,C005588,53,Other,Porto
5588,C005589,38,Male,Porto
5589,C005590,48,Male,Lisbon
5590,C005591,67,Female,Faro
5591,C005592,58,Male,Coimbra
5592,C005593,57,Male,Lisbon
5593,C005594,53,Other,Coimbra
5594,C005595,32,Male,Braga
5595,C005596,26,Male,Coimbra
5596,C005597,20,Other,Braga
5597,C005598,17,Male,Porto
5598,C005599,46,Male,Lisbon
5599,C005600,53,Female,Braga
5600,C005601,52,Male,Porto
5601,C005602,63,Other,Braga
5602,C005603,25,Female,Porto
5603,C005604,28,Other,Coimbra
5604,C005605,69,Male,Coimbra
5605,C005606,42,Male,Braga
5606,C005607,48,Male,Faro
5607,C005608,25,Female,Porto
5608,C005609,69,Other,Lisbon
5609,C005610,64,Male,Lisbon
5610,C005611,66,Other,Faro
5611,C005612,16,Male,Porto
5612,C005613,56,Other,Faro
5613,C005614,47,Other,Lisbon
5614,C005615,31,Female,Lisbon
5615,C005616,68,Male,Coimbra
5616,C005617,66,Female,Lisbon
5617,C005618,60,Male,Faro
5618,C005619,57,Female,Porto
5619,C005620,68,Male,Coimbra
5620,C005621,16,Other,Coimbra
5621,C005622,54,Other,Lisbon
5622,C005623,51,Male,Coimbra
5623,C005624,53,Male,Coimbra
5624,C005625,49,Other,Braga
5625,C005626,46,Male,Lisbon
5626,C005627,41,Male,Lisbon
5627,C005628,28,Unknown,Porto
5628,C005629,62,Female,Braga
5629,C005630,48,Female,Faro
5630,C005631,44,Unknown,Braga
5631,C005632,26,Other,Braga
5632,C005633,37,Female,Braga
5633,C005634,47,Other,Lisbon
5634,C005635,16,Female,Coimbra
5635,C005636,35,Female,Porto
5636,C005637,43,Other,Porto
5637,C005638,52,Male,Braga
5638,C005639,35,Other,Porto
5639,C005640,30,Male,Braga
5640,C005641,56,Other,Braga
5641,C005642,56,Male,Porto
5642,C005643,28,Male,Faro
5643,C005644,33,Other,Porto
5644,C005645,32,Male,Coimbra
5645,C005646,63,Other,Faro
5646,C005647,64,Other,Porto
5647,C005648,67,Other,Faro
5648,C005649,65,Male,Braga
5649,C005650,50,Female,Braga
5650,C005651,62,Female,Lisbon
5651,C005652,25,Other,Coimbra
5652,C005653,39,Female,Coimbra
5653,C005654,24,Other,Faro
5654,C005655,18,Female,Lisbon
5655,C005656,45,Other,Porto
5656,C005657,68,Other,Coimbra
5657,C005658,30,Other,Braga
5658,C005659,22,Other,Braga
5659,C005660,43,Male,Braga
5660,C005661,35,Other,Lisbon
5661,C005662,49,Male,Coimbra
5662,C005663,38,Other,Coimbra
5663,C005664,48,Male,Faro
5664,C005665,56,Female,Coimbra
5665,C005666,37,Male,Braga
5666,C005667,32,Other,Porto
5667,C005668,33,Male,Braga
5668,C005669,54,Female,Coimbra
5669,C005670,47,Other,Coimbra
5670,C005671,62,Other,Porto
5671,C005672,28,Other,Braga
5672,C005673,20,Other,Braga
5673,C005674,43,Female,Coimbra
5674,C005675,24,Female,Braga
5675,C005676,32,Male,Lisbon
5676,C005677,43,Female,Porto
5677,C005678,24,Female,Braga
5678,C005679,42,Male,Coimbra
5679,C005680,55,Other,Faro
5680,C005681,36,Other,Coimbra
5681,C005682,57,Female,Lisbon
5682,C005683,30,Other,Coimbra
5683,C005684,20,Other,Lisbon
5684,C005685,47,Female,Faro
5685,C005686,32,Male,Braga
5686,C005687,49,Female,Lisbon
5687,C005688,57,Female,Coimbra
5688,C005689,33,Male,Braga
5689,C005690,68,Other,Coimbra
5690,C005691,19,Other,Porto
5691,C005692,48,Other,Coimbra
5692,C005693,17,Other,Braga
5693,C005694,28,Female,Coimbra
5694,C005695,36,Other,Faro
5695,C005696,48,Other,Faro
5696,C005697,47,Female,Porto
5697,C005698,53,Male,Porto
5698,C005699,19,Female,Porto
5699,C005700,21,Other,Braga
5700,C005701,61,Male,Faro
5701,C005702,60,Other,Coimbra
5702,C005703,40,Other,Faro
5703,C005704,35,Other,Porto
5704,C005705,16,Other,Coimbra
5705,C005706,66,Female,Lisbon
5706,C005707,51,Male,Lisbon
5707,C005708,23,Other,Faro
5708,C005709,68,Male,Braga
5709,C005710,49,Female,Coimbra
5710,C005711,41,Female,Faro
5711,C005712,66,Female,Coimbra
5712,C005713,41,Male,Braga
5713,C005714,36,Other,Coimbra
5714,C005715,56,Female,Faro
5715,C005716,25,Female,Braga
5716,C005717,30,Male,Faro
5717,C005718,45,Other,Braga
5718,C005719,56,Male,Faro
5719,C005720,18,Female,Porto
5720,C005721,27,Male,Porto
5721,C005722,67,Female,Braga
5722,C005723,38,Female,Lisbon
5723,C005724,65,Female,Lisbon
5724,C005725,33,Male,Coimbra
5725,C005726,26,Male,Coimbra
5726,C005727,49,Other,Porto
5727,C005728,46,Male,Faro
5728,C005729,35,Female,Lisbon
5729,C005730,50,Female,Braga
5730,C005731,28,Male,Lisbon
5731,C005732,31,Female,Braga
5732,C005733,29,Female,Faro
5733,C005734,43,Male,Faro
5734,C005735,27,Female,Coimbra
5735,C005736,25,Other,Porto
5736,C005737,50,Female,Braga
5737,C005738,55,Male,Porto
5738,C005739,64,Other,Porto
5739,C005740,60,Other,Porto
5740,C005741,38,Female,Porto
5741,C005742,34,Other,Lisbon
5742,C005743,48,Other,Faro
5743,C005744,19,Female,Lisbon
5744,C005745,69,Female,Coimbra
5745,C005746,28,Other,Coimbra
5746,C005747,57,Female,Lisbon
5747,C005748,41,Female,Faro
5748,C005749,49,Other,Braga
5749,C005750,33,Male,Braga
5750,C005751,49,Female,Faro
5751,C005752,45,Male,Braga
5752,C005753,39,Female,Braga
5753,C005754,39,Male,Braga
5754,C005755,23,Female,Porto
5755,C005756,28,Unknown,Lisbon
5756,C005757,69,Female,Braga
5757,C005758,44,Other,Porto
5758,C005759,26,Other,Faro
5759,C005760,17,Female,Coimbra
5760,C005761,40,Other,Faro
5761,C005762,43,Female,Lisbon
5762,C005763,30,Other,Faro
5763,C005764,26,Other,Braga
5764,C005765,41,Female,Coimbra
5765,C005766,25,Other,Porto
5766,C005767,48,Male,Porto
5767,C005768,44,Female,Lisbon
5768,C005769,54,Female,Lisbon
5769,C005770,53,Female,Porto
5770,C005771,60,Other,Coimbra
5771,C005772,69,Male,Lisbon
5772,C005773,27,Male,Lisbon
5773,C005774,53,Other,Lisbon
5774,C005775,46,Male,Faro
5775,C005776,31,Female,Lisbon
5776,C005777,69,Female,Lisbon
5777,C005778,56,Female,Porto
5778,C005779,35,Other,Faro
5779,C005780,22,Male,Braga
5780,C005781,57,Female,Braga
5781,C005782,41,Other,Faro
5782,C005783,42,Male,Braga
5783,C005784,32,Other,Lisbon
5784,C005785,33,Other,Porto
5785,C005786,26,Other,Braga
5786,C005787,20,Female,Porto
5787,C005788,39,Male,Lisbon
5788,C005789,57,Other,Porto
5789,C005790,30,Male,Faro
5790,C005791,32,Other,Porto
5791,C005792,57,Other,Braga
5792,C005793,46,Female,Lisbon
5793,C005794,29,Male,Coimbra
5794,C005795,50,Male,Lisbon
5795,C005796,37,Other,Faro
5796,C005797,36,Other,Faro
5797,C005798,16,Male,Braga
5798,C005799,25,Other,Faro
5799,C005800,27,Other,Coimbra
5800,C005801,36,Other,Lisbon
5801,C005802,55,Female,Porto
5802,C005803,49,Female,Lisbon
5803,C005804,64,Male,Lisbon
5804,C005805,56,Male,Faro
5805,C005806,48,Other,Porto
5806,C005807,56,Male,Lisbon
5807,C005808,38,Other,Braga
5808,C005809,19,Male,Porto
5809,C005810,57,Male,Braga
5810,C005811,50,Female,Coimbra
5811,C005812,66,Female,Porto
5812,C005813,28,Male,Coimbra
5813,C005814,46,Male,Braga
5814,C005815,33,Other,Lisbon
5815,C005816,54,Other,Coimbra
5816,C005817,68,Other,Coimbra
5817,C005818,64,Male,Lisbon
5818,C005819,23,Other,Braga
5819,C005820,35,Male,Porto
5820,C005821,47,Female,Faro
5821,C005822,55,Female,Porto
5822,C005823,23,Male,Porto
5823,C005824,36,Other,Faro
5824,C005825,25,Male,Faro
5825,C005826,27,Female,Porto
5826,C005827,25,Male,Coimbra
5827,C005828,69,Other,Braga
5828,C005829,51,Female,Lisbon
5829,C005830,45,Female,Faro
5830,C005831,24,Female,Lisbon
5831,C005832,49,Female,Coimbra
5832,C005833,46,Female,Porto
5833,C005834,20,Other,Coimbra
5834,C005835,68,Other,Faro
5835,C005836,36,Other,Lisbon
5836,C005837,42,Male,Faro
5837,C005838,26,Male,Lisbon
5838,C005839,44,Other,Coimbra
5839,C005840,27,Other,Braga
5840,C005841,67,Male,Coimbra
5841,C005842,17,Female,Braga
5842,C005843,30,Other,Coimbra
5843,C005844,68,Male,Faro
5844,C005845,34,Female,Coimbra
5845,C005846,57,Female,Lisbon
5846,C005847,30,Male,Porto
5847,C005848,64,Other,Porto
5848,C005849,42,Male,Braga
5849,C005850,16,Female,Coimbra
5850,C005851,34,Male,Faro
5851,C005852,31,Other,Lisbon
5852,C005853,35,Female,Porto
5853,C005854,62,Other,Faro
5854,C005855,40,Male,Porto
5855,C005856,46,Other,Porto
5856,C005857,33,Other,Porto
5857,C005858,52,Male,Porto
5858,C005859,66,Male,Porto
5859,C005860,24,Female,Lisbon
5860,C005861,23,Male,Lisbon
5861,C005862,68,Male,Braga
5862,C005863,62,Other,Lisbon
5863,C005864,65,Other,Braga
5864,C005865,43,Male,Faro
5865,C005866,35,Female,Porto
5866,C005867,56,Male,Coimbra
5867,C005868,44,Male,Porto
5868,C005869,51,Other,Lisbon
5869,C005870,50,Female,Porto
5870,C005871,32,Female,Faro
5871,C005872,32,Other,Coimbra
5872,C005873,26,Male,Porto
5873,C005874,27,Male,Braga
5874,C005875,58,Female,Braga
5875,C005876,43,Male,Faro
5876,C005877,25,Other,Porto
5877,C005878,22,Female,Braga
5878,C005879,53,Male,Faro
5879,C005880,54,Female,Lisbon
5880,C005881,59,Female,Lisbon
5881,C005882,50,Male,Lisbon
5882,C005883,20,Other,Lisbon
5883,C005884,27,Female,Coimbra
5884,C005885,51,Unknown,Faro
5885,C005886,33,Female,Faro
5886,C005887,44,Other,Braga
5887,C005888,53,Male,Braga
5888,C005889,56,Other,Porto
5889,C005890,69,Female,Lisbon
5890,C005891,53,Other,Braga
5891,C005892,32,Male,Faro
5892,C005893,40,Other,Braga
5893,C005894,68,Female,Coimbra
5894,C005895,55,Female,Lisbon
5895,C005896,32,Male,Lisbon
5896,C005897,32,Female,Faro
5897,C005898,25,Other,Coimbra
5898,C005899,56,Male,Porto
5899,C005900,24,Male,Lisbon
5900,C005901,67,Female,Lisbon
5901,C005902,20,Male,Porto
5902,C005903,38,Male,Coimbra
5903,C005904,38,Female,Braga
5904,C005905,51,Male,Braga
5905,C005906,54,Female,Faro
5906,C005907,54,Other,Braga
5907,C005908,40,Other,Porto
5908,C005909,19,Other,Lisbon
5909,C005910,18,Female,Braga
5910,C005911,50,Male,Porto
5911,C005912,42,Male,Braga
5912,C005913,17,Other,Porto
5913,C005914,51,Female,Lisbon
5914,C005915,69,Other,Faro
5915,C005916,23,Female,Lisbon
5916,C005917,59,Female,Porto
5917,C005918,57,Male,Porto
5918,C005919,34,Other,Braga
5919,C005920,45,Male,Braga
5920,C005921,66,Other,Faro
5921,C005922,61,Male,Coimbra
5922,C005923,69,Other,Braga
5923,C005924,22,Female,Faro
5924,C005925,17,Other,Lisbon
5925,C005926,33,Female,Braga
5926,C005927,19,Male,Lisbon
5927,C005928,21,Male,Porto
5928,C005929,61,Male,Porto
5929,C005930,57,Male,Coimbra
5930,C005931,43,Female,Porto
5931,C005932,20,Male,Coimbra
5932,C005933,36,Other,Faro
5933,C005934,31,Female,Porto
5934,C005935,40,Other,Porto
5935,C005936,49,Male,Faro
5936,C005937,31,Other,Porto
5937,C005938,25,Other,Coimbra
5938,C005939,62,Male,Porto
5939,C005940,62,Female,Coimbra
5940,C005941,40,Male,Faro
5941,C005942,51,Male,Faro
5942,C005943,21,Female,Faro
5943,C005944,22,Male,Faro
5944,C005945,24,Other,Porto
5945,C005946,31,Other,Porto
5946,C005947,47,Male,Porto
5947,C005948,25,Female,Porto
5948,C005949,22,Other,Porto
5949,C005950,61,Male,Lisbon
5950,C005951,40,Male,Braga
5951,C005952,31,Male,Braga
5952,C005953,61,Female,Coimbra
5953,C005954,54,Female,Faro
5954,C005955,53,Female,Porto
5955,C005956,32,Other,Faro
5956,C005957,34,Other,Lisbon
5957,C005958,24,Male,Porto
5958,C005959,66,Other,Braga
5959,C005960,30,Female,Porto
5960,C005961,50,Female,Braga
5961,C005962,23,Other,Lisbon
5962,C005963,49,Male,Braga
5963,C005964,50,Female,Braga
5964,C005965,44,Other,Porto
5965,C005966,37,Female,Coimbra
5966,C005967,65,Male,Porto
5967,C005968,66,Male,Braga
5968,C005969,25,Male,Lisbon
5969,C005970,33,Other,Braga
5970,C005971,50,Male,Lisbon
5971,C005972,66,Male,Braga
5972,C005973,39,Female,Braga
5973,C005974,50,Male,Porto
5974,C005975,65,Male,Porto
5975,C005976,35,Male,Braga
5976,C005977,27,Other,Faro
5977,C005978,16,Other,Lisbon
5978,C005979,35,Other,Faro
5979,C005980,69,Female,Porto
5980,C005981,55,Male,Lisbon
5981,C005982,61,Other,Coimbra
5982,C005983,44,Male,Porto
5983,C005984,22,Other,Braga
5984,C005985,40,Other,Coimbra
5985,C005986,42,Male,Coimbra
5986,C005987,64,Other,Faro
5987,C005988,42,Male,Braga
5988,C005989,67,Other,Lisbon
5989,C005990,40,Female,Porto
5990,C005991,16,Female,Faro
5991,C005992,64,Male,Coimbra
5992,C005993,17,Female,Porto
5993,C005994,69,Other,Lisbon
5994,C005995,21,Other,Coimbra
5995,C005996,49,Other,Porto
5996,C005997,53,Other,Coimbra
5997,C005998,32,Other,Porto
5998,C005999,31,Female,Porto
5999,C006000,23,Female,Porto
6000,C006001,60,Other,Faro
6001,C006002,63,Other,Porto
6002,C006003,38,Male,Lisbon
6003,C006004,61,Other,Lisbon
6004,C006005,62,Other,Porto
6005,C006006,68,Other,Lisbon
6006,C006007,29,Male,Coimbra
6007,C006008,55,Male,Faro
6008,C006009,40,Female,Porto
6009,C006010,29,Female,Lisbon
6010,C006011,62,Other,Braga
6011,C006012,67,Unknown,Coimbra
6012,C006013,30,Other,Faro
6013,C006014,54,Unknown,Coimbra
6014,C006015,39,Male,Coimbra
6015,C006016,16,Female,Lisbon
6016,C006017,26,Male,Porto
6017,C006018,16,Female,Porto
6018,C006019,55,Female,Porto
6019,C006020,64,Female,Faro
6020,C006021,47,Other,Braga
6021,C006022,30,Other,Coimbra
6022,C006023,56,Female,Lisbon
6023,C006024,66,Female,Porto
6024,C006025,56,Other,Lisbon
6025,C006026,24,Other,Lisbon
6026,C006027,46,Female,Braga
6027,C006028,32,Male,Porto
6028,C006029,29,Other,Braga
6029,C006030,52,Female,Faro
6030,C006031,39,Male,Lisbon
6031,C006032,58,Male,Porto
6032,C006033,46,Other,Faro
6033,C006034,25,Other,Braga
6034,C006035,65,Female,Faro
6035,C006036,26,Female,Porto
6036,C006037,25,Other,Lisbon
6037,C006038,51,Other,Porto
6038,C006039,68,Male,Lisbon
6039,C006040,44,Male,Faro
6040,C006041,22,Female,Porto
6041,C006042,47,Male,Porto
6042,C006043,44,Female,Faro
6043,C006044,22,Other,Lisbon
6044,C006045,65,Other,Faro
6045,C006046,16,Female,Faro
6046,C006047,43,Male,Faro
6047,C006048,59,Other,Lisbon
6048,C006049,52,Male,Porto
6049,C006050,57,Other,Coimbra
6050,C006051,63,Male,Porto
6051,C006052,49,Other,Lisbon
6052,C006053,68,Female,Faro
6053,C006054,23,Male,Porto
6054,C006055,24,Male,Porto
6055,C006056,17,Other,Coimbra
6056,C006057,20,Male,Braga
6057,C006058,49,Female,Lisbon
6058,C006059,17,Other,Coimbra
6059,C006060,68,Male,Braga
6060,C006061,55,Female,Faro
6061,C006062,52,Other,Braga
6062,C006063,62,Female,Coimbra
6063,C006064,17,Female,Coimbra
6064,C006065,53,Male,Porto
6065,C006066,21,Female,Porto
6066,C006067,49,Other,Porto
6067,C006068,42,Female,Lisbon
6068,C006069,52,Male,Braga
6069,C006070,36,Other,Faro
6070,C006071,31,Female,Coimbra
6071,C006072,52,Female,Faro
6072,C006073,23,Female,Coimbra
6073,C006074,65,Female,Faro
6074,C006075,62,Other,Faro
6075,C006076,65,Female,Lisbon
6076,C006077,29,Other,Coimbra
6077,C006078,31,Male,Braga
6078,C006079,47,Other,Faro
6079,C006080,66,Other,Braga
6080,C006081,68,Other,Coimbra
6081,C006082,29,Female,Braga
6082,C006083,51,Female,Coimbra
6083,C006084,69,Female,Braga
6084,C006085,50,Female,Braga
6085,C006086,33,Male,Faro
6086,C006087,18,Female,Porto
6087,C006088,16,Other,Braga
6088,C006089,68,Male,Porto
6089,C006090,23,Male,Faro
6090,C006091,32,Female,Coimbra
6091,C006092,24,Male,Coimbra
6092,C006093,21,Other,Porto
6093,C006094,31,Female,Coimbra
6094,C006095,37,Other,Lisbon
6095,C006096,51,Male,Braga
6096,C006097,52,Male,Braga
6097,C006098,33,Female,Braga
6098,C006099,65,Other,Coimbra
6099,C006100,30,Other,Braga
6100,C006101,54,Female,Faro
6101,C006102,50,Other,Lisbon
6102,C006103,24,Male,Coimbra
6103,C006104,66,Male,Porto
6104,C006105,61,Female,Faro
6105,C006106,67,Other,Braga
6106,C006107,54,Other,Lisbon
6107,C006108,64,Male,Faro
6108,C006109,68,Female,Porto
6109,C006110,26,Male,Coimbra
6110,C006111,45,Female,Braga
6111,C006112,61,Female,Braga
6112,C006113,52,Female,Braga
6113,C006114,47,Female,Braga
6114,C006115,51,Male,Lisbon
6115,C006116,19,Male,Coimbra
6116,C006117,38,Female,Porto
6117,C006118,42,Other,Faro
6118,C006119,56,Other,Porto
6119,C006120,45,Other,Porto
6120,C006121,42,Other,Coimbra
6121,C006122,61,Other,Porto
6122,C006123,60,Other,Braga
6123,C006124,31,Male,Lisbon
6124,C006125,68,Other,Coimbra
6125,C006126,46,Other,Porto
6126,C006127,36,Other,Porto
6127,C006128,39,Female,Faro
6128,C006129,69,Male,Coimbra
6129,C006130,24,Female,Lisbon
6130,C006131,22,Male,Porto
6131,C006132,33,Male,Coimbra
6132,C006133,41,Other,Lisbon
6133,C006134,61,Other,Porto
6134,C006135,49,Male,Porto
6135,C006136,65,Other,Lisbon
6136,C006137,46,Other,Coimbra
6137,C006138,66,Male,Coimbra
6138,C006139,48,Other,Porto
6139,C006140,60,Female,Braga
6140,C006141,42,Male,Lisbon
6141,C006142,30,Other,Lisbon
6142,C006143,17,Male,Porto
6143,C006144,23,Female,Lisbon
6144,C006145,22,Other,Braga
6145,C006146,26,Male,Faro
6146,C006147,16,Other,Porto
6147,C006148,59,Male,Lisbon
6148,C006149,24,Female,Braga
6149,C006150,35,Other,Coimbra
6150,C006151,67,Other,Braga
6151,C006152,29,Female,Braga
6152,C006153,23,Male,Braga
6153,C006154,67,Male,Braga
6154,C006155,27,Other,Braga
6155,C006156,41,Male,Lisbon
6156,C006157,51,Other,Faro
6157,C006158,63,Other,Lisbon
6158,C006159,39,Other,Lisbon
6159,C006160,22,Other,Coimbra
6160,C006161,22,Female,Faro
6161,C006162,61,Male,Porto
6162,C006163,59,Female,Porto
6163,C006164,36,Male,Faro
6164,C006165,25,Male,Braga
6165,C006166,61,Male,Porto
6166,C006167,23,Male,Faro
6167,C006168,59,Other,Faro
6168,C006169,43,Other,Lisbon
6169,C006170,36,Female,Porto
6170,C006171,50,Female,Porto
6171,C006172,62,Other,Faro
6172,C006173,61,Female,Braga
6173,C006174,46,Other,Faro
6174,C006175,31,Other,Faro
6175,C006176,25,Female,Coimbra
6176,C006177,18,Male,Coimbra
6177,C006178,16,Other,Braga
6178,C006179,21,Female,Faro
6179,C006180,38,Male,Faro
6180,C006181,55,Other,Porto
6181,C006182,21,Female,Coimbra
6182,C006183,45,Other,Braga
6183,C006184,61,Male,Coimbra
6184,C006185,49,Male,Porto
6185,C006186,38,Female,Faro
6186,C006187,48,Other,Porto
6187,C006188,42,Male,Braga
6188,C006189,22,Other,Porto
6189,C006190,19,Other,Porto
6190,C006191,16,Other,Porto
6191,C006192,24,Other,Faro
6192,C006193,32,Other,Faro
6193,C006194,33,Other,Lisbon
6194,C006195,40,Other,Braga
6195,C006196,26,Female,Braga
6196,C006197,42,Male,Faro
6197,C006198,53,Female,Lisbon
6198,C006199,17,Other,Faro
6199,C006200,30,Male,Porto
6200,C006201,60,Male,Lisbon
6201,C006202,49,Female,Coimbra
6202,C006203,25,Male,Coimbra
6203,C006204,43,Male,Porto
6204,C006205,25,Female,Coimbra
6205,C006206,47,Other,Coimbra
6206,C006207,26,Female,Lisbon
6207,C006208,69,Unknown,Faro
6208,C006209,30,Female,Lisbon
6209,C006210,58,Male,Lisbon
6210,C006211,53,Male,Faro
6211,C006212,48,Other,Porto
6212,C006213,25,Male,Braga
6213,C006214,50,Female,Faro
6214,C006215,48,Male,Coimbra
6215,C006216,48,Other,Porto
6216,C006217,51,Female,Braga
6217,C006218,51,Other,Porto
6218,C006219,65,Female,Faro
6219,C006220,47,Other,Porto
6220,C006221,61,Other,Faro
6221,C006222,47,Male,Porto
6222,C006223,58,Male,Braga
6223,C006224,46,Female,Braga
6224,C006225,35,Male,Braga
6225,C006226,52,Male,Faro
6226,C006227,33,Other,Lisbon
6227,C006228,44,Other,Coimbra
6228,C006229,49,Male,Coimbra
6229,C006230,57,Other,Faro
6230,C006231,32,Female,Braga
6231,C006232,40,Male,Coimbra
6232,C006233,53,Male,Coimbra
6233,C006234,69,Male,Braga
6234,C006235,51,Male,Coimbra
6235,C006236,30,Female,Coimbra
6236,C006237,45,Male,Lisbon
6237,C006238,17,Other,Lisbon
6238,C006239,25,Female,Lisbon
6239,C006240,22,Male,Lisbon
6240,C006241,17,Female,Lisbon
6241,C006242,66,Other,Porto
6242,C006243,26,Other,Porto
6243,C006244,44,Other,Faro
6244,C006245,29,Male,Porto
6245,C006246,40,Female,Braga
6246,C006247,57,Female,Faro
6247,C006248,46,Female,Porto
6248,C006249,17,Other,Coimbra
6249,C006250,48,Other,Faro
6250,C006251,69,Other,Porto
6251,C006252,57,Female,Lisbon
6252,C006253,40,Other,Braga
6253,C006254,52,Female,Braga
6254,C006255,30,Male,Coimbra
6255,C006256,69,Male,Coimbra
6256,C006257,56,Male,Faro
6257,C006258,60,Other,Coimbra
6258,C006259,20,Other,Braga
6259,C006260,18,Other,Coimbra
6260,C006261,34,Female,Coimbra
6261,C006262,46,Other,Braga
6262,C006263,69,Other,Porto
6263,C006264,49,Female,Faro
6264,C006265,48,Male,Faro
6265,C006266,63,Other,Lisbon
6266,C006267,42,Female,Faro
6267,C006268,24,Female,Porto
6268,C006269,45,Female,Porto
6269,C006270,57,Other,Porto
6270,C006271,35,Female,Faro
6271,C006272,66,Female,Lisbon
6272,C006273,16,Other,Braga
6273,C006274,29,Male,Porto
6274,C006275,44,Female,Coimbra
6275,C006276,27,Male,Coimbra
6276,C006277,48,Male,Lisbon
6277,C006278,49,Female,Coimbra
6278,C006279,35,Female,Coimbra
6279,C006280,36,Female,Faro
6280,C006281,64,Male,Faro
6281,C006282,52,Other,Faro
6282,C006283,59,Other,Porto
6283,C006284,25,Female,Lisbon
6284,C006285,16,Female,Braga
6285,C006286,62,Male,Faro
6286,C006287,60,Female,Braga
6287,C006288,18,Female,Lisbon
6288,C006289,55,Other,Coimbra
6289,C006290,55,Male,Porto
6290,C006291,50,Female,Faro
6291,C006292,21,Other,Coimbra
6292,C006293,32,Male,Braga
6293,C006294,59,Other,Braga
6294,C006295,49,Male,Braga
6295,C006296,35,Unknown,Braga
6296,C006297,60,Other,Lisbon
6297,C006298,66,Male,Braga
6298,C006299,21,Female,Faro
6299,C006300,33,Other,Braga
6300,C006301,21,Female,Coimbra
6301,C006302,47,Other,Faro
6302,C006303,25,Male,Lisbon
6303,C006304,44,Male,Lisbon
6304,C006305,62,Male,Braga
6305,C006306,34,Other,Porto
6306,C006307,36,Male,Braga
6307,C006308,30,Male,Faro
6308,C006309,61,Male,Faro
6309,C006310,66,Female,Coimbra
6310,C006311,24,Male,Coimbra
6311,C006312,25,Female,Lisbon
6312,C006313,59,Other,Lisbon
6313,C006314,25,Male,Coimbra
6314,C006315,36,Other,Porto
6315,C006316,40,Male,Lisbon
6316,C006317,35,Other,Coimbra
6317,C006318,38,Male,Braga
6318,C006319,54,Male,Faro
6319,C006320,59,Other,Faro
6320,C006321,55,Male,Lisbon
6321,C006322,25,Female,Faro
6322,C006323,35,Male,Lisbon
6323,C006324,27,Female,Porto
6324,C006325,44,Female,Faro
6325,C006326,28,Male,Coimbra
6326,C006327,30,Male,Porto
6327,C006328,23,Unknown,Faro
6328,C006329,34,Male,Porto
6329,C006330,53,Male,Lisbon
6330,C006331,54,Female,Faro
6331,C006332,46,Male,Coimbra
6332,C006333,49,Male,Faro
6333,C006334,48,Other,Coimbra
6334,C006335,68,Male,Braga
6335,C006336,32,Other,Braga
6336,C006337,57,Other,Coimbra
6337,C006338,67,Female,Coimbra
6338,C006339,56,Male,Faro
6339,C006340,56,Other,Lisbon
6340,C006341,39,Male,Porto
6341,C006342,21,Other,Braga
6342,C006343,23,Other,Faro
6343,C006344,35,Female,Faro
6344,C006345,22,Male,Coimbra
6345,C006346,25,Female,Porto
6346,C006347,65,Male,Porto
6347,C006348,50,Other,Braga
6348,C006349,23,Other,Faro
6349,C006350,63,Male,Braga
6350,C006351,51,Female,Coimbra
6351,C006352,48,Female,Faro
6352,C006353,49,Female,Braga
6353,C006354,50,Other,Faro
6354,C006355,43,Male,Lisbon
6355,C006356,29,Male,Lisbon
6356,C006357,61,Other,Faro
6357,C006358,19,Male,Porto
6358,C006359,25,Female,Faro
6359,C006360,68,Unknown,Porto
6360,C006361,30,Female,Braga
6361,C006362,21,Female,Faro
6362,C006363,43,Other,Braga
6363,C006364,63,Female,Lisbon
6364,C006365,42,Female,Lisbon
6365,C006366,42,Other,Faro
6366,C006367,26,Male,Braga
6367,C006368,35,Male,Braga
6368,C006369,59,Other,Lisbon
6369,C006370,45,Other,Faro
6370,C006371,25,Unknown,Porto
6371,C006372,42,Male,Braga
6372,C006373,27,Female,Porto
6373,C006374,54,Female,Lisbon
6374,C006375,18,Male,Porto
6375,C006376,46,Female,Faro
6376,C006377,16,Male,Lisbon
6377,C006378,69,Other,Coimbra
6378,C006379,29,Male,Coimbra
6379,C006380,27,Female,Lisbon
6380,C006381,54,Male,Braga
6381,C006382,28,Male,Braga
6382,C006383,24,Female,Braga
6383,C006384,43,Other,Coimbra
6384,C006385,43,Male,Coimbra
6385,C006386,69,Other,Porto
6386,C006387,44,Female,Coimbra
6387,C006388,31,Female,Porto
6388,C006389,16,Male,Porto
6389,C006390,56,Female,Porto
6390,C006391,30,Male,Braga
6391,C006392,32,Male,Braga
6392,C006393,48,Female,Braga
6393,C006394,17,Female,Braga
6394,C006395,31,Female,Coimbra
6395,C006396,65,Female,Coimbra
6396,C006397,55,Other,Porto
6397,C006398,25,Male,Coimbra
6398,C006399,60,Other,Faro
6399,C006400,18,Female,Braga
6400,C006401,50,Male,Coimbra
6401,C006402,26,Other,Faro
6402,C006403,62,Female,Porto
6403,C006404,30,Unknown,Lisbon
6404,C006405,23,Male,Porto
6405,C006406,62,Other,Coimbra
6406,C006407,30,Male,Faro
6407,C006408,66,Female,Braga
6408,C006409,38,Female,Braga
6409,C006410,20,Female,Porto
6410,C006411,56,Other,Coimbra
6411,C006412,66,Male,Faro
6412,C006413,44,Other,Faro
6413,C006414,51,Other,Faro
6414,C006415,41,Other,Lisbon
6415,C006416,24,Male,Braga
6416,C006417,59,Female,Braga
6417,C006418,55,Other,Lisbon
6418,C006419,55,Male,Braga
6419,C006420,25,Male,Braga
6420,C006421,29,Male,Braga
6421,C006422,36,Other,Faro
6422,C006423,42,Male,Braga
6423,C006424,57,Female,Coimbra
6424,C006425,56,Male,Braga
6425,C006426,66,Other,Lisbon
6426,C006427,33,Male,Braga
6427,C006428,23,Female,Porto
6428,C006429,17,Male,Porto
6429,C006430,65,Male,Braga
6430,C006431,29,Female,Faro
6431,C006432,35,Female,Porto
6432,C006433,25,Other,Lisbon
6433,C006434,63,Male,Porto
6434,C006435,46,Female,Coimbra
6435,C006436,22,Other,Faro
6436,C006437,64,Other,Faro
6437,C006438,36,Female,Braga
6438,C006439,16,Other,Faro
6439,C006440,69,Other,Faro
6440,C006441,26,Other,Lisbon
6441,C006442,46,Male,Braga
6442,C006443,39,Other,Lisbon
6443,C006444,39,Female,Lisbon
6444,C006445,34,Other,Lisbon
6445,C006446,53,Other,Braga
6446,C006447,25,Male,Braga
6447,C006448,50,Male,Braga
6448,C006449,22,Other,Faro
6449,C006450,49,Female,Porto
6450,C006451,33,Other,Porto
6451,C006452,40,Male,Lisbon
6452,C006453,20,Male,Faro
6453,C006454,36,Female,Braga
6454,C006455,29,Other,Coimbra
6455,C006456,49,Male,Lisbon
6456,C006457,53,Other,Lisbon
6457,C006458,43,Other,Coimbra
6458,C006459,62,Other,Faro
6459,C006460,59,Male,Porto
6460,C006461,37,Female,Coimbra
6461,C006462,56,Female,Porto
6462,C006463,29,Other,Faro
6463,C006464,57,Female,Coimbra
6464,C006465,58,Female,Coimbra
6465,C006466,38,Other,Faro
6466,C006467,29,Female,Coimbra
6467,C006468,32,Female,Braga
6468,C006469,21,Female,Braga
6469,C006470,69,Female,Braga
6470,C006471,19,Female,Porto
6471,C006472,52,Male,Faro
6472,C006473,63,Female,Lisbon
6473,C006474,37,Other,Braga
6474,C006475,20,Male,Porto
6475,C006476,24,Female,Faro
6476,C006477,29,Male,Coimbra
6477,C006478,25,Female,Braga
6478,C006479,25,Female,Coimbra
6479,C006480,34,Female,Faro
6480,C006481,28,Male,Porto
6481,C006482,55,Other,Faro
6482,C006483,68,Female,Porto
6483,C006484,58,Male,Coimbra
6484,C006485,32,Male,Faro
6485,C006486,53,Female,Faro
6486,C006487,40,Female,Porto
6487,C006488,33,Other,Faro
6488,C006489,67,Other,Coimbra
6489,C006490,53,Male,Lisbon
6490,C006491,30,Female,Lisbon
6491,C006492,21,Male,Lisbon
6492,C006493,60,Other,Porto
6493,C006494,26,Female,Porto
6494,C006495,48,Female,Porto
6495,C006496,42,Other,Faro
6496,C006497,57,Female,Coimbra
6497,C006498,17,Male,Lisbon
6498,C006499,65,Female,Braga
6499,C006500,68,Male,Lisbon
6500,C006501,42,Male,Porto
6501,C006502,64,Female,Faro
6502,C006503,62,Male,Porto
6503,C006504,54,Other,Porto
6504,C006505,24,Other,Coimbra
6505,C006506,45,Female,Lisbon
6506,C006507,37,Female,Lisbon
6507,C006508,53,Male,Faro
6508,C006509,60,Male,Porto
6509,C006510,52,Male,Coimbra
6510,C006511,58,Other,Porto
6511,C006512,28,Male,Braga
6512,C006513,55,Female,Braga
6513,C006514,26,Male,Faro
6514,C006515,69,Other,Coimbra
6515,C006516,53,Other,Porto
6516,C006517,54,Female,Braga
6517,C006518,24,Female,Faro
6518,C006519,58,Male,Braga
6519,C006520,45,Other,Braga
6520,C006521,29,Other,Faro
6521,C006522,46,Female,Porto
6522,C006523,35,Male,Faro
6523,C006524,45,Male,Coimbra
6524,C006525,19,Female,Braga
6525,C006526,51,Male,Braga
6526,C006527,47,Female,Lisbon
6527,C006528,47,Other,Faro
6528,C006529,36,Female,Porto
6529,C006530,16,Male,Braga
6530,C006531,28,Male,Lisbon
6531,C006532,46,Female,Lisbon
6532,C006533,65,Male,Porto
6533,C006534,23,Female,Faro
6534,C006535,41,Female,Coimbra
6535,C006536,52,Other,Faro
6536,C006537,57,Other,Braga
6537,C006538,58,Other,Braga
6538,C006539,31,Other,Faro
6539,C006540,59,Other,Faro
6540,C006541,62,Female,Braga
6541,C006542,32,Female,Braga
6542,C006543,41,Other,Coimbra
6543,C006544,60,Other,Porto
6544,C006545,51,Female,Lisbon
6545,C006546,51,Female,Porto
6546,C006547,33,Other,Porto
6547,C006548,53,Male,Lisbon
6548,C006549,42,Male,Faro
6549,C006550,39,Male,Braga
6550,C006551,36,Male,Braga
6551,C006552,32,Female,Coimbra
6552,C006553,42,Female,Lisbon
6553,C006554,35,Other,Coimbra
6554,C006555,39,Female,Lisbon
6555,C006556,36,Other,Porto
6556,C006557,38,Female,Coimbra
6557,C006558,19,Other,Porto
6558,C006559,39,Other,Coimbra
6559,C006560,61,Male,Braga
6560,C006561,17,Unknown,Braga
6561,C006562,58,Female,Braga
6562,C006563,30,Other,Braga
6563,C006564,55,Unknown,Coimbra
6564,C006565,67,Female,Coimbra
6565,C006566,40,Male,Faro
6566,C006567,36,Other,Coimbra
6567,C006568,56,Other,Faro
6568,C006569,23,Other,Braga
6569,C006570,51,Male,Coimbra
6570,C006571,45,Other,Porto
6571,C006572,24,Female,Lisbon
6572,C006573,32,Female,Faro
6573,C006574,16,Female,Coimbra
6574,C006575,62,Female,Faro
6575,C006576,32,Other,Lisbon
6576,C006577,30,Male,Faro
6577,C006578,57,Male,Faro
6578,C006579,50,Male,Lisbon
6579,C006580,24,Other,Porto
6580,C006581,60,Male,Lisbon
6581,C006582,23,Male,Coimbra
6582,C006583,47,Male,Lisbon
6583,C006584,50,Female,Braga
6584,C006585,43,Male,Porto
6585,C006586,28,Other,Porto
6586,C006587,47,Female,Porto
6587,C006588,66,Other,Braga
6588,C006589,21,Other,Braga
6589,C006590,47,Other,Braga
6590,C006591,36,Female,Faro
6591,C006592,29,Male,Coimbra
6592,C006593,47,Other,Faro
6593,C006594,62,Unknown,Faro
6594,C006595,21,Other,Porto
6595,C006596,45,Female,Lisbon
6596,C006597,34,Unknown,Lisbon
6597,C006598,44,Other,Faro
6598,C006599,19,Male,Porto
6599,C006600,39,Male,Coimbra
6600,C006601,44,Other,Coimbra
6601,C006602,66,Female,Braga
6602,C006603,48,Female,Lisbon
6603,C006604,56,Female,Lisbon
6604,C006605,38,Female,Coimbra
6605,C006606,40,Other,Braga
6606,C006607,22,Female,Lisbon
6607,C006608,37,Other,Porto
6608,C006609,45,Other,Braga
6609,C006610,25,Female,Porto
6610,C006611,35,Male,Porto
6611,C006612,27,Male,Faro
6612,C006613,44,Male,Faro
6613,C006614,66,Male,Lisbon
6614,C006615,18,Female,Coimbra
6615,C006616,59,Female,Porto
6616,C006617,63,Other,Braga
6617,C006618,46,Male,Faro
6618,C006619,16,Male,Lisbon
6619,C006620,62,Female,Lisbon
6620,C006621,67,Female,Lisbon
6621,C006622,32,Other,Braga
6622,C006623,67,Female,Braga
6623,C006624,32,Unknown,Porto
6624,C006625,19,Female,Coimbra
6625,C006626,60,Male,Faro
6626,C006627,37,Other,Lisbon
6627,C006628,40,Male,Lisbon
6628,C006629,53,Male,Lisbon
6629,C006630,22,Other,Braga
6630,C006631,46,Female,Faro
6631,C006632,54,Female,Coimbra
6632,C006633,57,Male,Porto
6633,C006634,21,Female,Braga
6634,C006635,49,Other,Coimbra
6635,C006636,43,Male,Braga
6636,C006637,20,Female,Porto
6637,C006638,54,Male,Lisbon
6638,C006639,36,Male,Coimbra
6639,C006640,42,Male,Lisbon
6640,C006641,29,Female,Lisbon
6641,C006642,51,Unknown,Braga
6642,C006643,60,Female,Coimbra
6643,C006644,49,Male,Lisbon
6644,C006645,27,Male,Braga
6645,C006646,46,Female,Braga
6646,C006647,16,Male,Porto
6647,C006648,60,Female,Porto
6648,C006649,32,Male,Faro
6649,C006650,48,Male,Braga
6650,C006651,40,Male,Faro
6651,C006652,39,Male,Faro
6652,C006653,35,Male,Porto
6653,C006654,69,Other,Braga
6654,C006655,62,Male,Braga
6655,C006656,49,Other,Faro
6656,C006657,36,Female,Braga
6657,C006658,59,Male,Faro
6658,C006659,69,Male,Coimbra
6659,C006660,32,Male,Coimbra
6660,C006661,54,Other,Lisbon
6661,C006662,41,Other,Coimbra
6662,C006663,27,Female,Coimbra
6663,C006664,24,Other,Porto
6664,C006665,63,Other,Faro
6665,C006666,62,Other,Coimbra
6666,C006667,32,Female,Braga
6667,C006668,44,Female,Braga
6668,C006669,68,Female,Braga
6669,C006670,49,Other,Lisbon
6670,C006671,22,Male,Faro
6671,C006672,51,Male,Braga
6672,C006673,39,Male,Porto
6673,C006674,68,Male,Braga
6674,C006675,43,Female,Faro
6675,C006676,31,Male,Porto
6676,C006677,43,Male,Braga
6677,C006678,16,Male,Braga
6678,C006679,20,Other,Coimbra
6679,C006680,18,Male,Lisbon
6680,C006681,43,Female,Coimbra
6681,C006682,63,Female,Porto
6682,C006683,64,Other,Lisbon
6683,C006684,20,Female,Braga
6684,C006685,54,Male,Braga
6685,C006686,59,Male,Faro
6686,C006687,69,Other,Lisbon
6687,C006688,23,Female,Porto
6688,C006689,45,Male,Faro
6689,C006690,48,Male,Coimbra
6690,C006691,60,Male,Coimbra
6691,C006692,64,Female,Faro
6692,C006693,17,Other,Braga
6693,C006694,16,Male,Braga
6694,C006695,22,Other,Lisbon
6695,C006696,61,Female,Lisbon
6696,C006697,58,Female,Braga
6697,C006698,19,Male,Braga
6698,C006699,63,Other,Coimbra
6699,C006700,40,Female,Faro
6700,C006701,35,Male,Faro
6701,C006702,67,Male,Faro
6702,C006703,51,Female,Coimbra
6703,C006704,52,Other,Braga
6704,C006705,40,Other,Coimbra
6705,C006706,68,Other,Braga
6706,C006707,31,Male,Porto
6707,C006708,54,Female,Faro
6708,C006709,61,Male,Coimbra
6709,C006710,25,Other,Faro
6710,C006711,43,Other,Coimbra
6711,C006712,36,Other,Lisbon
6712,C006713,41,Female,Faro
6713,C006714,36,Female,Faro
6714,C006715,29,Male,Faro
6715,C006716,56,Male,Braga
6716,C006717,28,Other,Porto
6717,C006718,55,Male,Lisbon
6718,C006719,57,Female,Porto
6719,C006720,23,Female,Coimbra
6720,C006721,63,Male,Lisbon
6721,C006722,27,Female,Coimbra
6722,C006723,53,Female,Faro
6723,C006724,26,Other,Braga
6724,C006725,17,Other,Braga
6725,C006726,45,Male,Faro
6726,C006727,62,Female,Lisbon
6727,C006728,63,Other,Lisbon
6728,C006729,33,Other,Porto
6729,C006730,57,Male,Faro
6730,C006731,29,Other,Braga
6731,C006732,65,Male,Lisbon
6732,C006733,44,Male,Braga
6733,C006734,55,Other,Coimbra
6734,C006735,64,Other,Coimbra
6735,C006736,39,Female,Coimbra
6736,C006737,68,Male,Braga
6737,C006738,18,Other,Lisbon
6738,C006739,29,Other,Braga
6739,C006740,33,Other,Braga
6740,C006741,36,Female,Coimbra
6741,C006742,19,Female,Braga
6742,C006743,38,Other,Braga
6743,C006744,59,Female,Braga
6744,C006745,57,Female,Porto
6745,C006746,53,Male,Porto
6746,C006747,37,Female,Lisbon
6747,C006748,16,Male,Porto
6748,C006749,24,Female,Faro
6749,C006750,41,Male,Lisbon
6750,C006751,28,Female,Faro
6751,C006752,21,Other,Coimbra
6752,C006753,59,Male,Lisbon
6753,C006754,24,Male,Lisbon
6754,C006755,32,Male,Faro
6755,C006756,52,Male,Lisbon
6756,C006757,66,Female,Braga
6757,C006758,23,Male,Coimbra
6758,C006759,20,Female,Lisbon
6759,C006760,58,Female,Coimbra
6760,C006761,48,Other,Faro
6761,C006762,38,Other,Coimbra
6762,C006763,37,Other,Porto
6763,C006764,69,Female,Faro
6764,C006765,29,Unknown,Braga
6765,C006766,67,Other,Porto
6766,C006767,19,Other,Braga
6767,C006768,47,Female,Coimbra
6768,C006769,32,Male,Faro
6769,C006770,60,Other,Porto
6770,C006771,35,Female,Lisbon
6771,C006772,36,Female,Faro
6772,C006773,20,Male,Coimbra
6773,C006774,58,Male,Lisbon
6774,C006775,40,Male,Faro
6775,C006776,36,Other,Faro
6776,C006777,66,Female,Braga
6777,C006778,46,Male,Coimbra
6778,C006779,58,Female,Braga
6779,C006780,56,Female,Coimbra
6780,C006781,29,Female,Porto
6781,C006782,67,Male,Braga
6782,C006783,45,Other,Coimbra
6783,C006784,16,Male,Lisbon
6784,C006785,69,Other,Braga
6785,C006786,50,Other,Faro
6786,C006787,62,Other,Braga
6787,C006788,18,Other,Faro
6788,C006789,43,Other,Faro
6789,C006790,38,Female,Porto
6790,C006791,60,Female,Lisbon
6791,C006792,48,Male,Porto
6792,C006793,33,Female,Faro
6793,C006794,65,Other,Braga
6794,C006795,22,Female,Lisbon
6795,C006796,49,Female,Coimbra
6796,C006797,62,Male,Braga
6797,C006798,42,Female,Braga
6798,C006799,52,Male,Faro
6799,C006800,64,Other,Braga
6800,C006801,51,Female,Lisbon
6801,C006802,17,Other,Coimbra
6802,C006803,32,Male,Faro
6803,C006804,17,Male,Braga
6804,C006805,36,Other,Faro
6805,C006806,66,Other,Lisbon
6806,C006807,57,Female,Braga
6807,C006808,35,Other,Faro
6808,C006809,58,Female,Faro
6809,C006810,46,Female,Faro
6810,C006811,35,Female,Coimbra
6811,C006812,36,Other,Lisbon
6812,C006813,25,Male,Coimbra
6813,C006814,60,Male,Lisbon
6814,C006815,16,Male,Coimbra
6815,C006816,26,Other,Faro
6816,C006817,26,Female,Faro
6817,C006818,59,Female,Porto
6818,C006819,57,Other,Faro
6819,C006820,24,Female,Faro
6820,C006821,47,Male,Porto
6821,C006822,58,Female,Braga
6822,C006823,28,Female,Faro
6823,C006824,63,Other,Lisbon
6824,C006825,41,Male,Coimbra
6825,C006826,67,Other,Lisbon
6826,C006827,67,Other,Lisbon
6827,C006828,25,Other,Porto
6828,C006829,22,Female,Coimbra
6829,C006830,38,Other,Braga
6830,C006831,60,Other,Faro
6831,C006832,64,Female,Porto
6832,C006833,66,Other,Braga
6833,C006834,48,Female,Faro
6834,C006835,23,Other,Braga
6835,C006836,67,Male,Faro
6836,C006837,48,Female,Porto
6837,C006838,37,Female,Faro
6838,C006839,63,Male,Faro
6839,C006840,35,Other,Porto
6840,C006841,16,Male,Coimbra
6841,C006842,66,Male,Porto
6842,C006843,20,Female,Lisbon
6843,C006844,33,Other,Braga
6844,C006845,56,Male,Faro
6845,C006846,16,Male,Lisbon
6846,C006847,66,Male,Braga
6847,C006848,48,Other,Braga
6848,C006849,56,Male,Coimbra
6849,C006850,16,Male,Braga
6850,C006851,65,Male,Braga
6851,C006852,56,Female,Lisbon
6852,C006853,52,Other,Coimbra
6853,C006854,41,Male,Faro
6854,C006855,44,Male,Faro
6855,C006856,17,Female,Porto
6856,C006857,37,Other,Coimbra
6857,C006858,60,Female,Porto
6858,C006859,32,Other,Lisbon
6859,C006860,17,Other,Coimbra
6860,C006861,61,Male,Porto
6861,C006862,46,Female,Faro
6862,C006863,45,Female,Coimbra
6863,C006864,66,Other,Faro
6864,C006865,50,Female,Faro
6865,C006866,63,Male,Lisbon
6866,C006867,62,Female,Lisbon
6867,C006868,52,Other,Porto
6868,C006869,46,Female,Porto
6869,C006870,26,Other,Lisbon
6870,C006871,32,Female,Coimbra
6871,C006872,33,Other,Faro
6872,C006873,69,Other,Braga
6873,C006874,19,Female,Lisbon
6874,C006875,53,Female,Coimbra
6875,C006876,69,Other,Porto
6876,C006877,51,Female,Braga
6877,C006878,25,Female,Braga
6878,C006879,58,Male,Faro
6879,C006880,33,Other,Faro
6880,C006881,43,Female,Braga
6881,C006882,18,Male,Coimbra
6882,C006883,24,Other,Porto
6883,C006884,39,Other,Coimbra
6884,C006885,38,Male,Coimbra
6885,C006886,39,Male,Coimbra
6886,C006887,25,Female,Coimbra
6887,C006888,18,Male,Faro
6888,C006889,30,Other,Lisbon
6889,C006890,43,Male,Faro
6890,C006891,53,Male,Coimbra
6891,C006892,47,Other,Braga
6892,C006893,52,Female,Lisbon
6893,C006894,68,Male,Porto
6894,C006895,60,Male,Braga
6895,C006896,46,Other,Braga
6896,C006897,48,Male,Braga
6897,C006898,52,Other,Lisbon
6898,C006899,47,Male,Lisbon
6899,C006900,26,Female,Lisbon
6900,C006901,42,Other,Lisbon
6901,C006902,49,Other,Lisbon
6902,C006903,36,Male,Coimbra
6903,C006904,49,Male,Coimbra
6904,C006905,16,Male,Braga
6905,C006906,57,Other,Lisbon
6906,C006907,57,Female,Porto
6907,C006908,55,Female,Lisbon
6908,C006909,35,Male,Porto
6909,C006910,26,Other,Faro
6910,C006911,40,Male,Faro
6911,C006912,41,Other,Porto
6912,C006913,41,Female,Faro
6913,C006914,65,Female,Porto
6914,C006915,68,Male,Lisbon
6915,C006916,35,Male,Faro
6916,C006917,66,Female,Braga
6917,C006918,32,Male,Coimbra
6918,C006919,65,Female,Braga
6919,C006920,25,Male,Faro
6920,C006921,44,Male,Lisbon
6921,C006922,41,Other,Braga
6922,C006923,46,Male,Porto
6923,C006924,55,Female,Braga
6924,C006925,17,Male,Coimbra
6925,C006926,44,Male,Braga
6926,C006927,47,Male,Porto
6927,C006928,39,Male,Coimbra
6928,C006929,52,Other,Faro
6929,C006930,64,Male,Coimbra
6930,C006931,52,Female,Braga
6931,C006932,61,Male,Braga
6932,C006933,37,Female,Braga
6933,C006934,18,Male,Lisbon
6934,C006935,41,Male,Coimbra
6935,C006936,56,Female,Porto
6936,C006937,64,Other,Braga
6937,C006938,22,Other,Lisbon
6938,C006939,49,Female,Lisbon
6939,C006940,43,Male,Porto
6940,C006941,59,Male,Lisbon
6941,C006942,45,Other,Faro
6942,C006943,33,Male,Lisbon
6943,C006944,46,Female,Coimbra
6944,C006945,54,Male,Braga
6945,C006946,38,Male,Coimbra
6946,C006947,39,Female,Braga
6947,C006948,54,Female,Porto
6948,C006949,69,Other,Braga
6949,C006950,64,Female,Porto
6950,C006951,42,Female,Braga
6951,C006952,54,Male,Faro
6952,C006953,34,Male,Porto
6953,C006954,51,Unknown,Porto
6954,C006955,41,Male,Braga
6955,C006956,38,Male,Porto
6956,C006957,27,Female,Faro
6957,C006958,56,Female,Lisbon
6958,C006959,37,Other,Lisbon
6959,C006960,56,Male,Porto
6960,C006961,53,Other,Braga
6961,C006962,16,Other,Porto
6962,C006963,18,Male,Lisbon
6963,C006964,27,Other,Braga
6964,C006965,41,Other,Lisbon
6965,C006966,35,Other,Faro
6966,C006967,22,Male,Faro
6967,C006968,66,Other,Coimbra
6968,C006969,34,Male,Faro
6969,C006970,34,Male,Coimbra
6970,C006971,24,Female,Porto
6971,C006972,26,Female,Coimbra
6972,C006973,44,Female,Coimbra
6973,C006974,49,Male,Faro
6974,C006975,43,Other,Coimbra
6975,C006976,43,Unknown,Porto
6976,C006977,59,Female,Faro
6977,C006978,44,Other,Faro
6978,C006979,47,Other,Lisbon
6979,C006980,38,Other,Faro
6980,C006981,36,Male,Coimbra
6981,C006982,28,Male,Lisbon
6982,C006983,49,Female,Coimbra
6983,C006984,25,Female,Lisbon
6984,C006985,54,Male,Faro
6985,C006986,65,Male,Porto
6986,C006987,65,Male,Coimbra
6987,C006988,21,Male,Faro
6988,C006989,40,Other,Faro
6989,C006990,16,Female,Braga
6990,C006991,31,Female,Faro
6991,C006992,50,Male,Faro
6992,C006993,34,Male,Coimbra
6993,C006994,39,Other,Coimbra
6994,C006995,20,Male,Braga
6995,C006996,23,Other,Faro
6996,C006997,61,Male,Faro
6997,C006998,31,Other,Lisbon
6998,C006999,29,Female,Porto
6999,C007000,28,Male,Porto
7000,C007001,21,Male,Braga
7001,C007002,41,Female,Faro
7002,C007003,27,Male,Lisbon
7003,C007004,62,Other,Porto
7004,C007005,41,Male,Coimbra
7005,C007006,43,Female,Porto
7006,C007007,22,Male,Lisbon
7007,C007008,56,Male,Lisbon
7008,C007009,65,Female,Lisbon
7009,C007010,56,Other,Coimbra
7010,C007011,38,Male,Braga
7011,C007012,43,Other,Porto
7012,C007013,62,Other,Lisbon
7013,C007014,46,Other,Braga
7014,C007015,41,Male,Porto
7015,C007016,40,Male,Faro
7016,C007017,17,Other,Faro
7017,C007018,63,Other,Lisbon
7018,C007019,68,Unknown,Porto
7019,C007020,65,Male,Faro
7020,C007021,41,Male,Porto
7021,C007022,63,Male,Faro
7022,C007023,27,Other,Braga
7023,C007024,28,Female,Coimbra
7024,C007025,61,Other,Lisbon
7025,C007026,65,Other,Porto
7026,C007027,33,Male,Porto
7027,C007028,24,Female,Braga
7028,C007029,55,Other,Coimbra
7029,C007030,26,Male,Porto
7030,C007031,22,Male,Coimbra
7031,C007032,21,Other,Braga
7032,C007033,53,Other,Coimbra
7033,C007034,65,Female,Faro
7034,C007035,30,Female,Porto
7035,C007036,22,Male,Lisbon
7036,C007037,34,Other,Faro
7037,C007038,42,Other,Lisbon
7038,C007039,44,Female,Coimbra
7039,C007040,65,Female,Coimbra
7040,C007041,46,Male,Porto
7041,C007042,55,Other,Coimbra
7042,C007043,52,Male,Porto
7043,C007044,61,Male,Braga
7044,C007045,63,Other,Lisbon
7045,C007046,30,Female,Braga
7046,C007047,32,Other,Faro
7047,C007048,17,Female,Lisbon
7048,C007049,20,Female,Faro
7049,C007050,69,Female,Lisbon
7050,C007051,69,Female,Porto
7051,C007052,27,Other,Faro
7052,C007053,17,Other,Braga
7053,C007054,29,Other,Braga
7054,C007055,39,Male,Lisbon
7055,C007056,50,Male,Faro
7056,C007057,40,Male,Faro
7057,C007058,68,Other,Coimbra
7058,C007059,68,Male,Braga
7059,C007060,47,Female,Faro
7060,C007061,58,Other,Braga
7061,C007062,28,Other,Coimbra
7062,C007063,38,Other,Lisbon
7063,C007064,30,Female,Lisbon
7064,C007065,21,Female,Braga
7065,C007066,42,Female,Porto
7066,C007067,28,Other,Faro
7067,C007068,24,Other,Porto
7068,C007069,64,Male,Lisbon
7069,C007070,48,Female,Faro
7070,C007071,40,Female,Porto
7071,C007072,60,Male,Faro
7072,C007073,58,Male,Faro
7073,C007074,30,Male,Braga
7074,C007075,31,Male,Braga
7075,C007076,60,Female,Coimbra
7076,C007077,42,Other,Coimbra
7077,C007078,36,Female,Porto
7078,C007079,56,Other,Coimbra
7079,C007080,18,Female,Lisbon
7080,C007081,60,Male,Porto
7081,C007082,26,Other,Porto
7082,C007083,45,Other,Faro
7083,C007084,46,Female,Coimbra
7084,C007085,62,Male,Braga
7085,C007086,19,Male,Braga
7086,C007087,52,Female,Faro
7087,C007088,50,Female,Porto
7088,C007089,36,Male,Coimbra
7089,C007090,24,Female,Lisbon
7090,C007091,54,Female,Braga
7091,C007092,46,Other,Lisbon
7092,C007093,46,Other,Faro
7093,C007094,57,Male,Porto
7094,C007095,32,Male,Lisbon
7095,C007096,32,Female,Porto
7096,C007097,35,Male,Porto
7097,C007098,17,Male,Coimbra
7098,C007099,45,Male,Faro
7099,C007100,53,Other,Braga
7100,C007101,62,Other,Braga
7101,C007102,30,Female,Porto
7102,C007103,16,Other,Lisbon
7103,C007104,16,Male,Braga
7104,C007105,66,Male,Faro
7105,C007106,44,Male,Coimbra
7106,C007107,66,Female,Lisbon
7107,C007108,57,Female,Faro
7108,C007109,45,Female,Porto
7109,C007110,63,Female,Coimbra
7110,C007111,62,Female,Coimbra
7111,C007112,45,Male,Porto
7112,C007113,56,Other,Lisbon
7113,C007114,19,Female,Coimbra
7114,C007115,47,Other,Coimbra
7115,C007116,29,Male,Lisbon
7116,C007117,32,Female,Coimbra
7117,C007118,36,Female,Lisbon
7118,C007119,37,Male,Porto
7119,C007120,59,Other,Coimbra
7120,C007121,22,Male,Faro
7121,C007122,40,Female,Porto
7122,C007123,18,Other,Lisbon
7123,C007124,64,Female,Faro
7124,C007125,30,Other,Porto
7125,C007126,43,Female,Coimbra
7126,C007127,44,Male,Faro
7127,C007128,48,Female,Coimbra
7128,C007129,47,Male,Braga
7129,C007130,28,Male,Coimbra
7130,C007131,42,Male,Lisbon
7131,C007132,57,Female,Lisbon
7132,C007133,57,Male,Porto
7133,C007134,31,Other,Lisbon
7134,C007135,40,Female,Faro
7135,C007136,46,Other,Lisbon
7136,C007137,67,Other,Braga
7137,C007138,67,Male,Braga
7138,C007139,35,Female,Porto
7139,C007140,55,Other,Faro
7140,C007141,37,Male,Braga
7141,C007142,24,Female,Faro
7142,C007143,63,Other,Braga
7143,C007144,50,Male,Faro
7144,C007145,60,Other,Coimbra
7145,C007146,39,Other,Porto
7146,C007147,42,Other,Porto
7147,C007148,46,Female,Porto
7148,C007149,34,Male,Lisbon
7149,C007150,51,Male,Coimbra
7150,C007151,55,Male,Lisbon
7151,C007152,58,Female,Lisbon
7152,C007153,27,Other,Coimbra
7153,C007154,52,Other,Lisbon
7154,C007155,41,Male,Braga
7155,C007156,17,Other,Coimbra
7156,C007157,21,Male,Faro
7157,C007158,37,Female,Lisbon
7158,C007159,47,Female,Faro
7159,C007160,20,Male,Braga
7160,C007161,45,Other,Faro
7161,C007162,41,Female,Faro
7162,C007163,24,Other,Coimbra
7163,C007164,35,Female,Braga
7164,C007165,46,Female,Braga
7165,C007166,22,Other,Coimbra
7166,C007167,19,Other,Porto
7167,C007168,22,Other,Faro
7168,C007169,41,Male,Lisbon
7169,C007170,43,Other,Faro
7170,C007171,56,Male,Porto
7171,C007172,51,Male,Braga
7172,C007173,53,Female,Lisbon
7173,C007174,35,Male,Faro
7174,C007175,36,Other,Coimbra
7175,C007176,49,Male,Coimbra
7176,C007177,27,Female,Porto
7177,C007178,62,Other,Lisbon
7178,C007179,28,Male,Porto
7179,C007180,50,Other,Lisbon
7180,C007181,27,Other,Coimbra
7181,C007182,68,Male,Faro
7182,C007183,61,Female,Faro
7183,C007184,22,Other,Braga
7184,C007185,46,Male,Porto
7185,C007186,41,Male,Braga
7186,C007187,33,Other,Faro
7187,C007188,65,Male,Faro
7188,C007189,44,Other,Porto
7189,C007190,28,Female,Coimbra
7190,C007191,48,Other,Braga
7191,C007192,54,Male,Porto
7192,C007193,29,Other,Coimbra
7193,C007194,60,Female,Lisbon
7194,C007195,19,Female,Coimbra
7195,C007196,33,Other,Braga
7196,C007197,62,Male,Braga
7197,C007198,66,Male,Porto
7198,C007199,61,Male,Porto
7199,C007200,47,Male,Faro
7200,C007201,55,Other,Porto
7201,C007202,23,Male,Braga
7202,C007203,31,Other,Braga
7203,C007204,24,Other,Coimbra
7204,C007205,60,Female,Lisbon
7205,C007206,21,Male,Braga
7206,C007207,26,Other,Porto
7207,C007208,22,Female,Lisbon
7208,C007209,59,Male,Lisbon
7209,C007210,68,Other,Coimbra
7210,C007211,24,Female,Lisbon
7211,C007212,43,Female,Faro
7212,C007213,41,Male,Porto
7213,C007214,47,Male,Braga
7214,C007215,44,Female,Faro
7215,C007216,32,Male,Porto
7216,C007217,44,Male,Coimbra
7217,C007218,22,Other,Coimbra
7218,C007219,47,Female,Lisbon
7219,C007220,54,Female,Coimbra
7220,C007221,66,Female,Faro
7221,C007222,17,Male,Coimbra
7222,C007223,32,Male,Porto
7223,C007224,29,Other,Coimbra
7224,C007225,48,Female,Lisbon
7225,C007226,69,Male,Coimbra
7226,C007227,19,Female,Coimbra
7227,C007228,50,Female,Porto
7228,C007229,16,Male,Coimbra
7229,C007230,37,Male,Braga
7230,C007231,19,Male,Porto
7231,C007232,37,Female,Faro
7232,C007233,65,Male,Coimbra
7233,C007234,63,Other,Porto
7234,C007235,30,Male,Porto
7235,C007236,57,Other,Faro
7236,C007237,23,Male,Braga
7237,C007238,41,Other,Coimbra
7238,C007239,42,Female,Coimbra
7239,C007240,45,Female,Coimbra
7240,C007241,67,Other,Faro
7241,C007242,34,Other,Coimbra
7242,C007243,57,Other,Lisbon
7243,C007244,16,Male,Porto
7244,C007245,19,Male,Porto
7245,C007246,30,Female,Braga
7246,C007247,62,Other,Lisbon
7247,C007248,21,Other,Lisbon
7248,C007249,29,Male,Lisbon
7249,C007250,69,Other,Coimbra
7250,C007251,45,Female,Coimbra
7251,C007252,45,Female,Coimbra
7252,C007253,25,Male,Lisbon
7253,C007254,56,Male,Porto
7254,C007255,29,Male,Braga
7255,C007256,66,Male,Lisbon
7256,C007257,26,Other,Braga
7257,C007258,26,Female,Braga
7258,C007259,22,Male,Braga
7259,C007260,36,Male,Porto
7260,C007261,55,Male,Porto
7261,C007262,52,Other,Porto
7262,C007263,19,Other,Porto
7263,C007264,29,Female,Braga
7264,C007265,66,Male,Coimbra
7265,C007266,18,Male,Braga
7266,C007267,27,Male,Porto
7267,C007268,34,Male,Faro
7268,C007269,57,Female,Faro
7269,C007270,67,Other,Porto
7270,C007271,35,Female,Faro
7271,C007272,16,Male,Porto
7272,C007273,69,Other,Lisbon
7273,C007274,18,Other,Lisbon
7274,C007275,37,Female,Coimbra
7275,C007276,64,Male,Braga
7276,C007277,40,Other,Faro
7277,C007278,40,Male,Coimbra
7278,C007279,59,Other,Porto
7279,C007280,23,Female,Faro
7280,C007281,29,Male,Faro
7281,C007282,39,Other,Lisbon
7282,C007283,60,Other,Braga
7283,C007284,65,Other,Coimbra
7284,C007285,63,Male,Braga
7285,C007286,16,Female,Faro
7286,C007287,60,Other,Lisbon
7287,C007288,42,Male,Lisbon
7288,C007289,56,Male,Coimbra
7289,C007290,34,Female,Porto
7290,C007291,61,Female,Faro
7291,C007292,67,Female,Lisbon
7292,C007293,53,Male,Coimbra
7293,C007294,42,Female,Faro
7294,C007295,57,Female,Porto
7295,C007296,48,Female,Faro
7296,C007297,62,Other,Faro
7297,C007298,49,Male,Braga
7298,C007299,35,Other,Lisbon
7299,C007300,18,Male,Lisbon
7300,C007301,39,Female,Faro
7301,C007302,56,Other,Faro
7302,C007303,44,Male,Braga
7303,C007304,26,Female,Braga
7304,C007305,17,Female,Porto
7305,C007306,37,Male,Coimbra
7306,C007307,17,Female,Faro
7307,C007308,53,Female,Lisbon
7308,C007309,47,Other,Braga
7309,C007310,44,Male,Braga
7310,C007311,51,Other,Lisbon
7311,C007312,68,Other,Faro
7312,C007313,48,Male,Porto
7313,C007314,40,Other,Porto
7314,C007315,59,Male,Coimbra
7315,C007316,51,Male,Porto
7316,C007317,42,Male,Porto
7317,C007318,58,Other,Coimbra
7318,C007319,50,Other,Braga
7319,C007320,36,Other,Coimbra
7320,C007321,60,Other,Lisbon
7321,C007322,69,Male,Coimbra
7322,C007323,25,Female,Lisbon
7323,C007324,27,Male,Faro
7324,C007325,34,Male,Faro
7325,C007326,69,Female,Porto
7326,C007327,16,Male,Coimbra
7327,C007328,58,Male,Faro
7328,C007329,22,Female,Lisbon
7329,C007330,67,Other,Coimbra
7330,C007331,57,Male,Lisbon
7331,C007332,29,Unknown,Lisbon
7332,C007333,17,Male,Faro
7333,C007334,67,Female,Porto
7334,C007335,26,Female,Coimbra
7335,C007336,18,Female,Braga
7336,C007337,43,Other,Coimbra
7337,C007338,39,Other,Braga
7338,C007339,41,Female,Faro
7339,C007340,18,Male,Faro
7340,C007341,28,Other,Coimbra
7341,C007342,60,Other,Porto
7342,C007343,26,Other,Lisbon
7343,C007344,47,Female,Faro
7344,C007345,48,Female,Coimbra
7345,C007346,17,Male,Lisbon
7346,C007347,26,Other,Porto
7347,C007348,34,Other,Braga
7348,C007349,27,Male,Coimbra
7349,C007350,39,Unknown,Coimbra
7350,C007351,22,Other,Braga
7351,C007352,66,Other,Faro
7352,C007353,32,Female,Coimbra
7353,C007354,26,Male,Faro
7354,C007355,61,Female,Porto
7355,C007356,35,Female,Coimbra
7356,C007357,25,Other,Porto
7357,C007358,31,Female,Faro
7358,C007359,67,Female,Braga
7359,C007360,47,Male,Lisbon
7360,C007361,48,Female,Porto
7361,C007362,17,Female,Lisbon
7362,C007363,19,Other,Coimbra
7363,C007364,35,Other,Braga
7364,C007365,52,Other,Lisbon
7365,C007366,19,Other,Coimbra
7366,C007367,47,Other,Braga
7367,C007368,45,Male,Braga
7368,C007369,24,Female,Porto
7369,C007370,28,Other,Coimbra
7370,C007371,33,Male,Braga
7371,C007372,43,Female,Coimbra
7372,C007373,54,Other,Lisbon
7373,C007374,65,Male,Braga
7374,C007375,32,Other,Braga
7375,C007376,16,Other,Lisbon
7376,C007377,45,Unknown,Coimbra
7377,C007378,48,Male,Coimbra
7378,C007379,43,Other,Braga
7379,C007380,65,Female,Braga
7380,C007381,37,Other,Braga
7381,C007382,63,Female,Porto
7382,C007383,40,Other,Coimbra
7383,C007384,21,Other,Lisbon
7384,C007385,53,Other,Faro
7385,C007386,63,Other,Faro
7386,C007387,48,Male,Lisbon
7387,C007388,19,Other,Lisbon
7388,C007389,50,Unknown,Coimbra
7389,C007390,17,Female,Lisbon
7390,C007391,26,Female,Faro
7391,C007392,17,Female,Faro
7392,C007393,26,Female,Lisbon
7393,C007394,16,Other,Lisbon
7394,C007395,28,Female,Porto
7395,C007396,19,Female,Braga
7396,C007397,50,Female,Faro
7397,C007398,37,Male,Braga
7398,C007399,29,Male,Faro
7399,C007400,26,Female,Porto
7400,C007401,30,Other,Coimbra
7401,C007402,47,Other,Faro
7402,C007403,58,Female,Braga
7403,C007404,30,Female,Coimbra
7404,C007405,18,Male,Faro
7405,C007406,27,Other,Braga
7406,C007407,59,Other,Lisbon
7407,C007408,55,Male,Braga
7408,C007409,25,Other,Lisbon
7409,C007410,31,Other,Braga
7410,C007411,28,Other,Coimbra
7411,C007412,61,Male,Braga
7412,C007413,41,Other,Porto
7413,C007414,17,Male,Lisbon
7414,C007415,42,Male,Coimbra
7415,C007416,53,Other,Coimbra
7416,C007417,54,Female,Braga
7417,C007418,24,Male,Braga
7418,C007419,53,Other,Faro
7419,C007420,50,Male,Coimbra
7420,C007421,21,Male,Porto
7421,C007422,43,Female,Braga
7422,C007423,17,Female,Braga
7423,C007424,30,Other,Braga
7424,C007425,47,Male,Lisbon
7425,C007426,31,Female,Faro
7426,C007427,58,Male,Lisbon
7427,C007428,53,Male,Coimbra
7428,C007429,37,Female,Braga
7429,C007430,53,Other,Coimbra
7430,C007431,49,Male,Porto
7431,C007432,39,Female,Braga
7432,C007433,16,Female,Faro
7433,C007434,62,Other,Coimbra
7434,C007435,69,Male,Porto
7435,C007436,57,Other,Faro
7436,C007437,66,Female,Faro
7437,C007438,64,Other,Faro
7438,C007439,58,Male,Faro
7439,C007440,58,Male,Coimbra
7440,C007441,59,Female,Faro
7441,C007442,31,Male,Lisbon
7442,C007443,56,Other,Porto
7443,C007444,36,Other,Lisbon
7444,C007445,43,Female,Lisbon
7445,C007446,56,Male,Faro
7446,C007447,51,Female,Braga
7447,C007448,60,Male,Lisbon
7448,C007449,68,Other,Porto
7449,C007450,44,Female,Lisbon
7450,C007451,56,Female,Braga
7451,C007452,67,Other,Coimbra
7452,C007453,34,Male,Faro
7453,C007454,34,Male,Porto
7454,C007455,47,Other,Lisbon
7455,C007456,52,Female,Braga
7456,C007457,29,Female,Faro
7457,C007458,46,Female,Faro
7458,C007459,17,Other,Faro
7459,C007460,59,Female,Lisbon
7460,C007461,63,Female,Coimbra
7461,C007462,52,Female,Porto
7462,C007463,22,Male,Lisbon
7463,C007464,21,Male,Coimbra
7464,C007465,48,Male,Coimbra
7465,C007466,68,Other,Lisbon
7466,C007467,28,Male,Porto
7467,C007468,43,Other,Coimbra
7468,C007469,57,Female,Lisbon
7469,C007470,16,Other,Porto
7470,C007471,22,Female,Faro
7471,C007472,27,Male,Porto
7472,C007473,32,Male,Porto
7473,C007474,41,Female,Lisbon
7474,C007475,69,Male,Faro
7475,C007476,36,Male,Coimbra
7476,C007477,56,Male,Coimbra
7477,C007478,36,Female,Porto
7478,C007479,21,Other,Lisbon
7479,C007480,33,Male,Porto
7480,C007481,42,Other,Porto
7481,C007482,53,Male,Porto
7482,C007483,21,Female,Faro
7483,C007484,37,Male,Faro
7484,C007485,61,Other,Porto
7485,C007486,25,Male,Lisbon
7486,C007487,50,Female,Porto
7487,C007488,63,Male,Braga
7488,C007489,56,Female,Faro
7489,C007490,66,Other,Porto
7490,C007491,49,Male,Braga
7491,C007492,60,Other,Coimbra
7492,C007493,54,Female,Faro
7493,C007494,50,Female,Lisbon
7494,C007495,25,Female,Porto
7495,C007496,68,Other,Coimbra
7496,C007497,38,Other,Braga
7497,C007498,31,Male,Braga
7498,C007499,20,Other,Coimbra
7499,C007500,17,Other,Faro
7500,C007501,40,Other,Faro
7501,C007502,38,Female,Lisbon
7502,C007503,34,Female,Coimbra
7503,C007504,50,Male,Coimbra
7504,C007505,69,Male,Braga
7505,C007506,35,Other,Lisbon
7506,C007507,52,Female,Lisbon
7507,C007508,42,Female,Porto
7508,C007509,46,Other,Coimbra
7509,C007510,67,Other,Faro
7510,C007511,42,Male,Porto
7511,C007512,30,Male,Lisbon
7512,C007513,62,Other,Coimbra
7513,C007514,51,Other,Porto
7514,C007515,45,Other,Faro
7515,C007516,45,Female,Faro
7516,C007517,50,Female,Coimbra
7517,C007518,47,Female,Lisbon
7518,C007519,36,Male,Lisbon
7519,C007520,22,Female,Coimbra
7520,C007521,45,Male,Porto
7521,C007522,18,Female,Coimbra
7522,C007523,41,Other,Coimbra
7523,C007524,67,Female,Faro
7524,C007525,29,Male,Coimbra
7525,C007526,28,Other,Lisbon
7526,C007527,64,Male,Porto
7527,C007528,24,Male,Porto
7528,C007529,64,Female,Faro
7529,C007530,39,Male,Coimbra
7530,C007531,16,Other,Porto
7531,C007532,40,Male,Braga
7532,C007533,22,Male,Porto
7533,C007534,65,Female,Faro
7534,C007535,59,Female,Porto
7535,C007536,29,Male,Braga
7536,C007537,19,Other,Braga
7537,C007538,34,Male,Porto
7538,C007539,40,Female,Porto
7539,C007540,30,Female,Coimbra
7540,C007541,51,Male,Porto
7541,C007542,55,Female,Lisbon
7542,C007543,29,Male,Braga
7543,C007544,52,Female,Faro
7544,C007545,38,Other,Lisbon
7545,C007546,60,Male,Braga
7546,C007547,19,Male,Coimbra
7547,C007548,35,Other,Lisbon
7548,C007549,29,Other,Lisbon
7549,C007550,63,Other,Lisbon
7550,C007551,24,Other,Braga
7551,C007552,32,Male,Faro
7552,C007553,23,Other,Faro
7553,C007554,67,Other,Braga
7554,C007555,44,Other,Faro
7555,C007556,38,Other,Porto
7556,C007557,47,Male,Coimbra
7557,C007558,36,Male,Porto
7558,C007559,21,Other,Lisbon
7559,C007560,48,Female,Lisbon
7560,C007561,55,Male,Porto
7561,C007562,21,Female,Faro
7562,C007563,53,Other,Lisbon
7563,C007564,17,Female,Lisbon
7564,C007565,18,Male,Lisbon
7565,C007566,29,Other,Braga
7566,C007567,48,Other,Faro
7567,C007568,48,Female,Faro
7568,C007569,58,Male,Lisbon
7569,C007570,20,Female,Porto
7570,C007571,31,Male,Lisbon
7571,C007572,34,Male,Porto
7572,C007573,31,Female,Lisbon
7573,C007574,27,Female,Coimbra
7574,C007575,51,Male,Coimbra
7575,C007576,62,Male,Porto
7576,C007577,55,Female,Faro
7577,C007578,59,Other,Coimbra
7578,C007579,55,Male,Faro
7579,C007580,58,Other,Porto
7580,C007581,67,Female,Coimbra
7581,C007582,41,Male,Coimbra
7582,C007583,31,Female,Faro
7583,C007584,63,Female,Lisbon
7584,C007585,38,Female,Lisbon
7585,C007586,29,Female,Braga
7586,C007587,27,Female,Lisbon
7587,C007588,36,Male,Braga
7588,C007589,21,Other,Porto
7589,C007590,28,Male,Braga
7590,C007591,17,Male,Lisbon
7591,C007592,45,Other,Coimbra
7592,C007593,23,Female,Faro
7593,C007594,34,Other,Faro
7594,C007595,43,Female,Coimbra
7595,C007596,19,Other,Coimbra
7596,C007597,42,Other,Porto
7597,C007598,29,Male,Porto
7598,C007599,33,Other,Porto
7599,C007600,45,Female,Lisbon
7600,C007601,38,Other,Faro
7601,C007602,31,Other,Porto
7602,C007603,24,Other,Faro
7603,C007604,66,Male,Braga
7604,C007605,21,Male,Faro
7605,C007606,35,Female,Braga
7606,C007607,30,Male,Braga
7607,C007608,37,Male,Coimbra
7608,C007609,21,Male,Lisbon
7609,C007610,16,Male,Lisbon
7610,C007611,29,Other,Braga
7611,C007612,64,Female,Coimbra
7612,C007613,36,Female,Braga
7613,C007614,28,Other,Braga
7614,C007615,24,Other,Lisbon
7615,C007616,32,Male,Faro
7616,C007617,26,Male,Porto
7617,C007618,26,Other,Porto
7618,C007619,61,Female,Faro
7619,C007620,32,Other,Lisbon
7620,C007621,61,Other,Porto
7621,C007622,30,Other,Lisbon
7622,C007623,28,Female,Lisbon
7623,C007624,17,Male,Porto
7624,C007625,30,Other,Faro
7625,C007626,60,Female,Coimbra
7626,C007627,41,Male,Coimbra
7627,C007628,65,Female,Porto
7628,C007629,17,Female,Braga
7629,C007630,21,Other,Coimbra
7630,C007631,66,Female,Faro
7631,C007632,25,Male,Lisbon
7632,C007633,37,Unknown,Braga
7633,C007634,21,Other,Lisbon
7634,C007635,62,Female,Braga
7635,C007636,58,Other,Porto
7636,C007637,61,Female,Lisbon
7637,C007638,60,Other,Lisbon
7638,C007639,27,Male,Lisbon
7639,C007640,21,Other,Braga
7640,C007641,30,Female,Porto
7641,C007642,24,Female,Coimbra
7642,C007643,19,Female,Faro
7643,C007644,58,Other,Braga
7644,C007645,48,Male,Coimbra
7645,C007646,26,Male,Lisbon
7646,C007647,20,Female,Braga
7647,C007648,27,Other,Porto
7648,C007649,35,Other,Faro
7649,C007650,58,Other,Porto
7650,C007651,59,Male,Porto
7651,C007652,44,Male,Coimbra
7652,C007653,50,Other,Porto
7653,C007654,58,Other,Braga
7654,C007655,43,Male,Faro
7655,C007656,27,Female,Faro
7656,C007657,40,Other,Braga
7657,C007658,69,Male,Lisbon
7658,C007659,56,Male,Porto
7659,C007660,44,Female,Braga
7660,C007661,17,Other,Lisbon
7661,C007662,47,Female,Lisbon
7662,C007663,57,Other,Braga
7663,C007664,65,Other,Lisbon
7664,C007665,32,Male,Coimbra
7665,C007666,21,Female,Porto
7666,C007667,63,Male,Porto
7667,C007668,42,Female,Coimbra
7668,C007669,55,Male,Porto
7669,C007670,64,Male,Faro
7670,C007671,52,Other,Coimbra
7671,C007672,16,Other,Braga
7672,C007673,60,Other,Braga
7673,C007674,44,Female,Coimbra
7674,C007675,17,Other,Braga
7675,C007676,29,Other,Coimbra
7676,C007677,66,Other,Porto
7677,C007678,21,Other,Coimbra
7678,C007679,54,Other,Porto
7679,C007680,26,Male,Porto
7680,C007681,33,Other,Porto
7681,C007682,55,Male,Porto
7682,C007683,20,Male,Braga
7683,C007684,64,Other,Porto
7684,C007685,66,Female,Porto
7685,C007686,59,Male,Lisbon
7686,C007687,54,Female,Porto
7687,C007688,69,Other,Coimbra
7688,C007689,61,Other,Lisbon
7689,C007690,36,Male,Faro
7690,C007691,21,Male,Porto
7691,C007692,34,Male,Porto
7692,C007693,66,Other,Lisbon
7693,C007694,47,Other,Porto
7694,C007695,57,Female,Faro
7695,C007696,64,Male,Coimbra
7696,C007697,24,Other,Coimbra
7697,C007698,24,Female,Lisbon
7698,C007699,54,Male,Faro
7699,C007700,25,Male,Porto
7700,C007701,67,Other,Lisbon
7701,C007702,23,Male,Lisbon
7702,C007703,38,Female,Lisbon
7703,C007704,30,Other,Lisbon
7704,C007705,52,Female,Braga
7705,C007706,28,Female,Braga
7706,C007707,18,Female,Coimbra
7707,C007708,44,Male,Porto
7708,C007709,29,Male,Porto
7709,C007710,50,Other,Lisbon
7710,C007711,68,Male,Coimbra
7711,C007712,43,Other,Coimbra
7712,C007713,17,Female,Faro
7713,C007714,64,Female,Coimbra
7714,C007715,30,Other,Lisbon
7715,C007716,48,Other,Coimbra
7716,C007717,55,Male,Coimbra
7717,C007718,50,Other,Braga
7718,C007719,55,Other,Porto
7719,C007720,57,Other,Faro
7720,C007721,17,Female,Porto
7721,C007722,55,Other,Porto
7722,C007723,33,Female,Porto
7723,C007724,67,Male,Lisbon
7724,C007725,50,Female,Braga
7725,C007726,57,Male,Braga
7726,C007727,22,Male,Porto
7727,C007728,36,Other,Faro
7728,C007729,60,Female,Braga
7729,C007730,16,Male,Porto
7730,C007731,67,Female,Porto
7731,C007732,61,Female,Faro
7732,C007733,56,Male,Coimbra
7733,C007734,38,Female,Coimbra
7734,C007735,65,Female,Braga
7735,C007736,22,Male,Lisbon
7736,C007737,28,Male,Porto
7737,C007738,21,Female,Lisbon
7738,C007739,47,Male,Lisbon
7739,C007740,22,Female,Faro
7740,C007741,44,Female,Lisbon
7741,C007742,25,Other,Braga
7742,C007743,65,Other,Lisbon
7743,C007744,65,Female,Lisbon
7744,C007745,59,Other,Faro
7745,C007746,22,Male,Faro
7746,C007747,20,Male,Faro
7747,C007748,24,Other,Braga
7748,C007749,64,Female,Faro
7749,C007750,47,Male,Porto
7750,C007751,69,Other,Coimbra
7751,C007752,61,Other,Braga
7752,C007753,56,Female,Lisbon
7753,C007754,60,Male,Braga
7754,C007755,34,Female,Braga
7755,C007756,19,Male,Lisbon
7756,C007757,22,Other,Faro
7757,C007758,19,Other,Coimbra
7758,C007759,54,Male,Lisbon
7759,C007760,46,Other,Porto
7760,C007761,37,Female,Porto
7761,C007762,39,Female,Braga
7762,C007763,36,Female,Porto
7763,C007764,53,Other,Faro
7764,C007765,64,Female,Porto
7765,C007766,43,Male,Braga
7766,C007767,57,Other,Porto
7767,C007768,18,Female,Faro
7768,C007769,50,Female,Lisbon
7769,C007770,49,Other,Porto
7770,C007771,26,Other,Lisbon
7771,C007772,53,Male,Porto
7772,C007773,29,Other,Faro
7773,C007774,56,Male,Braga
7774,C007775,43,Male,Lisbon
7775,C007776,64,Other,Coimbra
7776,C007777,57,Male,Lisbon
7777,C007778,16,Female,Lisbon
7778,C007779,47,Female,Porto
7779,C007780,46,Female,Coimbra
7780,C007781,40,Unknown,Lisbon
7781,C007782,56,Female,Faro
7782,C007783,26,Female,Lisbon
7783,C007784,64,Female,Faro
7784,C007785,18,Male,Coimbra
7785,C007786,51,Male,Porto
7786,C007787,20,Female,Braga
7787,C007788,50,Male,Lisbon
7788,C007789,66,Female,Porto
7789,C007790,18,Other,Coimbra
7790,C007791,30,Other,Porto
7791,C007792,36,Female,Braga
7792,C007793,60,Male,Faro
7793,C007794,43,Female,Coimbra
7794,C007795,20,Male,Braga
7795,C007796,60,Female,Braga
7796,C007797,34,Other,Faro
7797,C007798,62,Male,Coimbra
7798,C007799,45,Female,Braga
7799,C007800,49,Female,Braga
7800,C007801,19,Other,Braga
7801,C007802,37,Male,Braga
7802,C007803,21,Other,Faro
7803,C007804,16,Other,Lisbon
7804,C007805,67,Other,Coimbra
7805,C007806,16,Other,Lisbon
7806,C007807,66,Other,Porto
7807,C007808,67,Female,Faro
7808,C007809,38,Male,Braga
7809,C007810,33,Female,Faro
7810,C007811,27,Other,Braga
7811,C007812,51,Other,Lisbon
7812,C007813,31,Other,Faro
7813,C007814,20,Male,Coimbra
7814,C007815,63,Female,Braga
7815,C007816,60,Male,Faro
7816,C007817,62,Other,Lisbon
7817,C007818,42,Female,Coimbra
7818,C007819,67,Female,Braga
7819,C007820,47,Male,Braga
7820,C007821,65,Other,Faro
7821,C007822,45,Female,Braga
7822,C007823,19,Female,Faro
7823,C007824,42,Male,Braga
7824,C007825,35,Other,Porto
7825,C007826,24,Female,Porto
7826,C007827,19,Female,Braga
7827,C007828,24,Male,Coimbra
7828,C007829,56,Other,Braga
7829,C007830,17,Other,Porto
7830,C007831,63,Male,Porto
7831,C007832,56,Female,Porto
7832,C007833,56,Other,Faro
7833,C007834,31,Female,Porto
7834,C007835,31,Other,Coimbra
7835,C007836,25,Male,Faro
7836,C007837,39,Female,Coimbra
7837,C007838,27,Male,Faro
7838,C007839,67,Other,Faro
7839,C007840,18,Male,Coimbra
7840,C007841,64,Female,Braga
7841,C007842,40,Other,Faro
7842,C007843,38,Female,Porto
7843,C007844,44,Female,Porto
7844,C007845,49,Male,Porto
7845,C007846,32,Female,Faro
7846,C007847,54,Female,Porto
7847,C007848,47,Male,Porto
7848,C007849,55,Male,Porto
7849,C007850,29,Male,Coimbra
7850,C007851,47,Female,Faro
7851,C007852,65,Other,Braga
7852,C007853,37,Female,Coimbra
7853,C007854,61,Other,Coimbra
7854,C007855,40,Female,Braga
7855,C007856,55,Female,Braga
7856,C007857,23,Other,Lisbon
7857,C007858,28,Female,Faro
7858,C007859,38,Other,Faro
7859,C007860,35,Female,Braga
7860,C007861,30,Male,Faro
7861,C007862,19,Other,Coimbra
7862,C007863,47,Other,Faro
7863,C007864,16,Female,Faro
7864,C007865,45,Other,Braga
7865,C007866,44,Female,Coimbra
7866,C007867,36,Other,Porto
7867,C007868,69,Other,Lisbon
7868,C007869,69,Female,Braga
7869,C007870,40,Other,Lisbon
7870,C007871,44,Female,Porto
7871,C007872,28,Other,Braga
7872,C007873,58,Female,Faro
7873,C007874,17,Female,Braga
7874,C007875,28,Other,Porto
7875,C007876,45,Male,Coimbra
7876,C007877,21,Other,Lisbon
7877,C007878,60,Other,Faro
7878,C007879,67,Other,Braga
7879,C007880,46,Other,Braga
7880,C007881,52,Female,Lisbon
7881,C007882,51,Male,Braga
7882,C007883,39,Male,Faro
7883,C007884,66,Female,Braga
7884,C007885,27,Other,Coimbra
7885,C007886,44,Female,Faro
7886,C007887,37,Other,Faro
7887,C007888,37,Female,Porto
7888,C007889,37,Other,Coimbra
7889,C007890,24,Male,Coimbra
7890,C007891,30,Male,Porto
7891,C007892,68,Other,Porto
7892,C007893,49,Other,Lisbon
7893,C007894,55,Other,Lisbon
7894,C007895,48,Male,Faro
7895,C007896,52,Other,Faro
7896,C007897,67,Male,Porto
7897,C007898,17,Other,Porto
7898,C007899,51,Other,Lisbon
7899,C007900,39,Female,Lisbon
7900,C007901,59,Other,Lisbon
7901,C007902,45,Other,Braga
7902,C007903,44,Male,Porto
7903,C007904,69,Other,Braga
7904,C007905,39,Female,Faro
7905,C007906,39,Other,Coimbra
7906,C007907,30,Male,Porto
7907,C007908,21,Other,Faro
7908,C007909,27,Male,Lisbon
7909,C007910,18,Male,Faro
7910,C007911,24,Female,Braga
7911,C007912,64,Male,Faro
7912,C007913,46,Other,Faro
7913,C007914,63,Male,Lisbon
7914,C007915,41,Other,Braga
7915,C007916,31,Other,Coimbra
7916,C007917,36,Male,Lisbon
7917,C007918,33,Female,Lisbon
7918,C007919,57,Male,Coimbra
7919,C007920,60,Other,Porto
7920,C007921,69,Male,Braga
7921,C007922,64,Other,Faro
7922,C007923,23,Female,Faro
7923,C007924,34,Unknown,Braga
7924,C007925,51,Other,Coimbra
7925,C007926,46,Female,Lisbon
7926,C007927,62,Female,Lisbon
7927,C007928,66,Female,Coimbra
7928,C007929,60,Other,Braga
7929,C007930,33,Male,Faro
7930,C007931,51,Other,Braga
7931,C007932,55,Female,Coimbra
7932,C007933,33,Other,Coimbra
7933,C007934,59,Other,Faro
7934,C007935,40,Female,Porto
7935,C007936,31,Male,Braga
7936,C007937,33,Male,Braga
7937,C007938,29,Female,Braga
7938,C007939,27,Other,Coimbra
7939,C007940,23,Female,Faro
7940,C007941,67,Female,Coimbra
7941,C007942,63,Female,Coimbra
7942,C007943,46,Other,Lisbon
7943,C007944,18,Male,Coimbra
7944,C007945,21,Other,Coimbra
7945,C007946,39,Male,Lisbon
7946,C007947,17,Female,Braga
7947,C007948,64,Male,Lisbon
7948,C007949,55,Female,Porto
7949,C007950,34,Female,Coimbra
7950,C007951,46,Male,Lisbon
7951,C007952,29,Other,Lisbon
7952,C007953,17,Other,Coimbra
7953,C007954,55,Female,Lisbon
7954,C007955,39,Other,Faro
7955,C007956,54,Male,Coimbra
7956,C007957,23,Other,Braga
7957,C007958,49,Other,Lisbon
7958,C007959,67,Other,Lisbon
7959,C007960,56,Male,Braga
7960,C007961,45,Other,Faro
7961,C007962,51,Male,Faro
7962,C007963,64,Female,Braga
7963,C007964,28,Other,Porto
7964,C007965,39,Male,Coimbra
7965,C007966,33,Other,Faro
7966,C007967,27,Other,Coimbra
7967,C007968,51,Female,Coimbra
7968,C007969,25,Male,Lisbon
7969,C007970,34,Female,Porto
7970,C007971,25,Other,Lisbon
7971,C007972,16,Female,Coimbra
7972,C007973,35,Male,Porto
7973,C007974,24,Male,Lisbon
7974,C007975,59,Male,Braga
7975,C007976,42,Other,Braga
7976,C007977,37,Male,Porto
7977,C007978,57,Other,Coimbra
7978,C007979,19,Male,Porto
7979,C007980,27,Other,Porto
7980,C007981,60,Male,Faro
7981,C007982,66,Other,Faro
7982,C007983,69,Female,Braga
7983,C007984,46,Other,Coimbra
7984,C007985,27,Female,Coimbra
7985,C007986,56,Other,Braga
7986,C007987,43,Male,Coimbra
7987,C007988,28,Male,Porto
7988,C007989,16,Male,Faro
7989,C007990,58,Other,Lisbon
7990,C007991,39,Male,Faro
7991,C007992,31,Male,Porto
7992,C007993,52,Male,Faro
7993,C007994,59,Other,Braga
7994,C007995,40,Female,Coimbra
7995,C007996,47,Other,Coimbra
7996,C007997,69,Male,Faro
7997,C007998,29,Male,Coimbra
7998,C007999,21,Female,Braga
7999,C008000,69,Male,Coimbra
8000,C008001,31,Male,Lisbon
8001,C008002,68,Male,Coimbra
8002,C008003,57,Male,Lisbon
8003,C008004,20,Other,Coimbra
8004,C008005,30,Other,Porto
8005,C008006,51,Male,Porto
8006,C008007,54,Male,Porto
8007,C008008,32,Female,Lisbon
8008,C008009,67,Other,Faro
8009,C008010,64,Other,Coimbra
8010,C008011,34,Male,Faro
8011,C008012,54,Other,Coimbra
8012,C008013,61,Other,Porto
8013,C008014,62,Female,Porto
8014,C008015,36,Other,Faro
8015,C008016,25,Other,Lisbon
8016,C008017,46,Other,Faro
8017,C008018,63,Female,Lisbon
8018,C008019,30,Other,Braga
8019,C008020,64,Other,Lisbon
8020,C008021,41,Male,Faro
8021,C008022,49,Other,Faro
8022,C008023,60,Other,Porto
8023,C008024,64,Other,Coimbra
8024,C008025,20,Other,Porto
8025,C008026,53,Female,Lisbon
8026,C008027,67,Female,Porto
8027,C008028,57,Male,Porto
8028,C008029,58,Female,Porto
8029,C008030,18,Male,Coimbra
8030,C008031,54,Other,Porto
8031,C008032,62,Other,Lisbon
8032,C008033,46,Male,Braga
8033,C008034,51,Male,Porto
8034,C008035,53,Female,Faro
8035,C008036,29,Male,Lisbon
8036,C008037,64,Female,Braga
8037,C008038,39,Other,Braga
8038,C008039,53,Male,Braga
8039,C008040,30,Other,Faro
8040,C008041,28,Female,Coimbra
8041,C008042,17,Other,Porto
8042,C008043,58,Female,Lisbon
8043,C008044,51,Other,Lisbon
8044,C008045,23,Male,Lisbon
8045,C008046,24,Male,Lisbon
8046,C008047,46,Unknown,Lisbon
8047,C008048,18,Other,Coimbra
8048,C008049,63,Male,Lisbon
8049,C008050,56,Female,Faro
8050,C008051,17,Female,Braga
8051,C008052,67,Male,Porto
8052,C008053,34,Male,Coimbra
8053,C008054,38,Other,Braga
8054,C008055,30,Male,Coimbra
8055,C008056,41,Male,Lisbon
8056,C008057,57,Male,Coimbra
8057,C008058,52,Male,Faro
8058,C008059,54,Male,Lisbon
8059,C008060,34,Other,Coimbra
8060,C008061,58,Female,Faro
8061,C008062,33,Female,Faro
8062,C008063,20,Male,Braga
8063,C008064,30,Other,Coimbra
8064,C008065,36,Female,Lisbon
8065,C008066,19,Other,Coimbra
8066,C008067,17,Other,Porto
8067,C008068,69,Other,Coimbra
8068,C008069,39,Other,Braga
8069,C008070,18,Other,Braga
8070,C008071,35,Male,Porto
8071,C008072,63,Male,Lisbon
8072,C008073,38,Other,Coimbra
8073,C008074,17,Female,Lisbon
8074,C008075,16,Other,Porto
8075,C008076,59,Male,Lisbon
8076,C008077,27,Other,Lisbon
8077,C008078,20,Other,Coimbra
8078,C008079,51,Other,Braga
8079,C008080,69,Female,Braga
8080,C008081,18,Other,Faro
8081,C008082,29,Female,Faro
8082,C008083,31,Other,Coimbra
8083,C008084,49,Female,Lisbon
8084,C008085,60,Other,Lisbon
8085,C008086,40,Male,Porto
8086,C008087,40,Other,Porto
8087,C008088,49,Female,Lisbon
8088,C008089,66,Male,Coimbra
8089,C008090,42,Male,Braga
8090,C008091,58,Male,Coimbra
8091,C008092,58,Other,Coimbra
8092,C008093,69,Female,Porto
8093,C008094,46,Female,Coimbra
8094,C008095,26,Female,Braga
8095,C008096,46,Female,Lisbon
8096,C008097,59,Male,Braga
8097,C008098,51,Male,Porto
8098,C008099,18,Other,Lisbon
8099,C008100,51,Male,Coimbra
8100,C008101,17,Other,Braga
8101,C008102,48,Male,Porto
8102,C008103,45,Female,Porto
8103,C008104,69,Other,Braga
8104,C008105,43,Female,Faro
8105,C008106,65,Other,Braga
8106,C008107,55,Other,Braga
8107,C008108,33,Male,Porto
8108,C008109,45,Male,Braga
8109,C008110,42,Male,Coimbra
8110,C008111,35,Other,Braga
8111,C008112,53,Female,Coimbra
8112,C008113,57,Female,Lisbon
8113,C008114,63,Other,Braga
8114,C008115,38,Female,Lisbon
8115,C008116,60,Other,Lisbon
8116,C008117,34,Other,Lisbon
8117,C008118,33,Female,Coimbra
8118,C008119,25,Male,Lisbon
8119,C008120,27,Male,Lisbon
8120,C008121,52,Other,Lisbon
8121,C008122,22,Female,Lisbon
8122,C008123,33,Other,Lisbon
8123,C008124,16,Female,Porto
8124,C008125,65,Other,Coimbra
8125,C008126,40,Female,Coimbra
8126,C008127,45,Female,Faro
8127,C008128,65,Female,Lisbon
8128,C008129,68,Female,Faro
8129,C008130,48,Other,Porto
8130,C008131,50,Other,Porto
8131,C008132,68,Other,Porto
8132,C008133,48,Male,Faro
8133,C008134,38,Female,Faro
8134,C008135,56,Other,Braga
8135,C008136,44,Unknown,Porto
8136,C008137,46,Male,Lisbon
8137,C008138,18,Male,Faro
8138,C008139,41,Other,Coimbra
8139,C008140,50,Other,Braga
8140,C008141,58,Female,Coimbra
8141,C008142,58,Female,Lisbon
8142,C008143,16,Female,Faro
8143,C008144,68,Female,Lisbon
8144,C008145,40,Other,Faro
8145,C008146,49,Other,Porto
8146,C008147,21,Female,Porto
8147,C008148,23,Female,Braga
8148,C008149,30,Other,Coimbra
8149,C008150,18,Other,Faro
8150,C008151,47,Male,Porto
8151,C008152,39,Male,Braga
8152,C008153,37,Other,Coimbra
8153,C008154,58,Other,Braga
8154,C008155,56,Female,Lisbon
8155,C008156,69,Female,Faro
8156,C008157,23,Female,Porto
8157,C008158,54,Male,Porto
8158,C008159,64,Other,Porto
8159,C008160,49,Male,Braga
8160,C008161,46,Other,Porto
8161,C008162,45,Female,Faro
8162,C008163,36,Other,Lisbon
8163,C008164,20,Female,Braga
8164,C008165,28,Female,Faro
8165,C008166,64,Female,Faro
8166,C008167,18,Female,Lisbon
8167,C008168,65,Female,Faro
8168,C008169,59,Female,Coimbra
8169,C008170,28,Male,Faro
8170,C008171,59,Female,Coimbra
8171,C008172,34,Male,Coimbra
8172,C008173,28,Other,Porto
8173,C008174,61,Male,Lisbon
8174,C008175,68,Male,Braga
8175,C008176,57,Female,Porto
8176,C008177,63,Female,Porto
8177,C008178,69,Female,Porto
8178,C008179,67,Other,Braga
8179,C008180,48,Female,Faro
8180,C008181,18,Male,Faro
8181,C008182,55,Female,Braga
8182,C008183,22,Other,Coimbra
8183,C008184,28,Other,Coimbra
8184,C008185,21,Other,Coimbra
8185,C008186,47,Male,Faro
8186,C008187,16,Female,Coimbra
8187,C008188,53,Male,Lisbon
8188,C008189,22,Other,Braga
8189,C008190,18,Other,Braga
8190,C008191,32,Female,Lisbon
8191,C008192,56,Male,Braga
8192,C008193,58,Male,Porto
8193,C008194,69,Male,Lisbon
8194,C008195,39,Other,Faro
8195,C008196,45,Male,Porto
8196,C008197,54,Female,Lisbon
8197,C008198,16,Male,Braga
8198,C008199,54,Other,Lisbon
8199,C008200,60,Male,Faro
8200,C008201,17,Other,Faro
8201,C008202,57,Female,Braga
8202,C008203,27,Female,Lisbon
8203,C008204,62,Female,Faro
8204,C008205,63,Other,Lisbon
8205,C008206,63,Other,Braga
8206,C008207,26,Male,Braga
8207,C008208,64,Male,Lisbon
8208,C008209,32,Other,Faro
8209,C008210,63,Other,Braga
8210,C008211,24,Female,Faro
8211,C008212,29,Other,Porto
8212,C008213,43,Other,Coimbra
8213,C008214,20,Other,Lisbon
8214,C008215,45,Female,Faro
8215,C008216,31,Male,Faro
8216,C008217,65,Female,Lisbon
8217,C008218,62,Other,Coimbra
8218,C008219,29,Male,Lisbon
8219,C008220,40,Other,Coimbra
8220,C008221,50,Female,Braga
8221,C008222,20,Female,Porto
8222,C008223,57,Male,Lisbon
8223,C008224,50,Female,Lisbon
8224,C008225,36,Other,Coimbra
8225,C008226,42,Other,Lisbon
8226,C008227,41,Other,Coimbra
8227,C008228,55,Other,Porto
8228,C008229,34,Female,Faro
8229,C008230,38,Female,Lisbon
8230,C008231,51,Other,Lisbon
8231,C008232,30,Female,Braga
8232,C008233,55,Other,Lisbon
8233,C008234,20,Male,Braga
8234,C008235,52,Male,Faro
8235,C008236,36,Other,Porto
8236,C008237,52,Female,Porto
8237,C008238,63,Female,Coimbra
8238,C008239,25,Other,Braga
8239,C008240,37,Male,Porto
8240,C008241,68,Other,Lisbon
8241,C008242,65,Other,Coimbra
8242,C008243,67,Male,Coimbra
8243,C008244,38,Other,Braga
8244,C008245,33,Other,Lisbon
8245,C008246,57,Female,Faro
8246,C008247,24,Female,Coimbra
8247,C008248,52,Female,Lisbon
8248,C008249,44,Female,Braga
8249,C008250,41,Other,Faro
8250,C008251,65,Other,Braga
8251,C008252,35,Female,Faro
8252,C008253,68,Other,Coimbra
8253,C008254,69,Other,Braga
8254,C008255,40,Female,Lisbon
8255,C008256,18,Female,Lisbon
8256,C008257,45,Male,Lisbon
8257,C008258,26,Other,Lisbon
8258,C008259,17,Female,Porto
8259,C008260,37,Male,Porto
8260,C008261,29,Female,Braga
8261,C008262,17,Female,Porto
8262,C008263,65,Female,Faro
8263,C008264,40,Other,Faro
8264,C008265,63,Male,Porto
8265,C008266,56,Other,Porto
8266,C008267,53,Other,Lisbon
8267,C008268,50,Other,Coimbra
8268,C008269,40,Other,Lisbon
8269,C008270,59,Other,Braga
8270,C008271,52,Male,Lisbon
8271,C008272,37,Female,Coimbra
8272,C008273,61,Female,Braga
8273,C008274,55,Female,Faro
8274,C008275,43,Other,Braga
8275,C008276,27,Other,Lisbon
8276,C008277,38,Female,Faro
8277,C008278,30,Female,Porto
8278,C008279,50,Other,Braga
8279,C008280,65,Male,Faro
8280,C008281,62,Male,Lisbon
8281,C008282,55,Other,Faro
8282,C008283,24,Other,Coimbra
8283,C008284,20,Other,Coimbra
8284,C008285,64,Other,Braga
8285,C008286,54,Other,Lisbon
8286,C008287,59,Other,Lisbon
8287,C008288,22,Other,Coimbra
8288,C008289,60,Female,Braga
8289,C008290,41,Male,Coimbra
8290,C008291,28,Female,Faro
8291,C008292,25,Female,Faro
8292,C008293,53,Female,Braga
8293,C008294,50,Male,Braga
8294,C008295,49,Female,Faro
8295,C008296,31,Other,Lisbon
8296,C008297,34,Male,Porto
8297,C008298,44,Other,Lisbon
8298,C008299,32,Female,Coimbra
8299,C008300,45,Male,Faro
8300,C008301,26,Female,Faro
8301,C008302,50,Other,Braga
8302,C008303,35,Female,Lisbon
8303,C008304,50,Other,Faro
8304,C008305,29,Other,Lisbon
8305,C008306,17,Female,Coimbra
8306,C008307,51,Other,Coimbra
8307,C008308,57,Female,Braga
8308,C008309,62,Male,Braga
8309,C008310,61,Female,Faro
8310,C008311,60,Male,Faro
8311,C008312,62,Other,Porto
8312,C008313,66,Other,Faro
8313,C008314,67,Female,Coimbra
8314,C008315,17,Other,Porto
8315,C008316,34,Female,Faro
8316,C008317,63,Other,Coimbra
8317,C008318,22,Female,Faro
8318,C008319,30,Other,Lisbon
8319,C008320,44,Other,Porto
8320,C008321,36,Male,Braga
8321,C008322,56,Male,Coimbra
8322,C008323,27,Male,Coimbra
8323,C008324,18,Other,Porto
8324,C008325,62,Other,Coimbra
8325,C008326,65,Other,Braga
8326,C008327,47,Female,Porto
8327,C008328,66,Male,Faro
8328,C008329,45,Other,Braga
8329,C008330,52,Male,Faro
8330,C008331,50,Female,Lisbon
8331,C008332,20,Female,Lisbon
8332,C008333,62,Female,Braga
8333,C008334,57,Other,Porto
8334,C008335,66,Female,Braga
8335,C008336,47,Male,Faro
8336,C008337,47,Male,Porto
8337,C008338,61,Other,Braga
8338,C008339,53,Other,Porto
8339,C008340,16,Female,Porto
8340,C008341,56,Male,Faro
8341,C008342,46,Male,Porto
8342,C008343,28,Female,Coimbra
8343,C008344,22,Male,Faro
8344,C008345,60,Female,Braga
8345,C008346,20,Other,Coimbra
8346,C008347,29,Male,Coimbra
8347,C008348,37,Female,Coimbra
8348,C008349,48,Male,Porto
8349,C008350,69,Female,Braga
8350,C008351,36,Female,Braga
8351,C008352,41,Other,Lisbon
8352,C008353,29,Male,Braga
8353,C008354,64,Male,Porto
8354,C008355,42,Other,Lisbon
8355,C008356,69,Female,Faro
8356,C008357,20,Male,Faro
8357,C008358,35,Male,Porto
8358,C008359,20,Other,Faro
8359,C008360,61,Female,Faro
8360,C008361,59,Other,Lisbon
8361,C008362,41,Other,Lisbon
8362,C008363,47,Other,Coimbra
8363,C008364,47,Female,Coimbra
8364,C008365,58,Male,Faro
8365,C008366,16,Male,Porto
8366,C008367,43,Other,Coimbra
8367,C008368,63,Other,Coimbra
8368,C008369,39,Other,Lisbon
8369,C008370,62,Other,Braga
8370,C008371,61,Other,Porto
8371,C008372,53,Female,Porto
8372,C008373,41,Male,Lisbon
8373,C008374,20,Other,Porto
8374,C008375,57,Other,Braga
8375,C008376,37,Other,Lisbon
8376,C008377,28,Female,Braga
8377,C008378,29,Other,Lisbon
8378,C008379,58,Other,Lisbon
8379,C008380,30,Male,Porto
8380,C008381,59,Male,Faro
8381,C008382,65,Male,Coimbra
8382,C008383,19,Female,Porto
8383,C008384,65,Male,Coimbra
8384,C008385,28,Male,Porto
8385,C008386,21,Female,Lisbon
8386,C008387,27,Male,Coimbra
8387,C008388,25,Female,Porto
8388,C008389,53,Female,Faro
8389,C008390,65,Male,Faro
8390,C008391,18,Female,Coimbra
8391,C008392,26,Male,Coimbra
8392,C008393,56,Female,Braga
8393,C008394,64,Male,Lisbon
8394,C008395,54,Female,Lisbon
8395,C008396,39,Male,Braga
8396,C008397,32,Male,Faro
8397,C008398,44,Female,Lisbon
8398,C008399,38,Female,Coimbra
8399,C008400,52,Other,Lisbon
8400,C008401,60,Other,Faro
8401,C008402,60,Male,Faro
8402,C008403,59,Male,Lisbon
8403,C008404,48,Male,Braga
8404,C008405,31,Male,Lisbon
8405,C008406,28,Male,Porto
8406,C008407,33,Male,Lisbon
8407,C008408,52,Male,Faro
8408,C008409,40,Male,Porto
8409,C008410,49,Other,Lisbon
8410,C008411,40,Other,Faro
8411,C008412,38,Unknown,Porto
8412,C008413,37,Female,Lisbon
8413,C008414,67,Male,Coimbra
8414,C008415,55,Other,Braga
8415,C008416,40,Male,Faro
8416,C008417,21,Male,Faro
8417,C008418,52,Other,Coimbra
8418,C008419,17,Male,Lisbon
8419,C008420,28,Other,Porto
8420,C008421,47,Female,Lisbon
8421,C008422,45,Female,Lisbon
8422,C008423,21,Female,Lisbon
8423,C008424,65,Female,Coimbra
8424,C008425,16,Female,Braga
8425,C008426,24,Female,Faro
8426,C008427,59,Other,Coimbra
8427,C008428,31,Male,Coimbra
8428,C008429,25,Male,Lisbon
8429,C008430,55,Female,Braga
8430,C008431,20,Other,Coimbra
8431,C008432,51,Female,Faro
8432,C008433,69,Male,Lisbon
8433,C008434,51,Female,Faro
8434,C008435,43,Other,Coimbra
8435,C008436,38,Other,Faro
8436,C008437,27,Male,Porto
8437,C008438,39,Male,Coimbra
8438,C008439,38,Male,Braga
8439,C008440,41,Female,Lisbon
8440,C008441,55,Male,Faro
8441,C008442,63,Male,Coimbra
8442,C008443,63,Other,Lisbon
8443,C008444,30,Other,Lisbon
8444,C008445,60,Female,Faro
8445,C008446,43,Male,Braga
8446,C008447,66,Male,Coimbra
8447,C008448,36,Female,Faro
8448,C008449,58,Female,Lisbon
8449,C008450,67,Male,Faro
8450,C008451,20,Other,Lisbon
8451,C008452,53,Male,Coimbra
8452,C008453,29,Other,Faro
8453,C008454,66,Male,Coimbra
8454,C008455,52,Other,Braga
8455,C008456,23,Other,Faro
8456,C008457,26,Male,Coimbra
8457,C008458,31,Other,Faro
8458,C008459,23,Male,Faro
8459,C008460,46,Other,Porto
8460,C008461,31,Female,Faro
8461,C008462,29,Female,Porto
8462,C008463,16,Unknown,Lisbon
8463,C008464,25,Female,Braga
8464,C008465,17,Female,Lisbon
8465,C008466,25,Other,Lisbon
8466,C008467,29,Other,Porto
8467,C008468,43,Other,Faro
8468,C008469,46,Male,Coimbra
8469,C008470,37,Male,Coimbra
8470,C008471,63,Male,Faro
8471,C008472,37,Female,Faro
8472,C008473,20,Male,Porto
8473,C008474,41,Male,Faro
8474,C008475,27,Female,Braga
8475,C008476,35,Female,Faro
8476,C008477,45,Male,Faro
8477,C008478,45,Male,Porto
8478,C008479,41,Other,Lisbon
8479,C008480,32,Other,Coimbra
8480,C008481,57,Other,Faro
8481,C008482,36,Female,Faro
8482,C008483,22,Female,Braga
8483,C008484,37,Male,Porto
8484,C008485,59,Other,Porto
8485,C008486,39,Female,Porto
8486,C008487,50,Other,Coimbra
8487,C008488,38,Male,Braga
8488,C008489,16,Female,Lisbon
8489,C008490,50,Other,Lisbon
8490,C008491,64,Female,Porto
8491,C008492,56,Female,Porto
8492,C008493,48,Male,Porto
8493,C008494,34,Other,Braga
8494,C008495,30,Male,Braga
8495,C008496,65,Male,Braga
8496,C008497,66,Other,Coimbra
8497,C008498,46,Female,Lisbon
8498,C008499,45,Other,Faro
8499,C008500,44,Other,Braga
8500,C008501,26,Female,Faro
8501,C008502,55,Female,Porto
8502,C008503,64,Other,Braga
8503,C008504,35,Female,Coimbra
8504,C008505,26,Male,Braga
8505,C008506,65,Other,Braga
8506,C008507,62,Female,Porto
8507,C008508,57,Female,Porto
8508,C008509,19,Female,Coimbra
8509,C008510,27,Other,Coimbra
8510,C008511,33,Female,Lisbon
8511,C008512,35,Female,Coimbra
8512,C008513,28,Other,Coimbra
8513,C008514,33,Female,Porto
8514,C008515,65,Other,Faro
8515,C008516,41,Other,Faro
8516,C008517,33,Female,Coimbra
8517,C008518,42,Other,Faro
8518,C008519,44,Other,Coimbra
8519,C008520,69,Female,Braga
8520,C008521,23,Male,Faro
8521,C008522,17,Male,Braga
8522,C008523,58,Other,Faro
8523,C008524,17,Other,Faro
8524,C008525,55,Other,Porto
8525,C008526,28,Female,Coimbra
8526,C008527,63,Female,Braga
8527,C008528,23,Other,Faro
8528,C008529,39,Other,Lisbon
8529,C008530,49,Female,Porto
8530,C008531,35,Other,Lisbon
8531,C008532,38,Male,Coimbra
8532,C008533,53,Other,Braga
8533,C008534,60,Other,Coimbra
8534,C008535,69,Male,Porto
8535,C008536,45,Female,Coimbra
8536,C008537,19,Female,Coimbra
8537,C008538,60,Other,Lisbon
8538,C008539,51,Female,Faro
8539,C008540,41,Female,Lisbon
8540,C008541,60,Other,Lisbon
8541,C008542,32,Male,Porto
8542,C008543,36,Male,Braga
8543,C008544,55,Female,Faro
8544,C008545,41,Other,Braga
8545,C008546,52,Male,Porto
8546,C008547,43,Female,Faro
8547,C008548,54,Female,Coimbra
8548,C008549,49,Other,Faro
8549,C008550,51,Male,Porto
8550,C008551,50,Other,Lisbon
8551,C008552,37,Other,Faro
8552,C008553,39,Male,Coimbra
8553,C008554,55,Female,Coimbra
8554,C008555,44,Other,Braga
8555,C008556,20,Male,Lisbon
8556,C008557,48,Other,Coimbra
8557,C008558,66,Other,Porto
8558,C008559,31,Male,Coimbra
8559,C008560,64,Male,Faro
8560,C008561,24,Other,Lisbon
8561,C008562,58,Female,Lisbon
8562,C008563,21,Female,Lisbon
8563,C008564,20,Female,Lisbon
8564,C008565,30,Female,Faro
8565,C008566,43,Female,Faro
8566,C008567,22,Male,Lisbon
8567,C008568,36,Male,Braga
8568,C008569,60,Other,Coimbra
8569,C008570,58,Other,Porto
8570,C008571,43,Male,Braga
8571,C008572,54,Male,Faro
8572,C008573,58,Male,Porto
8573,C008574,36,Other,Coimbra
8574,C008575,33,Male,Lisbon
8575,C008576,25,Female,Porto
8576,C008577,64,Other,Lisbon
8577,C008578,32,Female,Lisbon
8578,C008579,42,Male,Porto
8579,C008580,28,Male,Braga
8580,C008581,59,Other,Coimbra
8581,C008582,39,Male,Lisbon
8582,C008583,44,Male,Porto
8583,C008584,64,Male,Lisbon
8584,C008585,58,Male,Porto
8585,C008586,22,Female,Coimbra
8586,C008587,56,Female,Lisbon
8587,C008588,20,Male,Braga
8588,C008589,22,Male,Lisbon
8589,C008590,16,Other,Braga
8590,C008591,54,Male,Coimbra
8591,C008592,49,Male,Porto
8592,C008593,53,Female,Faro
8593,C008594,33,Male,Braga
8594,C008595,24,Unknown,Porto
8595,C008596,68,Female,Coimbra
8596,C008597,36,Other,Braga
8597,C008598,42,Other,Coimbra
8598,C008599,65,Other,Coimbra
8599,C008600,24,Male,Faro
8600,C008601,53,Male,Lisbon
8601,C008602,69,Male,Faro
8602,C008603,67,Other,Porto
8603,C008604,69,Male,Coimbra
8604,C008605,57,Male,Faro
8605,C008606,47,Male,Braga
8606,C008607,22,Male,Faro
8607,C008608,63,Female,Coimbra
8608,C008609,42,Male,Faro
8609,C008610,16,Male,Lisbon
8610,C008611,63,Male,Porto
8611,C008612,38,Female,Porto
8612,C008613,51,Other,Faro
8613,C008614,68,Other,Faro
8614,C008615,35,Other,Faro
8615,C008616,35,Other,Lisbon
8616,C008617,26,Male,Porto
8617,C008618,29,Male,Lisbon
8618,C008619,33,Male,Porto
8619,C008620,53,Female,Faro
8620,C008621,23,Male,Coimbra
8621,C008622,65,Other,Braga
8622,C008623,21,Female,Porto
8623,C008624,44,Other,Braga
8624,C008625,25,Other,Coimbra
8625,C008626,64,Male,Braga
8626,C008627,16,Male,Faro
8627,C008628,26,Male,Lisbon
8628,C008629,33,Female,Faro
8629,C008630,42,Other,Lisbon
8630,C008631,64,Male,Porto
8631,C008632,53,Male,Coimbra
8632,C008633,24,Male,Coimbra
8633,C008634,31,Male,Braga
8634,C008635,26,Other,Coimbra
8635,C008636,40,Female,Braga
8636,C008637,48,Female,Faro
8637,C008638,16,Male,Faro
8638,C008639,16,Other,Faro
8639,C008640,37,Other,Faro
8640,C008641,36,Female,Braga
8641,C008642,32,Female,Faro
8642,C008643,19,Male,Braga
8643,C008644,41,Other,Faro
8644,C008645,39,Female,Porto
8645,C008646,26,Male,Lisbon
8646,C008647,34,Other,Braga
8647,C008648,22,Female,Coimbra
8648,C008649,24,Female,Braga
8649,C008650,22,Other,Coimbra
8650,C008651,50,Male,Faro
8651,C008652,63,Male,Porto
8652,C008653,37,Female,Braga
8653,C008654,69,Other,Coimbra
8654,C008655,59,Other,Faro
8655,C008656,18,Female,Braga
8656,C008657,63,Other,Coimbra
8657,C008658,33,Other,Braga
8658,C008659,20,Other,Faro
8659,C008660,31,Male,Lisbon
8660,C008661,31,Male,Coimbra
8661,C008662,44,Other,Porto
8662,C008663,31,Other,Coimbra
8663,C008664,58,Female,Lisbon
8664,C008665,68,Female,Lisbon
8665,C008666,34,Other,Braga
8666,C008667,41,Unknown,Faro
8667,C008668,35,Male,Faro
8668,C008669,29,Other,Braga
8669,C008670,37,Other,Braga
8670,C008671,35,Female,Porto
8671,C008672,50,Female,Porto
8672,C008673,65,Male,Coimbra
8673,C008674,64,Female,Braga
8674,C008675,69,Female,Coimbra
8675,C008676,66,Male,Faro
8676,C008677,63,Other,Porto
8677,C008678,32,Female,Faro
8678,C008679,51,Male,Braga
8679,C008680,52,Male,Coimbra
8680,C008681,69,Female,Braga
8681,C008682,26,Other,Braga
8682,C008683,60,Other,Porto
8683,C008684,43,Female,Lisbon
8684,C008685,27,Other,Porto
8685,C008686,18,Other,Lisbon
8686,C008687,65,Female,Porto
8687,C008688,27,Female,Lisbon
8688,C008689,25,Male,Lisbon
8689,C008690,16,Other,Porto
8690,C008691,34,Female,Lisbon
8691,C008692,24,Other,Braga
8692,C008693,17,Male,Coimbra
8693,C008694,61,Other,Coimbra
8694,C008695,23,Male,Faro
8695,C008696,57,Male,Porto
8696,C008697,66,Male,Lisbon
8697,C008698,69,Other,Coimbra
8698,C008699,66,Other,Porto
8699,C008700,25,Other,Porto
8700,C008701,38,Female,Lisbon
8701,C008702,55,Other,Braga
8702,C008703,16,Female,Braga
8703,C008704,23,Female,Coimbra
8704,C008705,56,Male,Coimbra
8705,C008706,41,Other,Porto
8706,C008707,49,Other,Coimbra
8707,C008708,49,Other,Braga
8708,C008709,30,Female,Faro
8709,C008710,40,Male,Porto
8710,C008711,26,Female,Braga
8711,C008712,25,Other,Braga
8712,C008713,64,Female,Faro
8713,C008714,21,Male,Porto
8714,C008715,52,Male,Coimbra
8715,C008716,24,Female,Porto
8716,C008717,28,Female,Porto
8717,C008718,50,Other,Porto
8718,C008719,62,Male,Porto
8719,C008720,19,Male,Coimbra
8720,C008721,27,Other,Braga
8721,C008722,53,Male,Coimbra
8722,C008723,51,Other,Lisbon
8723,C008724,62,Female,Faro
8724,C008725,32,Male,Lisbon
8725,C008726,39,Male,Coimbra
8726,C008727,45,Female,Faro
8727,C008728,27,Other,Coimbra
8728,C008729,57,Female,Coimbra
8729,C008730,25,Other,Braga
8730,C008731,64,Male,Coimbra
8731,C008732,64,Male,Braga
8732,C008733,48,Male,Coimbra
8733,C008734,47,Male,Braga
8734,C008735,50,Male,Braga
8735,C008736,64,Female,Faro
8736,C008737,52,Female,Coimbra
8737,C008738,44,Male,Coimbra
8738,C008739,35,Female,Faro
8739,C008740,16,Other,Lisbon
8740,C008741,48,Female,Braga
8741,C008742,17,Male,Faro
8742,C008743,56,Other,Coimbra
8743,C008744,60,Other,Porto
8744,C008745,23,Other,Lisbon
8745,C008746,34,Female,Faro
8746,C008747,69,Other,Coimbra
8747,C008748,39,Female,Lisbon
8748,C008749,52,Male,Coimbra
8749,C008750,53,Other,Coimbra
8750,C008751,45,Female,Porto
8751,C008752,49,Male,Faro
8752,C008753,55,Female,Coimbra
8753,C008754,51,Male,Coimbra
8754,C008755,48,Other,Porto
8755,C008756,64,Female,Coimbra
8756,C008757,24,Female,Faro
8757,C008758,24,Other,Lisbon
8758,C008759,69,Female,Lisbon
8759,C008760,60,Male,Faro
8760,C008761,56,Other,Faro
8761,C008762,41,Other,Coimbra
8762,C008763,46,Male,Coimbra
8763,C008764,49,Female,Coimbra
8764,C008765,59,Female,Faro
8765,C008766,47,Male,Porto
8766,C008767,54,Male,Porto
8767,C008768,65,Male,Faro
8768,C008769,58,Female,Porto
8769,C008770,48,Female,Braga
8770,C008771,69,Other,Lisbon
8771,C008772,17,Female,Porto
8772,C008773,46,Male,Faro
8773,C008774,58,Male,Coimbra
8774,C008775,55,Other,Coimbra
8775,C008776,19,Male,Faro
8776,C008777,23,Other,Porto
8777,C008778,29,Female,Lisbon
8778,C008779,51,Female,Porto
8779,C008780,61,Male,Faro
8780,C008781,54,Other,Porto
8781,C008782,43,Male,Coimbra
8782,C008783,65,Male,Faro
8783,C008784,16,Other,Faro
8784,C008785,39,Other,Coimbra
8785,C008786,34,Female,Coimbra
8786,C008787,26,Female,Lisbon
8787,C008788,19,Male,Braga
8788,C008789,67,Female,Lisbon
8789,C008790,38,Other,Faro
8790,C008791,45,Other,Coimbra
8791,C008792,67,Other,Lisbon
8792,C008793,41,Female,Lisbon
8793,C008794,29,Other,Faro
8794,C008795,31,Female,Lisbon
8795,C008796,60,Other,Lisbon
8796,C008797,18,Male,Faro
8797,C008798,63,Female,Coimbra
8798,C008799,46,Male,Faro
8799,C008800,24,Other,Porto
8800,C008801,26,Male,Porto
8801,C008802,32,Male,Lisbon
8802,C008803,21,Female,Lisbon
8803,C008804,52,Female,Porto
8804,C008805,51,Female,Lisbon
8805,C008806,62,Female,Porto
8806,C008807,40,Male,Braga
8807,C008808,30,Female,Faro
8808,C008809,69,Female,Lisbon
8809,C008810,66,Male,Lisbon
8810,C008811,69,Other,Porto
8811,C008812,31,Male,Coimbra
8812,C008813,36,Other,Coimbra
8813,C008814,55,Female,Braga
8814,C008815,51,Male,Coimbra
8815,C008816,54,Female,Porto
8816,C008817,16,Female,Braga
8817,C008818,35,Other,Coimbra
8818,C008819,62,Female,Coimbra
8819,C008820,46,Other,Lisbon
8820,C008821,68,Unknown,Coimbra
8821,C008822,26,Female,Coimbra
8822,C008823,59,Female,Lisbon
8823,C008824,46,Male,Porto
8824,C008825,59,Female,Braga
8825,C008826,21,Male,Faro
8826,C008827,38,Male,Porto
8827,C008828,21,Other,Lisbon
8828,C008829,68,Unknown,Braga
8829,C008830,62,Male,Braga
8830,C008831,33,Other,Lisbon
8831,C008832,63,Unknown,Lisbon
8832,C008833,21,Female,Porto
8833,C008834,61,Female,Faro
8834,C008835,30,Male,Lisbon
8835,C008836,60,Male,Faro
8836,C008837,32,Female,Porto
8837,C008838,65,Male,Braga
8838,C008839,35,Female,Lisbon
8839,C008840,43,Other,Coimbra
8840,C008841,36,Female,Porto
8841,C008842,23,Other,Faro
8842,C008843,23,Male,Coimbra
8843,C008844,51,Other,Braga
8844,C008845,31,Female,Porto
8845,C008846,42,Other,Lisbon
8846,C008847,24,Other,Braga
8847,C008848,19,Female,Faro
8848,C008849,33,Female,Lisbon
8849,C008850,30,Female,Faro
8850,C008851,19,Male,Coimbra
8851,C008852,17,Male,Lisbon
8852,C008853,38,Female,Porto
8853,C008854,20,Male,Lisbon
8854,C008855,67,Male,Lisbon
8855,C008856,49,Female,Lisbon
8856,C008857,63,Other,Coimbra
8857,C008858,33,Female,Lisbon
8858,C008859,53,Male,Faro
8859,C008860,66,Male,Braga
8860,C008861,26,Female,Coimbra
8861,C008862,18,Male,Coimbra
8862,C008863,69,Other,Coimbra
8863,C008864,55,Other,Braga
8864,C008865,37,Male,Porto
8865,C008866,16,Male,Coimbra
8866,C008867,64,Male,Lisbon
8867,C008868,45,Male,Lisbon
8868,C008869,17,Other,Faro
8869,C008870,47,Other,Braga
8870,C008871,55,Female,Coimbra
8871,C008872,48,Other,Coimbra
8872,C008873,57,Male,Coimbra
8873,C008874,19,Unknown,Coimbra
8874,C008875,21,Male,Porto
8875,C008876,38,Female,Braga
8876,C008877,65,Other,Faro
8877,C008878,24,Female,Braga
8878,C008879,32,Other,Braga
8879,C008880,28,Other,Porto
8880,C008881,31,Other,Faro
8881,C008882,22,Male,Porto
8882,C008883,24,Male,Lisbon
8883,C008884,21,Male,Faro
8884,C008885,30,Female,Faro
8885,C008886,51,Unknown,Braga
8886,C008887,42,Other,Coimbra
8887,C008888,41,Other,Porto
8888,C008889,47,Other,Braga
8889,C008890,56,Male,Porto
8890,C008891,33,Male,Coimbra
8891,C008892,31,Other,Lisbon
8892,C008893,45,Male,Porto
8893,C008894,33,Male,Lisbon
8894,C008895,69,Male,Lisbon
8895,C008896,50,Other,Lisbon
8896,C008897,65,Other,Lisbon
8897,C008898,65,Other,Porto
8898,C008899,16,Male,Faro
8899,C008900,57,Female,Faro
8900,C008901,59,Male,Lisbon
8901,C008902,37,Male,Porto
8902,C008903,68,Other,Lisbon
8903,C008904,22,Female,Porto
8904,C008905,59,Other,Porto
8905,C008906,37,Other,Porto
8906,C008907,34,Male,Coimbra
8907,C008908,42,Other,Coimbra
8908,C008909,64,Female,Porto
8909,C008910,32,Other,Faro
8910,C008911,43,Other,Porto
8911,C008912,21,Male,Faro
8912,C008913,36,Female,Lisbon
8913,C008914,31,Other,Porto
8914,C008915,39,Other,Coimbra
8915,C008916,16,Other,Porto
8916,C008917,31,Female,Coimbra
8917,C008918,63,Female,Porto
8918,C008919,61,Male,Lisbon
8919,C008920,40,Other,Lisbon
8920,C008921,49,Other,Coimbra
8921,C008922,38,Male,Braga
8922,C008923,26,Other,Lisbon
8923,C008924,64,Male,Braga
8924,C008925,30,Other,Faro
8925,C008926,59,Female,Coimbra
8926,C008927,39,Other,Faro
8927,C008928,20,Female,Braga
8928,C008929,57,Male,Braga
8929,C008930,28,Male,Faro
8930,C008931,30,Female,Coimbra
8931,C008932,48,Female,Braga
8932,C008933,30,Other,Coimbra
8933,C008934,62,Other,Coimbra
8934,C008935,62,Male,Braga
8935,C008936,64,Male,Lisbon
8936,C008937,34,Female,Faro
8937,C008938,19,Female,Faro
8938,C008939,50,Other,Porto
8939,C008940,23,Male,Coimbra
8940,C008941,56,Male,Porto
8941,C008942,62,Female,Porto
8942,C008943,48,Male,Coimbra
8943,C008944,62,Female,Lisbon
8944,C008945,61,Female,Braga
8945,C008946,48,Female,Porto
8946,C008947,29,Male,Porto
8947,C008948,53,Male,Faro
8948,C008949,31,Other,Porto
8949,C008950,60,Male,Coimbra
8950,C008951,35,Female,Coimbra
8951,C008952,67,Other,Braga
8952,C008953,65,Other,Lisbon
8953,C008954,64,Other,Braga
8954,C008955,39,Male,Braga
8955,C008956,33,Male,Braga
8956,C008957,25,Other,Porto
8957,C008958,56,Female,Porto
8958,C008959,38,Other,Faro
8959,C008960,45,Male,Lisbon
8960,C008961,30,Female,Lisbon
8961,C008962,35,Male,Lisbon
8962,C008963,35,Female,Faro
8963,C008964,26,Other,Porto
8964,C008965,69,Male,Braga
8965,C008966,57,Male,Faro
8966,C008967,23,Other,Porto
8967,C008968,23,Male,Lisbon
8968,C008969,43,Female,Coimbra
8969,C008970,38,Male,Braga
8970,C008971,56,Other,Coimbra
8971,C008972,29,Other,Lisbon
8972,C008973,16,Male,Braga
8973,C008974,19,Other,Coimbra
8974,C008975,36,Other,Lisbon
8975,C008976,63,Male,Braga
8976,C008977,32,Female,Faro
8977,C008978,34,Female,Braga
8978,C008979,52,Other,Braga
8979,C008980,24,Female,Faro
8980,C008981,69,Male,Faro
8981,C008982,18,Female,Faro
8982,C008983,27,Other,Faro
8983,C008984,46,Male,Porto
8984,C008985,40,Other,Porto
8985,C008986,44,Female,Faro
8986,C008987,63,Other,Braga
8987,C008988,64,Other,Porto
8988,C008989,49,Other,Porto
8989,C008990,39,Male,Braga
8990,C008991,62,Female,Braga
8991,C008992,34,Other,Braga
8992,C008993,26,Female,Porto
8993,C008994,62,Female,Porto
8994,C008995,46,Female,Porto
8995,C008996,29,Other,Braga
8996,C008997,46,Other,Braga
8997,C008998,57,Female,Lisbon
8998,C008999,65,Female,Lisbon
8999,C009000,55,Male,Coimbra
9000,C009001,43,Other,Braga
9001,C009002,18,Male,Porto
9002,C009003,65,Other,Coimbra
9003,C009004,33,Male,Faro
9004,C009005,40,Male,Lisbon
9005,C009006,19,Male,Coimbra
9006,C009007,41,Female,Lisbon
9007,C009008,32,Male,Braga
9008,C009009,17,Other,Lisbon
9009,C009010,61,Female,Braga
9010,C009011,45,Female,Coimbra
9011,C009012,53,Female,Braga
9012,C009013,44,Other,Lisbon
9013,C009014,27,Female,Porto
9014,C009015,17,Other,Braga
9015,C009016,28,Male,Porto
9016,C009017,59,Male,Coimbra
9017,C009018,58,Other,Coimbra
9018,C009019,55,Unknown,Porto
9019,C009020,58,Male,Lisbon
9020,C009021,38,Male,Braga
9021,C009022,18,Other,Lisbon
9022,C009023,45,Female,Coimbra
9023,C009024,55,Female,Lisbon
9024,C009025,64,Male,Braga
9025,C009026,44,Male,Braga
9026,C009027,46,Male,Porto
9027,C009028,34,Other,Braga
9028,C009029,61,Other,Porto
9029,C009030,41,Male,Coimbra
9030,C009031,36,Male,Coimbra
9031,C009032,65,Female,Braga
9032,C009033,59,Other,Lisbon
9033,C009034,60,Female,Braga
9034,C009035,50,Other,Coimbra
9035,C009036,57,Male,Porto
9036,C009037,30,Male,Porto
9037,C009038,42,Male,Braga
9038,C009039,28,Male,Porto
9039,C009040,53,Male,Porto
9040,C009041,20,Male,Braga
9041,C009042,24,Female,Faro
9042,C009043,29,Other,Braga
9043,C009044,69,Female,Coimbra
9044,C009045,55,Other,Faro
9045,C009046,29,Other,Lisbon
9046,C009047,48,Male,Braga
9047,C009048,23,Other,Porto
9048,C009049,24,Male,Coimbra
9049,C009050,65,Other,Coimbra
9050,C009051,31,Other,Lisbon
9051,C009052,36,Male,Coimbra
9052,C009053,16,Male,Porto
9053,C009054,18,Female,Braga
9054,C009055,37,Female,Lisbon
9055,C009056,67,Male,Faro
9056,C009057,48,Other,Braga
9057,C009058,59,Male,Braga
9058,C009059,45,Male,Braga
9059,C009060,35,Male,Coimbra
9060,C009061,31,Male,Porto
9061,C009062,57,Other,Braga
9062,C009063,28,Male,Coimbra
9063,C009064,19,Other,Lisbon
9064,C009065,65,Other,Porto
9065,C009066,34,Female,Coimbra
9066,C009067,39,Female,Faro
9067,C009068,54,Male,Coimbra
9068,C009069,68,Male,Coimbra
9069,C009070,66,Other,Faro
9070,C009071,38,Male,Braga
9071,C009072,22,Male,Lisbon
9072,C009073,54,Other,Braga
9073,C009074,61,Other,Porto
9074,C009075,20,Female,Lisbon
9075,C009076,30,Other,Braga
9076,C009077,52,Other,Porto
9077,C009078,34,Male,Lisbon
9078,C009079,52,Other,Braga
9079,C009080,61,Male,Braga
9080,C009081,16,Male,Lisbon
9081,C009082,23,Male,Faro
9082,C009083,31,Other,Braga
9083,C009084,67,Other,Braga
9084,C009085,26,Female,Faro
9085,C009086,59,Other,Porto
9086,C009087,59,Female,Braga
9087,C009088,22,Other,Faro
9088,C009089,39,Male,Porto
9089,C009090,42,Male,Lisbon
9090,C009091,33,Male,Porto
9091,C009092,55,Female,Faro
9092,C009093,34,Female,Braga
9093,C009094,54,Male,Faro
9094,C009095,55,Male,Coimbra
9095,C009096,59,Female,Braga
9096,C009097,56,Male,Lisbon
9097,C009098,68,Male,Lisbon
9098,C009099,62,Female,Braga
9099,C009100,64,Other,Coimbra
9100,C009101,65,Other,Lisbon
9101,C009102,60,Female,Faro
9102,C009103,47,Female,Faro
9103,C009104,36,Male,Porto
9104,C009105,40,Male,Braga
9105,C009106,41,Male,Lisbon
9106,C009107,30,Female,Faro
9107,C009108,67,Male,Coimbra
9108,C009109,69,Female,Braga
9109,C009110,24,Male,Faro
9110,C009111,54,Female,Porto
9111,C009112,54,Male,Faro
9112,C009113,32,Female,Porto
9113,C009114,62,Male,Porto
9114,C009115,31,Male,Faro
9115,C009116,30,Male,Coimbra
9116,C009117,62,Female,Braga
9117,C009118,60,Male,Braga
9118,C009119,16,Other,Faro
9119,C009120,62,Female,Faro
9120,C009121,44,Other,Porto
9121,C009122,27,Female,Braga
9122,C009123,38,Other,Braga
9123,C009124,27,Male,Braga
9124,C009125,37,Other,Faro
9125,C009126,27,Other,Lisbon
9126,C009127,35,Male,Braga
9127,C009128,51,Female,Braga
9128,C009129,40,Unknown,Porto
9129,C009130,55,Female,Porto
9130,C009131,40,Male,Braga
9131,C009132,65,Other,Lisbon
9132,C009133,45,Male,Porto
9133,C009134,49,Female,Porto
9134,C009135,55,Male,Faro
9135,C009136,25,Male,Faro
9136,C009137,21,Male,Coimbra
9137,C009138,19,Male,Coimbra
9138,C009139,58,Male,Faro
9139,C009140,58,Other,Braga
9140,C009141,54,Other,Coimbra
9141,C009142,50,Other,Braga
9142,C009143,28,Male,Braga
9143,C009144,56,Female,Coimbra
9144,C009145,18,Other,Lisbon
9145,C009146,54,Female,Coimbra
9146,C009147,29,Female,Braga
9147,C009148,47,Female,Lisbon
9148,C009149,28,Unknown,Braga
9149,C009150,66,Female,Porto
9150,C009151,68,Other,Lisbon
9151,C009152,68,Other,Braga
9152,C009153,52,Female,Porto
9153,C009154,18,Other,Porto
9154,C009155,39,Other,Faro
9155,C009156,64,Female,Braga
9156,C009157,32,Male,Coimbra
9157,C009158,35,Other,Braga
9158,C009159,40,Other,Braga
9159,C009160,25,Other,Braga
9160,C009161,58,Female,Braga
9161,C009162,31,Male,Coimbra
9162,C009163,49,Male,Porto
9163,C009164,24,Female,Coimbra
9164,C009165,69,Male,Faro
9165,C009166,29,Female,Lisbon
9166,C009167,59,Other,Coimbra
9167,C009168,37,Male,Faro
9168,C009169,29,Other,Lisbon
9169,C009170,24,Other,Faro
9170,C009171,22,Female,Braga
9171,C009172,24,Male,Coimbra
9172,C009173,33,Male,Faro
9173,C009174,50,Male,Lisbon
9174,C009175,50,Female,Braga
9175,C009176,43,Female,Lisbon
9176,C009177,20,Other,Braga
9177,C009178,22,Other,Porto
9178,C009179,69,Other,Lisbon
9179,C009180,68,Male,Porto
9180,C009181,58,Other,Lisbon
9181,C009182,59,Male,Coimbra
9182,C009183,64,Other,Braga
9183,C009184,57,Female,Lisbon
9184,C009185,35,Male,Porto
9185,C009186,51,Male,Faro
9186,C009187,51,Female,Braga
9187,C009188,41,Other,Porto
9188,C009189,21,Other,Coimbra
9189,C009190,65,Other,Braga
9190,C009191,24,Female,Faro
9191,C009192,62,Female,Porto
9192,C009193,46,Female,Porto
9193,C009194,41,Other,Braga
9194,C009195,20,Other,Coimbra
9195,C009196,41,Female,Braga
9196,C009197,47,Female,Braga
9197,C009198,42,Female,Coimbra
9198,C009199,39,Male,Porto
9199,C009200,55,Female,Coimbra
9200,C009201,38,Other,Coimbra
9201,C009202,61,Unknown,Lisbon
9202,C009203,35,Male,Lisbon
9203,C009204,40,Other,Porto
9204,C009205,31,Male,Braga
9205,C009206,43,Other,Braga
9206,C009207,60,Other,Braga
9207,C009208,34,Male,Coimbra
9208,C009209,27,Other,Coimbra
9209,C009210,23,Female,Faro
9210,C009211,44,Male,Coimbra
9211,C009212,41,Female,Lisbon
9212,C009213,58,Female,Porto
9213,C009214,45,Female,Lisbon
9214,C009215,45,Female,Porto
9215,C009216,33,Female,Coimbra
9216,C009217,32,Other,Faro
9217,C009218,48,Other,Lisbon
9218,C009219,54,Male,Lisbon
9219,C009220,27,Other,Coimbra
9220,C009221,33,Female,Faro
9221,C009222,17,Other,Faro
9222,C009223,28,Female,Porto
9223,C009224,68,Other,Coimbra
9224,C009225,19,Other,Lisbon
9225,C009226,49,Female,Braga
9226,C009227,46,Other,Faro
9227,C009228,28,Female,Coimbra
9228,C009229,50,Other,Coimbra
9229,C009230,44,Other,Braga
9230,C009231,55,Female,Faro
9231,C009232,53,Male,Coimbra
9232,C009233,66,Female,Lisbon
9233,C009234,50,Female,Porto
9234,C009235,22,Other,Faro
9235,C009236,48,Other,Porto
9236,C009237,36,Male,Faro
9237,C009238,27,Male,Porto
9238,C009239,50,Male,Lisbon
9239,C009240,69,Other,Braga
9240,C009241,33,Other,Faro
9241,C009242,28,Other,Coimbra
9242,C009243,39,Female,Braga
9243,C009244,46,Female,Braga
9244,C009245,54,Other,Faro
9245,C009246,48,Male,Porto
9246,C009247,31,Female,Coimbra
9247,C009248,43,Male,Faro
9248,C009249,64,Male,Porto
9249,C009250,44,Female,Lisbon
9250,C009251,56,Male,Faro
9251,C009252,54,Male,Lisbon
9252,C009253,31,Other,Porto
9253,C009254,63,Other,Braga
9254,C009255,40,Male,Faro
9255,C009256,18,Male,Braga
9256,C009257,56,Female,Lisbon
9257,C009258,53,Male,Porto
9258,C009259,67,Other,Coimbra
9259,C009260,28,Female,Porto
9260,C009261,39,Female,Faro
9261,C009262,29,Male,Lisbon
9262,C009263,48,Other,Faro
9263,C009264,37,Male,Coimbra
9264,C009265,32,Female,Porto
9265,C009266,53,Other,Porto
9266,C009267,46,Other,Coimbra
9267,C009268,26,Male,Porto
9268,C009269,31,Male,Porto
9269,C009270,34,Male,Lisbon
9270,C009271,50,Other,Lisbon
9271,C009272,30,Male,Faro
9272,C009273,27,Male,Porto
9273,C009274,55,Other,Coimbra
9274,C009275,46,Female,Porto
9275,C009276,16,Male,Coimbra
9276,C009277,64,Other,Lisbon
9277,C009278,23,Other,Braga
9278,C009279,34,Other,Braga
9279,C009280,26,Male,Lisbon
9280,C009281,19,Female,Braga
9281,C009282,41,Female,Faro
9282,C009283,67,Male,Braga
9283,C009284,55,Male,Faro
9284,C009285,64,Other,Braga
9285,C009286,51,Other,Faro
9286,C009287,43,Male,Lisbon
9287,C009288,17,Female,Faro
9288,C009289,40,Female,Faro
9289,C009290,57,Female,Lisbon
9290,C009291,47,Male,Lisbon
9291,C009292,61,Male,Lisbon
9292,C009293,65,Female,Lisbon
9293,C009294,65,Male,Braga
9294,C009295,63,Other,Porto
9295,C009296,16,Other,Faro
9296,C009297,26,Female,Coimbra
9297,C009298,16,Other,Faro
9298,C009299,16,Other,Coimbra
9299,C009300,64,Female,Braga
9300,C009301,46,Male,Faro
9301,C009302,43,Male,Faro
9302,C009303,19,Male,Faro
9303,C009304,60,Male,Braga
9304,C009305,16,Male,Coimbra
9305,C009306,33,Female,Coimbra
9306,C009307,49,Male,Porto
9307,C009308,16,Male,Braga
9308,C009309,48,Female,Faro
9309,C009310,52,Female,Porto
9310,C009311,37,Female,Coimbra
9311,C009312,68,Other,Coimbra
9312,C009313,44,Other,Braga
9313,C009314,68,Female,Braga
9314,C009315,46,Other,Coimbra
9315,C009316,61,Female,Coimbra
9316,C009317,64,Other,Lisbon
9317,C009318,28,Other,Lisbon
9318,C009319,65,Female,Lisbon
9319,C009320,18,Other,Faro
9320,C009321,69,Female,Porto
9321,C009322,30,Other,Faro
9322,C009323,40,Other,Faro
9323,C009324,34,Female,Braga
9324,C009325,64,Male,Porto
9325,C009326,60,Male,Braga
9326,C009327,60,Other,Braga
9327,C009328,67,Other,Braga
9328,C009329,35,Other,Coimbra
9329,C009330,47,Female,Faro
9330,C009331,61,Male,Lisbon
9331,C009332,41,Female,Faro
9332,C009333,46,Female,Coimbra
9333,C009334,69,Male,Lisbon
9334,C009335,67,Female,Braga
9335,C009336,42,Female,Porto
9336,C009337,18,Other,Faro
9337,C009338,59,Female,Coimbra
9338,C009339,60,Other,Faro
9339,C009340,39,Male,Coimbra
9340,C009341,44,Male,Lisbon
9341,C009342,28,Female,Braga
9342,C009343,37,Other,Lisbon
9343,C009344,30,Other,Braga
9344,C009345,63,Female,Faro
9345,C009346,39,Female,Lisbon
9346,C009347,20,Female,Faro
9347,C009348,67,Other,Braga
9348,C009349,25,Female,Porto
9349,C009350,31,Other,Braga
9350,C009351,60,Other,Braga
9351,C009352,53,Female,Braga
9352,C009353,46,Unknown,Coimbra
9353,C009354,61,Male,Faro
9354,C009355,34,Other,Lisbon
9355,C009356,27,Male,Braga
9356,C009357,48,Male,Porto
9357,C009358,61,Female,Porto
9358,C009359,16,Other,Braga
9359,C009360,52,Female,Porto
9360,C009361,44,Other,Braga
9361,C009362,19,Female,Faro
9362,C009363,39,Female,Faro
9363,C009364,29,Female,Braga
9364,C009365,43,Female,Faro
9365,C009366,16,Female,Braga
9366,C009367,33,Female,Lisbon
9367,C009368,30,Female,Braga
9368,C009369,69,Other,Lisbon
9369,C009370,53,Male,Coimbra
9370,C009371,51,Other,Porto
9371,C009372,61,Other,Lisbon
9372,C009373,49,Male,Porto
9373,C009374,65,Female,Coimbra
9374,C009375,68,Other,Braga
9375,C009376,66,Male,Porto
9376,C009377,57,Female,Braga
9377,C009378,42,Female,Braga
9378,C009379,32,Male,Faro
9379,C009380,44,Other,Faro
9380,C009381,55,Other,Coimbra
9381,C009382,61,Female,Coimbra
9382,C009383,51,Male,Braga
9383,C009384,22,Female,Porto
9384,C009385,43,Female,Lisbon
9385,C009386,29,Other,Coimbra
9386,C009387,38,Male,Faro
9387,C009388,41,Male,Coimbra
9388,C009389,58,Female,Lisbon
9389,C009390,48,Male,Lisbon
9390,C009391,57,Other,Braga
9391,C009392,18,Male,Faro
9392,C009393,21,Male,Coimbra
9393,C009394,19,Female,Lisbon
9394,C009395,48,Female,Braga
9395,C009396,66,Male,Porto
9396,C009397,31,Other,Coimbra
9397,C009398,66,Female,Coimbra
9398,C009399,26,Female,Coimbra
9399,C009400,36,Other,Coimbra
9400,C009401,60,Female,Faro
9401,C009402,24,Other,Faro
9402,C009403,47,Male,Braga
9403,C009404,19,Other,Faro
9404,C009405,48,Other,Porto
9405,C009406,69,Male,Porto
9406,C009407,22,Female,Porto
9407,C009408,37,Other,Coimbra
9408,C009409,43,Male,Faro
9409,C009410,68,Other,Braga
9410,C009411,69,Other,Coimbra
9411,C009412,45,Other,Faro
9412,C009413,23,Male,Coimbra
9413,C009414,43,Male,Coimbra
9414,C009415,24,Other,Braga
9415,C009416,55,Other,Porto
9416,C009417,33,Male,Faro
9417,C009418,64,Other,Porto
9418,C009419,40,Other,Faro
9419,C009420,17,Male,Porto
9420,C009421,68,Female,Porto
9421,C009422,56,Other,Porto
9422,C009423,65,Male,Porto
9423,C009424,41,Other,Lisbon
9424,C009425,55,Other,Braga
9425,C009426,48,Male,Coimbra
9426,C009427,39,Female,Braga
9427,C009428,18,Female,Lisbon
9428,C009429,61,Male,Braga
9429,C009430,42,Male,Porto
9430,C009431,43,Female,Faro
9431,C009432,46,Male,Lisbon
9432,C009433,27,Female,Braga
9433,C009434,42,Male,Braga
9434,C009435,67,Female,Coimbra
9435,C009436,53,Female,Faro
9436,C009437,30,Male,Porto
9437,C009438,57,Female,Porto
9438,C009439,38,Other,Lisbon
9439,C009440,65,Female,Coimbra
9440,C009441,26,Female,Porto
9441,C009442,34,Male,Braga
9442,C009443,23,Other,Porto
9443,C009444,34,Male,Coimbra
9444,C009445,36,Female,Braga
9445,C009446,68,Male,Faro
9446,C009447,34,Other,Porto
9447,C009448,36,Female,Faro
9448,C009449,62,Male,Faro
9449,C009450,58,Male,Coimbra
9450,C009451,60,Other,Coimbra
9451,C009452,32,Other,Lisbon
9452,C009453,49,Female,Faro
9453,C009454,41,Male,Coimbra
9454,C009455,16,Other,Porto
9455,C009456,46,Male,Faro
9456,C009457,53,Female,Coimbra
9457,C009458,43,Female,Faro
9458,C009459,41,Male,Braga
9459,C009460,24,Other,Braga
9460,C009461,51,Male,Braga
9461,C009462,36,Female,Faro
9462,C009463,66,Other,Faro
9463,C009464,38,Female,Porto
9464,C009465,36,Other,Faro
9465,C009466,25,Other,Porto
9466,C009467,37,Male,Porto
9467,C009468,69,Female,Braga
9468,C009469,16,Female,Braga
9469,C009470,67,Other,Coimbra
9470,C009471,51,Male,Porto
9471,C009472,27,Other,Coimbra
9472,C009473,56,Female,Coimbra
9473,C009474,62,Other,Lisbon
9474,C009475,51,Male,Faro
9475,C009476,39,Other,Faro
9476,C009477,21,Male,Coimbra
9477,C009478,30,Male,Lisbon
9478,C009479,63,Male,Faro
9479,C009480,68,Male,Porto
9480,C009481,33,Male,Braga
9481,C009482,27,Other,Faro
9482,C009483,24,Other,Lisbon
9483,C009484,39,Female,Lisbon
9484,C009485,26,Female,Lisbon
9485,C009486,44,Male,Coimbra
9486,C009487,17,Male,Faro
9487,C009488,29,Male,Braga
9488,C009489,34,Male,Porto
9489,C009490,48,Male,Braga
9490,C009491,64,Female,Coimbra
9491,C009492,36,Male,Porto
9492,C009493,62,Female,Faro
9493,C009494,55,Male,Faro
9494,C009495,19,Male,Lisbon
9495,C009496,60,Male,Porto
9496,C009497,66,Other,Porto
9497,C009498,62,Other,Braga
9498,C009499,56,Other,Coimbra
9499,C009500,59,Other,Lisbon
9500,C009501,29,Other,Coimbra
9501,C009502,61,Male,Coimbra
9502,C009503,45,Female,Lisbon
9503,C009504,46,Male,Coimbra
9504,C009505,68,Other,Coimbra
9505,C009506,61,Other,Lisbon
9506,C009507,59,Other,Lisbon
9507,C009508,60,Female,Faro
9508,C009509,35,Other,Coimbra
9509,C009510,44,Male,Coimbra
9510,C009511,27,Female,Porto
9511,C009512,65,Male,Coimbra
9512,C009513,53,Male,Coimbra
9513,C009514,25,Other,Porto
9514,C009515,61,Other,Porto
9515,C009516,64,Other,Coimbra
9516,C009517,62,Female,Coimbra
9517,C009518,61,Female,Coimbra
9518,C009519,32,Male,Coimbra
9519,C009520,63,Other,Coimbra
9520,C009521,44,Other,Lisbon
9521,C009522,44,Male,Lisbon
9522,C009523,34,Male,Lisbon
9523,C009524,23,Other,Lisbon
9524,C009525,29,Other,Lisbon
9525,C009526,31,Female,Coimbra
9526,C009527,28,Male,Faro
9527,C009528,31,Other,Lisbon
9528,C009529,39,Male,Lisbon
9529,C009530,51,Other,Braga
9530,C009531,59,Male,Coimbra
9531,C009532,19,Male,Faro
9532,C009533,59,Male,Lisbon
9533,C009534,35,Other,Porto
9534,C009535,41,Female,Braga
9535,C009536,59,Female,Lisbon
9536,C009537,29,Male,Porto
9537,C009538,32,Male,Porto
9538,C009539,16,Female,Coimbra
9539,C009540,51,Female,Faro
9540,C009541,41,Male,Braga
9541,C009542,18,Other,Porto
9542,C009543,45,Female,Lisbon
9543,C009544,47,Female,Lisbon
9544,C009545,40,Other,Porto
9545,C009546,21,Other,Coimbra
9546,C009547,51,Other,Faro
9547,C009548,63,Female,Coimbra
9548,C009549,21,Female,Faro
9549,C009550,60,Male,Lisbon
9550,C009551,48,Male,Faro
9551,C009552,20,Male,Faro
9552,C009553,23,Male,Lisbon
9553,C009554,41,Female,Braga
9554,C009555,63,Other,Porto
9555,C009556,39,Female,Coimbra
9556,C009557,61,Female,Lisbon
9557,C009558,28,Other,Lisbon
9558,C009559,61,Male,Porto
9559,C009560,67,Other,Braga
9560,C009561,41,Male,Faro
9561,C009562,49,Male,Coimbra
9562,C009563,55,Female,Porto
9563,C009564,26,Other,Coimbra
9564,C009565,36,Other,Coimbra
9565,C009566,27,Male,Porto
9566,C009567,62,Male,Faro
9567,C009568,34,Other,Braga
9568,C009569,46,Male,Braga
9569,C009570,64,Other,Coimbra
9570,C009571,52,Male,Lisbon
9571,C009572,49,Female,Coimbra
9572,C009573,40,Male,Coimbra
9573,C009574,32,Female,Faro
9574,C009575,55,Female,Braga
9575,C009576,43,Female,Porto
9576,C009577,21,Female,Braga
9577,C009578,49,Male,Faro
9578,C009579,54,Other,Lisbon
9579,C009580,20,Other,Faro
9580,C009581,38,Other,Faro
9581,C009582,27,Other,Faro
9582,C009583,53,Other,Coimbra
9583,C009584,33,Male,Faro
9584,C009585,67,Male,Faro
9585,C009586,54,Male,Lisbon
9586,C009587,48,Other,Porto
9587,C009588,47,Male,Braga
9588,C009589,35,Female,Faro
9589,C009590,58,Other,Lisbon
9590,C009591,30,Male,Braga
9591,C009592,29,Other,Coimbra
9592,C009593,67,Female,Lisbon
9593,C009594,17,Female,Faro
9594,C009595,38,Male,Braga
9595,C009596,21,Male,Coimbra
9596,C009597,31,Male,Faro
9597,C009598,60,Other,Porto
9598,C009599,22,Male,Faro
9599,C009600,63,Male,Faro
9600,C009601,26,Other,Faro
9601,C009602,27,Female,Braga
9602,C009603,61,Male,Braga
9603,C009604,23,Female,Braga
9604,C009605,55,Male,Coimbra
9605,C009606,43,Female,Faro
9606,C009607,41,Male,Braga
9607,C009608,45,Female,Coimbra
9608,C009609,63,Other,Lisbon
9609,C009610,67,Male,Porto
9610,C009611,41,Other,Porto
9611,C009612,57,Other,Porto
9612,C009613,55,Female,Lisbon
9613,C009614,32,Female,Braga
9614,C009615,21,Other,Porto
9615,C009616,20,Other,Faro
9616,C009617,27,Unknown,Porto
9617,C009618,54,Female,Faro
9618,C009619,16,Male,Porto
9619,C009620,40,Male,Faro
9620,C009621,36,Other,Porto
9621,C009622,25,Female,Lisbon
9622,C009623,36,Female,Faro
9623,C009624,38,Female,Lisbon
9624,C009625,61,Male,Faro
9625,C009626,59,Female,Coimbra
9626,C009627,19,Female,Braga
9627,C009628,44,Female,Porto
9628,C009629,69,Other,Lisbon
9629,C009630,20,Male,Braga
9630,C009631,67,Male,Coimbra
9631,C009632,22,Other,Lisbon
9632,C009633,37,Female,Lisbon
9633,C009634,34,Female,Faro
9634,C009635,67,Female,Lisbon
9635,C009636,31,Female,Coimbra
9636,C009637,43,Female,Faro
9637,C009638,63,Male,Coimbra
9638,C009639,39,Female,Braga
9639,C009640,21,Other,Braga
9640,C009641,34,Other,Porto
9641,C009642,32,Male,Faro
9642,C009643,36,Unknown,Faro
9643,C009644,44,Male,Lisbon
9644,C009645,26,Male,Braga
9645,C009646,66,Male,Braga
9646,C009647,35,Male,Coimbra
9647,C009648,56,Other,Coimbra
9648,C009649,47,Other,Porto
9649,C009650,22,Female,Faro
9650,C009651,63,Other,Lisbon
9651,C009652,39,Other,Faro
9652,C009653,30,Other,Lisbon
9653,C009654,43,Male,Porto
9654,C009655,64,Other,Porto
9655,C009656,37,Female,Porto
9656,C009657,27,Other,Porto
9657,C009658,25,Female,Porto
9658,C009659,39,Female,Coimbra
9659,C009660,26,Female,Coimbra
9660,C009661,25,Male,Lisbon
9661,C009662,29,Male,Porto
9662,C009663,45,Male,Lisbon
9663,C009664,43,Female,Braga
9664,C009665,24,Male,Lisbon
9665,C009666,45,Other,Porto
9666,C009667,49,Female,Faro
9667,C009668,42,Other,Coimbra
9668,C009669,26,Other,Porto
9669,C009670,25,Male,Coimbra
9670,C009671,23,Other,Coimbra
9671,C009672,37,Male,Porto
9672,C009673,53,Female,Faro
9673,C009674,25,Other,Porto
9674,C009675,29,Female,Faro
9675,C009676,48,Other,Coimbra
9676,C009677,41,Other,Lisbon
9677,C009678,45,Other,Faro
9678,C009679,17,Female,Porto
9679,C009680,32,Female,Porto
9680,C009681,24,Male,Porto
9681,C009682,49,Female,Porto
9682,C009683,30,Other,Lisbon
9683,C009684,39,Male,Porto
9684,C009685,37,Female,Porto
9685,C009686,23,Female,Porto
9686,C009687,39,Male,Lisbon
9687,C009688,36,Other,Faro
9688,C009689,47,Female,Coimbra
9689,C009690,44,Other,Lisbon
9690,C009691,20,Other,Porto
9691,C009692,27,Male,Coimbra
9692,C009693,51,Male,Porto
9693,C009694,57,Male,Porto
9694,C009695,17,Other,Braga
9695,C009696,58,Female,Braga
9696,C009697,50,Other,Lisbon
9697,C009698,36,Other,Lisbon
9698,C009699,31,Other,Faro
9699,C009700,24,Male,Lisbon
9700,C009701,34,Other,Coimbra
9701,C009702,56,Other,Coimbra
9702,C009703,38,Female,Faro
9703,C009704,47,Male,Braga
9704,C009705,54,Other,Lisbon
9705,C009706,34,Male,Braga
9706,C009707,45,Male,Porto
9707,C009708,32,Male,Faro
9708,C009709,65,Female,Coimbra
9709,C009710,30,Other,Coimbra
9710,C009711,22,Male,Porto
9711,C009712,51,Male,Braga
9712,C009713,47,Female,Braga
9713,C009714,27,Female,Braga
9714,C009715,24,Other,Braga
9715,C009716,57,Female,Coimbra
9716,C009717,51,Other,Braga
9717,C009718,35,Female,Porto
9718,C009719,29,Female,Porto
9719,C009720,29,Female,Braga
9720,C009721,66,Other,Coimbra
9721,C009722,21,Male,Coimbra
9722,C009723,17,Male,Coimbra
9723,C009724,54,Female,Lisbon
9724,C009725,57,Male,Faro
9725,C009726,41,Other,Faro
9726,C009727,52,Female,Lisbon
9727,C009728,44,Male,Braga
9728,C009729,17,Male,Lisbon
9729,C009730,23,Female,Coimbra
9730,C009731,33,Male,Coimbra
9731,C009732,54,Male,Lisbon
9732,C009733,41,Male,Faro
9733,C009734,50,Female,Lisbon
9734,C009735,44,Other,Braga
9735,C009736,24,Female,Braga
9736,C009737,65,Female,Porto
9737,C009738,41,Male,Lisbon
9738,C009739,56,Female,Lisbon
9739,C009740,69,Female,Braga
9740,C009741,48,Male,Coimbra
9741,C009742,29,Other,Faro
9742,C009743,20,Female,Coimbra
9743,C009744,41,Other,Porto
9744,C009745,48,Male,Braga
9745,C009746,54,Female,Coimbra
9746,C009747,35,Other,Coimbra
9747,C009748,55,Female,Braga
9748,C009749,29,Male,Braga
9749,C009750,34,Male,Lisbon
9750,C009751,46,Male,Porto
9751,C009752,20,Female,Coimbra
9752,C009753,20,Female,Braga
9753,C009754,38,Male,Porto
9754,C009755,17,Male,Porto
9755,C009756,43,Female,Porto
9756,C009757,67,Male,Coimbra
9757,C009758,21,Male,Porto
9758,C009759,43,Female,Porto
9759,C009760,18,Other,Faro
9760,C009761,23,Female,Coimbra
9761,C009762,24,Other,Coimbra
9762,C009763,64,Male,Braga
9763,C009764,48,Male,Porto
9764,C009765,26,Male,Coimbra
9765,C009766,54,Other,Faro
9766,C009767,59,Female,Faro
9767,C009768,47,Male,Lisbon
9768,C009769,45,Female,Coimbra
9769,C009770,17,Other,Coimbra
9770,C009771,44,Female,Porto
9771,C009772,39,Male,Braga
9772,C009773,20,Female,Faro
9773,C009774,23,Female,Lisbon
9774,C009775,19,Female,Porto
9775,C009776,42,Female,Braga
9776,C009777,22,Female,Coimbra
9777,C009778,42,Female,Coimbra
9778,C009779,22,Male,Faro
9779,C009780,67,Male,Braga
9780,C009781,65,Male,Braga
9781,C009782,41,Other,Braga
9782,C009783,35,Male,Faro
9783,C009784,19,Female,Lisbon
9784,C009785,19,Female,Faro
9785,C009786,26,Male,Faro
9786,C009787,24,Male,Lisbon
9787,C009788,37,Other,Faro
9788,C009789,37,Male,Faro
9789,C009790,52,Male,Braga
9790,C009791,45,Other,Coimbra
9791,C009792,21,Male,Braga
9792,C009793,53,Other,Faro
9793,C009794,23,Female,Lisbon
9794,C009795,27,Male,Coimbra
9795,C009796,47,Male,Braga
9796,C009797,61,Other,Coimbra
9797,C009798,55,Female,Lisbon
9798,C009799,35,Male,Porto
9799,C009800,25,Female,Braga
9800,C009801,42,Female,Braga
9801,C009802,63,Female,Faro
9802,C009803,49,Unknown,Coimbra
9803,C009804,47,Other,Porto
9804,C009805,60,Female,Lisbon
9805,C009806,47,Male,Braga
9806,C009807,56,Male,Lisbon
9807,C009808,55,Other,Porto
9808,C009809,19,Female,Lisbon
9809,C009810,52,Female,Braga
9810,C009811,62,Female,Faro
9811,C009812,33,Female,Braga
9812,C009813,66,Female,Porto
9813,C009814,16,Male,Coimbra
9814,C009815,38,Female,Braga
9815,C009816,36,Other,Faro
9816,C009817,32,Male,Coimbra
9817,C009818,22,Female,Lisbon
9818,C009819,39,Male,Porto
9819,C009820,21,Other,Faro
9820,C009821,32,Female,Lisbon
9821,C009822,40,Other,Braga
9822,C009823,42,Other,Porto
9823,C009824,22,Other,Porto
9824,C009825,20,Female,Faro
9825,C009826,57,Other,Faro
9826,C009827,47,Female,Faro
9827,C009828,23,Other,Coimbra
9828,C009829,51,Other,Porto
9829,C009830,51,Male,Lisbon
9830,C009831,68,Male,Lisbon
9831,C009832,54,Female,Lisbon
9832,C009833,50,Female,Faro
9833,C009834,69,Female,Braga
9834,C009835,62,Male,Faro
9835,C009836,17,Other,Braga
9836,C009837,49,Male,Porto
9837,C009838,62,Other,Braga
9838,C009839,59,Other,Faro
9839,C009840,60,Other,Porto
9840,C009841,21,Male,Faro
9841,C009842,22,Male,Porto
9842,C009843,61,Male,Porto
9843,C009844,46,Other,Porto
9844,C009845,27,Male,Faro
9845,C009846,50,Female,Coimbra
9846,C009847,40,Female,Coimbra
9847,C009848,68,Other,Coimbra
9848,C009849,54,Other,Braga
9849,C009850,63,Male,Coimbra
9850,C009851,20,Male,Braga
9851,C009852,53,Male,Lisbon
9852,C009853,68,Male,Lisbon
9853,C009854,39,Male,Faro
9854,C009855,59,Female,Lisbon
9855,C009856,56,Male,Coimbra
9856,C009857,25,Female,Braga
9857,C009858,50,Male,Porto
9858,C009859,18,Other,Lisbon
9859,C009860,21,Other,Braga
9860,C009861,31,Female,Coimbra
9861,C009862,61,Male,Coimbra
9862,C009863,23,Male,Coimbra
9863,C009864,24,Male,Lisbon
9864,C009865,43,Female,Porto
9865,C009866,49,Other,Braga
9866,C009867,28,Female,Lisbon
9867,C009868,62,Other,Braga
9868,C009869,47,Male,Braga
9869,C009870,42,Other,Lisbon
9870,C009871,50,Male,Faro
9871,C009872,59,Male,Porto
9872,C009873,46,Unknown,Porto
9873,C009874,17,Other,Coimbra
9874,C009875,69,Male,Porto
9875,C009876,18,Other,Faro
9876,C009877,32,Male,Coimbra
9877,C009878,47,Other,Lisbon
9878,C009879,46,Male,Braga
9879,C009880,53,Other,Coimbra
9880,C009881,50,Female,Faro
9881,C009882,25,Other,Lisbon
9882,C009883,44,Other,Porto
9883,C009884,60,Male,Braga
9884,C009885,55,Male,Faro
9885,C009886,35,Female,Porto
9886,C009887,47,Female,Braga
9887,C009888,37,Male,Coimbra
9888,C009889,35,Other,Braga
9889,C009890,23,Female,Braga
9890,C009891,69,Other,Faro
9891,C009892,23,Other,Lisbon
9892,C009893,68,Female,Coimbra
9893,C009894,48,Other,Coimbra
9894,C009895,25,Female,Faro
9895,C009896,40,Male,Porto
9896,C009897,47,Other,Porto
9897,C009898,66,Female,Faro
9898,C009899,24,Other,Braga
9899,C009900,56,Male,Braga
9900,C009901,56,Female,Faro
9901,C009902,41,Male,Lisbon
9902,C009903,25,Other,Coimbra
9903,C009904,36,Male,Faro
9904,C009905,36,Female,Faro
9905,C009906,20,Male,Coimbra
9906,C009907,23,Male,Porto
9907,C009908,67,Male,Porto
9908,C009909,20,Male,Lisbon
9909,C009910,40,Other,Porto
9910,C009911,61,Female,Coimbra
9911,C009912,25,Female,Braga
9912,C009913,68,Other,Porto
9913,C009914,49,Male,Braga
9914,C009915,57,Male,Coimbra
9915,C009916,50,Female,Lisbon
9916,C009917,55,Female,Porto
9917,C009918,56,Male,Porto
9918,C009919,20,Male,Porto
9919,C009920,54,Other,Braga
9920,C009921,29,Other,Braga
9921,C009922,25,Female,Braga
9922,C009923,60,Female,Braga
9923,C009924,55,Other,Porto
9924,C009925,53,Female,Braga
9925,C009926,26,Other,Faro
9926,C009927,56,Other,Lisbon
9927,C009928,41,Male,Faro
9928,C009929,41,Other,Porto
9929,C009930,51,Male,Lisbon
9930,C009931,29,Female,Lisbon
9931,C009932,46,Other,Porto
9932,C009933,22,Male,Braga
9933,C009934,58,Other,Lisbon
9934,C009935,63,Female,Lisbon
9935,C009936,36,Male,Porto
9936,C009937,30,Other,Porto
9937,C009938,52,Female,Coimbra
9938,C009939,46,Female,Braga
9939,C009940,55,Male,Lisbon
9940,C009941,60,Female,Coimbra
9941,C009942,40,Male,Coimbra
9942,C009943,56,Other,Lisbon
9943,C009944,39,Other,Coimbra
9944,C009945,61,Female,Coimbra
9945,C009946,69,Female,Coimbra
9946,C009947,66,Other,Braga
9947,C009948,62,Female,Faro
9948,C009949,66,Other,Faro
9949,C009950,42,Other,Coimbra
9950,C009951,47,Female,Coimbra
9951,C009952,56,Other,Faro
9952,C009953,21,Male,Faro
9953,C009954,51,Female,Porto
9954,C009955,62,Female,Braga
9955,C009956,28,Other,Faro
9956,C009957,23,Other,Faro
9957,C009958,47,Other,Braga
9958,C009959,38,Male,Coimbra
9959,C009960,57,Other,Faro
9960,C009961,68,Other,Porto
9961,C009962,49,Male,Coimbra
9962,C009963,64,Female,Braga
9963,C009964,29,Female,Faro
9964,C009965,62,Male,Lisbon
9965,C009966,38,Other,Coimbra
9966,C009967,23,Female,Braga
9967,C009968,26,Male,Lisbon
9968,C009969,19,Female,Porto
9969,C009970,17,Other,Porto
9970,C009971,69,Male,Faro
9971,C009972,19,Other,Faro
9972,C009973,47,Male,Coimbra
9973,C009974,68,Male,Coimbra
9974,C009975,43,Other,Lisbon
9975,C009976,55,Male,Lisbon
9976,C009977,52,Male,Porto
9977,C009978,59,Female,Lisbon
9978,C009979,37,Male,Lisbon
9979,C009980,53,Other,Porto
9980,C009981,37,Female,Braga
9981,C009982,38,Female,Braga
9982,C009983,28,Female,Lisbon
9983,C009984,47,Female,Faro
9984,C009985,23,Male,Porto
9985,C009986,24,Female,Coimbra
9986,C009987,36,Other,Faro
9987,C009988,27,Female,Faro
9988,C009989,50,Other,Coimbra
9989,C009990,31,Male,Porto
9990,C009991,58,Female,Porto
9991,C009992,41,Other,Coimbra
9992,C009993,57,Male,Porto
9993,C009994,66,Female,Coimbra
9994,C009995,34,Other,Faro
9995,C009996,59,Female,Lisbon
9996,C009997,61,Other,Braga
9997,C009998,20,Female,Coimbra
9998,C009999,49,Male,Lisbon
9999,C010000,17,Other,Porto
10000,C010001,65,Other,Faro
10001,C010002,54,Other,Porto
10002,C010003,32,Female,Braga
10003,C010004,22,Other,Lisbon
10004,C010005,50,Male,Coimbra
10005,C010006,53,Male,Porto
10006,C010007,58,Male,Braga
10007,C010008,35,Male,Braga
10008,C010009,28,Male,Porto
10009,C010010,35,Male,Braga
10010,C010011,24,Other,Porto
10011,C010012,26,Male,Lisbon
10012,C010013,50,Female,Lisbon
10013,C010014,26,Female,Lisbon
10014,C010015,62,Female,Porto
10015,C010016,55,Male,Faro
10016,C010017,20,Female,Coimbra
10017,C010018,16,Male,Porto
10018,C010019,62,Male,Faro
10019,C010020,32,Other,Faro
10020,C010021,36,Female,Coimbra
10021,C010022,44,Female,Coimbra
10022,C010023,35,Other,Coimbra
10023,C010024,54,Female,Lisbon
10024,C010025,57,Other,Coimbra
10025,C010026,44,Male,Faro
10026,C010027,55,Other,Faro
10027,C010028,27,Female,Faro
10028,C010029,16,Other,Coimbra
10029,C010030,42,Male,Coimbra
10030,C010031,36,Other,Porto
10031,C010032,38,Other,Faro
10032,C010033,25,Female,Lisbon
10033,C010034,26,Female,Coimbra
10034,C010035,52,Other,Coimbra
10035,C010036,59,Other,Braga
10036,C010037,16,Male,Lisbon
10037,C010038,25,Female,Faro
10038,C010039,46,Male,Faro
10039,C010040,27,Female,Lisbon
10040,C010041,31,Male,Braga
10041,C010042,43,Female,Lisbon
10042,C010043,50,Male,Porto
10043,C010044,61,Female,Braga
10044,C010045,57,Other,Braga
10045,C010046,35,Female,Coimbra
10046,C010047,23,Male,Faro
10047,C010048,60,Female,Braga
10048,C010049,60,Other,Porto
10049,C010050,41,Other,Porto
10050,C010051,37,Male,Coimbra
10051,C010052,19,Other,Braga
10052,C010053,19,Male,Lisbon
10053,C010054,38,Other,Braga
10054,C010055,53,Male,Lisbon
10055,C010056,50,Male,Porto
10056,C010057,62,Female,Coimbra
10057,C010058,68,Male,Porto
10058,C010059,32,Female,Faro
10059,C010060,56,Male,Lisbon
10060,C010061,24,Male,Faro
10061,C010062,20,Female,Coimbra
10062,C010063,35,Other,Coimbra
10063,C010064,63,Other,Porto
10064,C010065,52,Male,Porto
10065,C010066,30,Female,Porto
10066,C010067,22,Other,Lisbon
10067,C010068,18,Male,Faro
10068,C010069,24,Male,Braga
10069,C010070,46,Female,Porto
10070,C010071,63,Other,Porto
10071,C010072,44,Other,Braga
10072,C010073,40,Female,Lisbon
10073,C010074,17,Male,Porto
10074,C010075,41,Male,Lisbon
10075,C010076,30,Other,Porto
10076,C010077,16,Unknown,Braga
10077,C010078,53,Other,Faro
10078,C010079,20,Male,Faro
10079,C010080,57,Other,Lisbon
10080,C010081,20,Other,Lisbon
10081,C010082,24,Male,Faro
10082,C010083,62,Other,Lisbon
10083,C010084,37,Male,Coimbra
10084,C010085,41,Other,Porto
10085,C010086,25,Unknown,Faro
10086,C010087,35,Female,Braga
10087,C010088,51,Female,Braga
10088,C010089,34,Male,Faro
10089,C010090,29,Female,Braga
10090,C010091,54,Other,Porto
10091,C010092,55,Female,Porto
10092,C010093,66,Female,Faro
10093,C010094,26,Other,Faro
10094,C010095,35,Other,Lisbon
10095,C010096,59,Female,Braga
10096,C010097,37,Other,Lisbon
10097,C010098,31,Male,Braga
10098,C010099,25,Male,Coimbra
10099,C010100,25,Male,Coimbra
10100,C010101,38,Other,Porto
10101,C010102,62,Other,Lisbon
10102,C010103,33,Other,Coimbra
10103,C010104,48,Other,Faro
10104,C010105,28,Male,Lisbon
10105,C010106,25,Other,Faro
10106,C010107,24,Male,Porto
10107,C010108,22,Female,Porto
10108,C010109,43,Female,Faro
10109,C010110,43,Male,Coimbra
10110,C010111,25,Other,Porto
10111,C010112,19,Male,Braga
10112,C010113,67,Female,Coimbra
10113,C010114,36,Male,Coimbra
10114,C010115,67,Female,Lisbon
10115,C010116,61,Male,Braga
10116,C010117,26,Female,Coimbra
10117,C010118,47,Female,Coimbra
10118,C010119,44,Other,Porto
10119,C010120,32,Female,Coimbra
10120,C010121,41,Female,Faro
10121,C010122,24,Male,Braga
10122,C010123,67,Female,Braga
10123,C010124,56,Other,Braga
10124,C010125,55,Other,Braga
10125,C010126,34,Male,Porto
10126,C010127,39,Male,Lisbon
10127,C010128,45,Male,Lisbon
10128,C010129,65,Female,Porto
10129,C010130,51,Female,Coimbra
10130,C010131,54,Male,Faro
10131,C010132,30,Female,Porto
10132,C010133,37,Female,Coimbra
10133,C010134,54,Male,Coimbra
10134,C010135,45,Female,Lisbon
10135,C010136,38,Other,Porto
10136,C010137,54,Male,Lisbon
10137,C010138,43,Other,Porto
10138,C010139,49,Female,Lisbon
10139,C010140,40,Female,Faro
10140,C010141,55,Female,Coimbra
10141,C010142,36,Female,Faro
10142,C010143,45,Female,Lisbon
10143,C010144,50,Male,Faro
10144,C010145,61,Female,Faro
10145,C010146,52,Female,Porto
10146,C010147,24,Other,Braga
10147,C010148,27,Female,Coimbra
10148,C010149,37,Male,Faro
10149,C010150,38,Female,Faro
10150,C010151,35,Male,Faro
10151,C010152,49,Other,Braga
10152,C010153,23,Female,Braga
10153,C010154,28,Male,Porto
10154,C010155,27,Other,Braga
10155,C010156,46,Female,Braga
10156,C010157,69,Other,Faro
10157,C010158,48,Female,Lisbon
10158,C010159,29,Male,Lisbon
10159,C010160,28,Other,Lisbon
10160,C010161,59,Male,Braga
10161,C010162,46,Male,Coimbra
10162,C010163,53,Male,Faro
10163,C010164,62,Male,Faro
10164,C010165,56,Male,Coimbra
10165,C010166,24,Male,Porto
10166,C010167,50,Other,Lisbon
10167,C010168,51,Other,Braga
10168,C010169,43,Other,Coimbra
10169,C010170,47,Female,Braga
10170,C010171,19,Female,Faro
10171,C010172,57,Other,Braga
10172,C010173,64,Male,Lisbon
10173,C010174,38,Male,Porto
10174,C010175,69,Female,Coimbra
10175,C010176,49,Female,Lisbon
10176,C010177,64,Male,Faro
10177,C010178,34,Male,Lisbon
10178,C010179,28,Female,Lisbon
10179,C010180,55,Female,Braga
10180,C010181,59,Other,Lisbon
10181,C010182,44,Male,Faro
10182,C010183,60,Female,Faro
10183,C010184,38,Male,Faro
10184,C010185,44,Female,Porto
10185,C010186,16,Male,Coimbra
10186,C010187,58,Female,Braga
10187,C010188,54,Female,Faro
10188,C010189,44,Other,Lisbon
10189,C010190,44,Unknown,Lisbon
10190,C010191,58,Male,Braga
10191,C010192,60,Male,Braga
10192,C010193,32,Male,Coimbra
10193,C010194,53,Other,Faro
10194,C010195,44,Other,Porto
10195,C010196,20,Male,Braga
10196,C010197,49,Other,Braga
10197,C010198,56,Other,Lisbon
10198,C010199,65,Other,Braga
10199,C010200,50,Female,Coimbra
10200,C010201,20,Female,Braga
10201,C010202,30,Other,Lisbon
10202,C010203,49,Female,Porto
10203,C010204,51,Female,Coimbra
10204,C010205,47,Female,Porto
10205,C010206,40,Male,Lisbon
10206,C010207,17,Female,Faro
10207,C010208,29,Female,Faro
10208,C010209,36,Male,Lisbon
10209,C010210,39,Other,Lisbon
10210,C010211,27,Other,Lisbon
10211,C010212,43,Female,Lisbon
10212,C010213,55,Female,Faro
10213,C010214,26,Male,Braga
10214,C010215,30,Male,Faro
10215,C010216,37,Male,Lisbon
10216,C010217,55,Male,Coimbra
10217,C010218,65,Female,Coimbra
10218,C010219,47,Other,Porto
10219,C010220,63,Other,Braga
10220,C010221,67,Other,Lisbon
10221,C010222,25,Male,Porto
10222,C010223,23,Unknown,Porto
10223,C010224,41,Other,Braga
10224,C010225,68,Female,Lisbon
10225,C010226,30,Other,Porto
10226,C010227,67,Female,Lisbon
10227,C010228,24,Male,Faro
10228,C010229,68,Female,Lisbon
10229,C010230,18,Female,Porto
10230,C010231,39,Unknown,Braga
10231,C010232,48,Male,Lisbon
10232,C010233,31,Male,Faro
10233,C010234,57,Female,Faro
10234,C010235,59,Male,Faro
10235,C010236,17,Male,Braga
10236,C010237,41,Male,Braga
10237,C010238,31,Female,Coimbra
10238,C010239,57,Female,Lisbon
10239,C010240,19,Male,Braga
10240,C010241,40,Male,Lisbon
10241,C010242,41,Female,Coimbra
10242,C010243,61,Other,Lisbon
10243,C010244,49,Other,Braga
10244,C010245,67,Other,Coimbra
10245,C010246,69,Female,Porto
10246,C010247,41,Other,Faro
10247,C010248,34,Other,Lisbon
10248,C010249,57,Male,Faro
10249,C010250,29,Female,Faro
10250,C010251,54,Male,Faro
10251,C010252,38,Other,Lisbon
10252,C010253,27,Other,Faro
10253,C010254,51,Female,Coimbra
10254,C010255,37,Male,Coimbra
10255,C010256,39,Male,Faro
10256,C010257,69,Female,Lisbon
10257,C010258,50,Male,Porto
10258,C010259,16,Male,Braga
10259,C010260,30,Female,Braga
10260,C010261,65,Male,Braga
10261,C010262,56,Female,Braga
10262,C010263,50,Female,Lisbon
10263,C010264,30,Female,Coimbra
10264,C010265,58,Female,Coimbra
10265,C010266,25,Female,Faro
10266,C010267,43,Other,Faro
10267,C010268,43,Other,Porto
10268,C010269,57,Female,Faro
10269,C010270,26,Male,Lisbon
10270,C010271,28,Male,Porto
10271,C010272,51,Male,Coimbra
10272,C010273,43,Other,Lisbon
10273,C010274,33,Other,Porto
10274,C010275,64,Other,Coimbra
10275,C010276,42,Other,Porto
10276,C010277,63,Other,Lisbon
10277,C010278,69,Other,Lisbon
10278,C010279,57,Male,Lisbon
10279,C010280,60,Female,Braga
10280,C010281,63,Female,Braga
10281,C010282,50,Female,Braga
10282,C010283,45,Male,Lisbon
10283,C010284,35,Male,Porto
10284,C010285,67,Other,Faro
10285,C010286,38,Female,Faro
10286,C010287,28,Female,Braga
10287,C010288,39,Other,Faro
10288,C010289,48,Female,Braga
10289,C010290,38,Other,Coimbra
10290,C010291,49,Female,Faro
10291,C010292,24,Female,Faro
10292,C010293,65,Female,Lisbon
10293,C010294,45,Male,Lisbon
10294,C010295,21,Male,Coimbra
10295,C010296,47,Female,Coimbra
10296,C010297,21,Female,Porto
10297,C010298,32,Female,Lisbon
10298,C010299,47,Female,Faro
10299,C010300,35,Male,Porto
10300,C010301,53,Female,Coimbra
10301,C010302,63,Female,Braga
10302,C010303,64,Female,Coimbra
10303,C010304,52,Male,Porto
10304,C010305,44,Other,Faro
10305,C010306,59,Other,Braga
10306,C010307,59,Male,Lisbon
10307,C010308,63,Female,Lisbon
10308,C010309,32,Male,Braga
10309,C010310,60,Male,Coimbra
10310,C010311,37,Other,Coimbra
10311,C010312,45,Other,Coimbra
10312,C010313,22,Female,Lisbon
10313,C010314,42,Male,Porto
10314,C010315,26,Male,Porto
10315,C010316,42,Male,Coimbra
10316,C010317,33,Male,Braga
10317,C010318,17,Female,Porto
10318,C010319,39,Other,Porto
10319,C010320,34,Female,Porto
10320,C010321,61,Female,Braga
10321,C010322,43,Male,Coimbra
10322,C010323,50,Other,Coimbra
10323,C010324,26,Male,Coimbra
10324,C010325,46,Male,Faro
10325,C010326,17,Male,Faro
10326,C010327,46,Male,Porto
10327,C010328,45,Female,Porto
10328,C010329,50,Male,Coimbra
10329,C010330,27,Female,Braga
10330,C010331,60,Female,Faro
10331,C010332,54,Male,Lisbon
10332,C010333,28,Male,Lisbon
10333,C010334,25,Male,Lisbon
10334,C010335,32,Male,Coimbra
10335,C010336,18,Female,Lisbon
10336,C010337,62,Male,Braga
10337,C010338,40,Other,Braga
10338,C010339,60,Female,Braga
10339,C010340,30,Male,Porto
10340,C010341,53,Male,Faro
10341,C010342,59,Other,Porto
10342,C010343,40,Other,Faro
10343,C010344,34,Male,Lisbon
10344,C010345,57,Male,Braga
10345,C010346,19,Male,Faro
10346,C010347,54,Female,Faro
10347,C010348,33,Other,Faro
10348,C010349,33,Male,Coimbra
10349,C010350,28,Female,Braga
10350,C010351,59,Male,Lisbon
10351,C010352,21,Other,Braga
10352,C010353,21,Female,Lisbon
10353,C010354,43,Other,Porto
10354,C010355,35,Male,Braga
10355,C010356,23,Other,Braga
10356,C010357,40,Other,Braga
10357,C010358,41,Female,Coimbra
10358,C010359,40,Male,Faro
10359,C010360,31,Other,Faro
10360,C010361,62,Female,Porto
10361,C010362,23,Unknown,Coimbra
10362,C010363,18,Male,Coimbra
10363,C010364,47,Male,Lisbon
10364,C010365,42,Male,Braga
10365,C010366,41,Other,Lisbon
10366,C010367,37,Other,Faro
10367,C010368,34,Other,Porto
10368,C010369,21,Other,Coimbra
10369,C010370,63,Other,Coimbra
10370,C010371,34,Female,Faro
10371,C010372,30,Other,Braga
10372,C010373,31,Female,Porto
10373,C010374,39,Male,Braga
10374,C010375,20,Female,Porto
10375,C010376,25,Male,Coimbra
10376,C010377,27,Female,Lisbon
10377,C010378,68,Male,Porto
10378,C010379,44,Male,Porto
10379,C010380,69,Female,Porto
10380,C010381,32,Other,Braga
10381,C010382,34,Other,Porto
10382,C010383,43,Female,Braga
10383,C010384,35,Female,Porto
10384,C010385,65,Other,Braga
10385,C010386,48,Other,Braga
10386,C010387,63,Other,Lisbon
10387,C010388,52,Female,Coimbra
10388,C010389,29,Other,Coimbra
10389,C010390,38,Male,Porto
10390,C010391,50,Male,Braga
10391,C010392,45,Other,Porto
10392,C010393,52,Male,Coimbra
10393,C010394,35,Other,Porto
10394,C010395,31,Other,Coimbra
10395,C010396,22,Male,Porto
10396,C010397,63,Male,Faro
10397,C010398,31,Other,Lisbon
10398,C010399,40,Female,Braga
10399,C010400,51,Male,Porto
10400,C010401,36,Other,Coimbra
10401,C010402,39,Male,Braga
10402,C010403,28,Other,Porto
10403,C010404,27,Other,Braga
10404,C010405,19,Female,Lisbon
10405,C010406,69,Male,Lisbon
10406,C010407,35,Female,Faro
10407,C010408,59,Male,Porto
10408,C010409,29,Female,Lisbon
10409,C010410,67,Female,Faro
10410,C010411,38,Male,Braga
10411,C010412,61,Male,Braga
10412,C010413,17,Other,Lisbon
10413,C010414,38,Other,Coimbra
10414,C010415,55,Male,Porto
10415,C010416,41,Male,Faro
10416,C010417,59,Male,Braga
10417,C010418,40,Other,Faro
10418,C010419,35,Male,Faro
10419,C010420,46,Female,Lisbon
10420,C010421,67,Male,Braga
10421,C010422,28,Male,Porto
10422,C010423,59,Male,Faro
10423,C010424,69,Female,Braga
10424,C010425,60,Male,Coimbra
10425,C010426,48,Male,Braga
10426,C010427,44,Other,Braga
10427,C010428,69,Other,Lisbon
10428,C010429,54,Male,Braga
10429,C010430,57,Other,Braga
10430,C010431,41,Male,Coimbra
10431,C010432,58,Female,Braga
10432,C010433,69,Other,Faro
10433,C010434,32,Female,Lisbon
10434,C010435,32,Female,Braga
10435,C010436,53,Other,Porto
10436,C010437,27,Female,Lisbon
10437,C010438,68,Female,Faro
10438,C010439,49,Male,Faro
10439,C010440,18,Other,Porto
10440,C010441,20,Other,Porto
10441,C010442,27,Male,Porto
10442,C010443,28,Female,Porto
10443,C010444,20,Male,Coimbra
10444,C010445,64,Other,Faro
10445,C010446,33,Other,Faro
10446,C010447,58,Male,Faro
10447,C010448,35,Male,Coimbra
10448,C010449,41,Other,Braga
10449,C010450,60,Other,Coimbra
10450,C010451,27,Other,Lisbon
10451,C010452,21,Other,Lisbon
10452,C010453,60,Female,Coimbra
10453,C010454,21,Female,Faro
10454,C010455,41,Female,Porto
10455,C010456,47,Male,Faro
10456,C010457,58,Male,Coimbra
10457,C010458,52,Other,Faro
10458,C010459,54,Male,Porto
10459,C010460,41,Male,Lisbon
10460,C010461,16,Other,Faro
10461,C010462,36,Other,Faro
10462,C010463,55,Other,Braga
10463,C010464,44,Female,Porto
10464,C010465,26,Other,Lisbon
10465,C010466,66,Female,Faro
10466,C010467,46,Other,Faro
10467,C010468,24,Female,Braga
10468,C010469,56,Other,Lisbon
10469,C010470,62,Other,Porto
10470,C010471,23,Male,Lisbon
10471,C010472,55,Other,Porto
10472,C010473,46,Male,Braga
10473,C010474,42,Other,Lisbon
10474,C010475,52,Other,Faro
10475,C010476,65,Male,Lisbon
10476,C010477,61,Male,Lisbon
10477,C010478,58,Male,Porto
10478,C010479,27,Other,Faro
10479,C010480,45,Male,Braga
10480,C010481,38,Other,Faro
10481,C010482,59,Male,Faro
10482,C010483,55,Other,Porto
10483,C010484,62,Female,Coimbra
10484,C010485,31,Other,Faro
10485,C010486,22,Male,Braga
10486,C010487,65,Other,Coimbra
10487,C010488,20,Male,Faro
10488,C010489,65,Male,Braga
10489,C010490,42,Other,Lisbon
10490,C010491,57,Other,Faro
10491,C010492,36,Female,Porto
10492,C010493,43,Other,Braga
10493,C010494,60,Other,Lisbon
10494,C010495,69,Female,Coimbra
10495,C010496,51,Female,Lisbon
10496,C010497,63,Other,Coimbra
10497,C010498,22,Female,Faro
10498,C010499,16,Other,Braga
10499,C010500,57,Female,Lisbon
10500,C010501,17,Female,Lisbon
10501,C010502,36,Male,Lisbon
10502,C010503,37,Other,Lisbon
10503,C010504,67,Other,Coimbra
10504,C010505,41,Male,Coimbra
10505,C010506,40,Male,Braga
10506,C010507,28,Male,Coimbra
10507,C010508,40,Other,Faro
10508,C010509,17,Other,Lisbon
10509,C010510,34,Other,Porto
10510,C010511,38,Male,Faro
10511,C010512,28,Female,Porto
10512,C010513,46,Other,Faro
10513,C010514,27,Female,Faro
10514,C010515,19,Male,Porto
10515,C010516,28,Other,Lisbon
10516,C010517,36,Female,Lisbon
10517,C010518,26,Other,Coimbra
10518,C010519,65,Other,Porto
10519,C010520,26,Other,Faro
10520,C010521,23,Other,Braga
10521,C010522,18,Male,Faro
10522,C010523,17,Male,Coimbra
10523,C010524,22,Male,Lisbon
10524,C010525,29,Female,Porto
10525,C010526,36,Female,Coimbra
10526,C010527,19,Male,Coimbra
10527,C010528,61,Other,Coimbra
10528,C010529,47,Other,Coimbra
10529,C010530,66,Male,Faro
10530,C010531,48,Female,Coimbra
10531,C010532,62,Male,Coimbra
10532,C010533,58,Other,Porto
10533,C010534,50,Male,Braga
10534,C010535,32,Other,Porto
10535,C010536,48,Female,Porto
10536,C010537,58,Male,Faro
10537,C010538,43,Female,Coimbra
10538,C010539,34,Other,Braga
10539,C010540,23,Other,Braga
10540,C010541,33,Female,Faro
10541,C010542,22,Female,Porto
10542,C010543,33,Male,Coimbra
10543,C010544,49,Other,Faro
10544,C010545,29,Other,Braga
10545,C010546,53,Female,Coimbra
10546,C010547,45,Other,Braga
10547,C010548,46,Male,Lisbon
10548,C010549,44,Female,Braga
10549,C010550,36,Male,Braga
10550,C010551,34,Unknown,Braga
10551,C010552,52,Male,Porto
10552,C010553,51,Other,Lisbon
10553,C010554,56,Other,Braga
10554,C010555,16,Other,Faro
10555,C010556,44,Other,Porto
10556,C010557,20,Female,Coimbra
10557,C010558,37,Female,Coimbra
10558,C010559,17,Female,Porto
10559,C010560,54,Other,Porto
10560,C010561,67,Other,Lisbon
10561,C010562,51,Other,Faro
10562,C010563,22,Male,Lisbon
10563,C010564,67,Other,Coimbra
10564,C010565,39,Male,Faro
10565,C010566,65,Female,Porto
10566,C010567,51,Male,Braga
10567,C010568,24,Other,Lisbon
10568,C010569,20,Other,Lisbon
10569,C010570,50,Female,Coimbra
10570,C010571,50,Female,Lisbon
10571,C010572,32,Female,Lisbon
10572,C010573,51,Female,Braga
10573,C010574,38,Female,Braga
10574,C010575,58,Female,Braga
10575,C010576,25,Female,Braga
10576,C010577,30,Other,Faro
10577,C010578,30,Female,Coimbra
10578,C010579,59,Male,Coimbra
10579,C010580,44,Female,Faro
10580,C010581,47,Male,Porto
10581,C010582,45,Male,Braga
10582,C010583,50,Female,Lisbon
10583,C010584,49,Other,Braga
10584,C010585,55,Female,Faro
10585,C010586,41,Male,Faro
10586,C010587,53,Male,Faro
10587,C010588,30,Other,Braga
10588,C010589,20,Male,Lisbon
10589,C010590,18,Other,Lisbon
10590,C010591,40,Female,Porto
10591,C010592,17,Male,Faro
10592,C010593,55,Other,Braga
10593,C010594,39,Other,Braga
10594,C010595,60,Female,Porto
10595,C010596,59,Female,Coimbra
10596,C010597,48,Other,Faro
10597,C010598,56,Other,Lisbon
10598,C010599,39,Female,Faro
10599,C010600,23,Female,Lisbon
10600,C010601,32,Female,Braga
10601,C010602,29,Male,Braga
10602,C010603,35,Male,Coimbra
10603,C010604,37,Other,Faro
10604,C010605,58,Female,Braga
10605,C010606,62,Female,Faro
10606,C010607,32,Male,Porto
10607,C010608,62,Male,Lisbon
10608,C010609,61,Female,Lisbon
10609,C010610,24,Male,Coimbra
10610,C010611,37,Female,Faro
10611,C010612,60,Other,Coimbra
10612,C010613,45,Female,Lisbon
10613,C010614,29,Other,Lisbon
10614,C010615,32,Other,Faro
10615,C010616,44,Other,Faro
10616,C010617,63,Other,Lisbon
10617,C010618,45,Female,Porto
10618,C010619,31,Female,Porto
10619,C010620,51,Female,Porto
10620,C010621,20,Female,Coimbra
10621,C010622,27,Female,Braga
10622,C010623,63,Male,Lisbon
10623,C010624,19,Male,Coimbra
10624,C010625,58,Male,Braga
10625,C010626,45,Other,Faro
10626,C010627,67,Other,Braga
10627,C010628,33,Other,Coimbra
10628,C010629,68,Male,Porto
10629,C010630,16,Female,Lisbon
10630,C010631,19,Other,Faro
10631,C010632,26,Male,Braga
10632,C010633,33,Other,Coimbra
10633,C010634,18,Male,Porto
10634,C010635,30,Male,Lisbon
10635,C010636,60,Unknown,Coimbra
10636,C010637,18,Female,Coimbra
10637,C010638,53,Female,Porto
10638,C010639,55,Male,Coimbra
10639,C010640,35,Male,Porto
10640,C010641,66,Male,Lisbon
10641,C010642,46,Other,Faro
10642,C010643,23,Female,Faro
10643,C010644,65,Male,Braga
10644,C010645,38,Other,Porto
10645,C010646,55,Other,Porto
10646,C010647,49,Other,Braga
10647,C010648,55,Male,Coimbra
10648,C010649,62,Female,Porto
10649,C010650,45,Male,Faro
10650,C010651,58,Other,Porto
10651,C010652,29,Female,Faro
10652,C010653,61,Male,Porto
10653,C010654,53,Female,Faro
10654,C010655,29,Male,Braga
10655,C010656,18,Other,Coimbra
10656,C010657,67,Male,Porto
10657,C010658,61,Male,Coimbra
10658,C010659,53,Female,Lisbon
10659,C010660,51,Other,Braga
10660,C010661,17,Other,Faro
10661,C010662,68,Female,Porto
10662,C010663,51,Female,Porto
10663,C010664,22,Female,Faro
10664,C010665,58,Female,Porto
10665,C010666,49,Male,Lisbon
10666,C010667,19,Female,Lisbon
10667,C010668,25,Other,Porto
10668,C010669,29,Male,Coimbra
10669,C010670,38,Female,Braga
10670,C010671,45,Female,Braga
10671,C010672,25,Other,Lisbon
10672,C010673,38,Male,Coimbra
10673,C010674,48,Female,Coimbra
10674,C010675,22,Female,Faro
10675,C010676,63,Other,Faro
10676,C010677,45,Female,Coimbra
10677,C010678,31,Other,Faro
10678,C010679,62,Male,Braga
10679,C010680,17,Female,Coimbra
10680,C010681,32,Other,Faro
10681,C010682,58,Unknown,Coimbra
10682,C010683,36,Other,Faro
10683,C010684,35,Other,Coimbra
10684,C010685,37,Female,Lisbon
10685,C010686,37,Male,Faro
10686,C010687,62,Other,Porto
10687,C010688,44,Male,Coimbra
10688,C010689,38,Other,Faro
10689,C010690,24,Other,Faro
10690,C010691,35,Female,Braga
10691,C010692,16,Other,Porto
10692,C010693,59,Male,Faro
10693,C010694,23,Female,Braga
10694,C010695,63,Male,Braga
10695,C010696,16,Male,Porto
10696,C010697,55,Other,Faro
10697,C010698,61,Female,Lisbon
10698,C010699,33,Male,Porto
10699,C010700,21,Male,Lisbon
10700,C010701,64,Male,Coimbra
10701,C010702,56,Unknown,Faro
10702,C010703,22,Other,Coimbra
10703,C010704,69,Male,Coimbra
10704,C010705,21,Female,Coimbra
10705,C010706,31,Female,Porto
10706,C010707,65,Other,Coimbra
10707,C010708,23,Other,Braga
10708,C010709,62,Other,Faro
10709,C010710,16,Female,Coimbra
10710,C010711,43,Male,Porto
10711,C010712,37,Female,Lisbon
10712,C010713,21,Other,Coimbra
10713,C010714,35,Female,Coimbra
10714,C010715,23,Male,Faro
10715,C010716,30,Male,Coimbra
10716,C010717,63,Male,Faro
10717,C010718,58,Male,Braga
10718,C010719,22,Other,Braga
10719,C010720,58,Other,Coimbra
10720,C010721,16,Male,Coimbra
10721,C010722,35,Male,Lisbon
10722,C010723,20,Male,Faro
10723,C010724,27,Male,Porto
10724,C010725,20,Other,Porto
10725,C010726,58,Male,Faro
10726,C010727,46,Male,Coimbra
10727,C010728,50,Other,Lisbon
10728,C010729,44,Male,Coimbra
10729,C010730,22,Female,Lisbon
10730,C010731,43,Other,Braga
10731,C010732,60,Male,Porto
10732,C010733,16,Male,Braga
10733,C010734,49,Other,Lisbon
10734,C010735,44,Other,Coimbra
10735,C010736,58,Unknown,Porto
10736,C010737,58,Male,Coimbra
10737,C010738,67,Female,Faro
10738,C010739,55,Male,Lisbon
10739,C010740,34,Male,Porto
10740,C010741,48,Male,Faro
10741,C010742,44,Female,Faro
10742,C010743,56,Female,Braga
10743,C010744,67,Female,Coimbra
10744,C010745,60,Male,Lisbon
10745,C010746,58,Female,Porto
10746,C010747,56,Female,Braga
10747,C010748,26,Male,Braga
10748,C010749,30,Female,Lisbon
10749,C010750,69,Female,Lisbon
10750,C010751,20,Female,Porto
10751,C010752,18,Other,Braga
10752,C010753,30,Other,Porto
10753,C010754,21,Male,Braga
10754,C010755,59,Female,Coimbra
10755,C010756,36,Male,Coimbra
10756,C010757,54,Female,Faro
10757,C010758,51,Male,Braga
10758,C010759,61,Female,Faro
10759,C010760,22,Other,Braga
10760,C010761,63,Male,Faro
10761,C010762,18,Other,Coimbra
10762,C010763,40,Other,Lisbon
10763,C010764,66,Other,Lisbon
10764,C010765,40,Other,Lisbon
10765,C010766,22,Other,Coimbra
10766,C010767,69,Female,Porto
10767,C010768,58,Male,Lisbon
10768,C010769,56,Male,Coimbra
10769,C010770,50,Male,Lisbon
10770,C010771,53,Other,Faro
10771,C010772,65,Male,Porto
10772,C010773,69,Female,Lisbon
10773,C010774,53,Male,Faro
10774,C010775,59,Other,Porto
10775,C010776,45,Other,Porto
10776,C010777,33,Other,Faro
10777,C010778,64,Male,Lisbon
10778,C010779,44,Male,Braga
10779,C010780,35,Other,Coimbra
10780,C010781,46,Other,Braga
10781,C010782,25,Other,Porto
10782,C010783,28,Male,Porto
10783,C010784,62,Male,Porto
10784,C010785,61,Male,Faro
10785,C010786,28,Female,Porto
10786,C010787,64,Other,Coimbra
10787,C010788,22,Other,Faro
10788,C010789,20,Other,Coimbra
10789,C010790,32,Female,Lisbon
10790,C010791,39,Other,Lisbon
10791,C010792,35,Female,Faro
10792,C010793,44,Male,Coimbra
10793,C010794,64,Female,Braga
10794,C010795,53,Female,Braga
10795,C010796,36,Other,Lisbon
10796,C010797,57,Other,Porto
10797,C010798,48,Female,Porto
10798,C010799,18,Unknown,Lisbon
10799,C010800,36,Female,Lisbon
10800,C010801,69,Male,Porto
10801,C010802,36,Male,Faro
10802,C010803,53,Male,Braga
10803,C010804,23,Female,Coimbra
10804,C010805,38,Male,Faro
10805,C010806,54,Female,Porto
10806,C010807,27,Other,Lisbon
10807,C010808,57,Male,Braga
10808,C010809,44,Male,Braga
10809,C010810,65,Female,Porto
10810,C010811,65,Male,Braga
10811,C010812,51,Male,Porto
10812,C010813,27,Male,Coimbra
10813,C010814,51,Male,Faro
10814,C010815,52,Other,Braga
10815,C010816,69,Female,Braga
10816,C010817,24,Male,Lisbon
10817,C010818,33,Other,Lisbon
10818,C010819,60,Female,Lisbon
10819,C010820,34,Other,Faro
10820,C010821,47,Female,Lisbon
10821,C010822,31,Male,Porto
10822,C010823,26,Female,Porto
10823,C010824,30,Male,Coimbra
10824,C010825,47,Other,Lisbon
10825,C010826,53,Male,Faro
10826,C010827,67,Male,Faro
10827,C010828,19,Other,Porto
10828,C010829,69,Male,Faro
10829,C010830,49,Other,Coimbra
10830,C010831,52,Other,Porto
10831,C010832,16,Other,Porto
10832,C010833,62,Male,Porto
10833,C010834,23,Female,Braga
10834,C010835,18,Male,Faro
10835,C010836,53,Female,Coimbra
10836,C010837,51,Female,Lisbon
10837,C010838,24,Male,Porto
10838,C010839,66,Female,Coimbra
10839,C010840,67,Other,Coimbra
10840,C010841,22,Other,Faro
10841,C010842,69,Female,Coimbra
10842,C010843,25,Other,Braga
10843,C010844,49,Other,Porto
10844,C010845,28,Female,Faro
10845,C010846,65,Female,Faro
10846,C010847,30,Female,Braga
10847,C010848,23,Other,Porto
10848,C010849,33,Other,Braga
10849,C010850,58,Other,Faro
10850,C010851,63,Male,Lisbon
10851,C010852,30,Female,Faro
10852,C010853,32,Male,Coimbra
10853,C010854,25,Male,Braga
10854,C010855,20,Female,Braga
10855,C010856,29,Male,Lisbon
10856,C010857,35,Other,Coimbra
10857,C010858,52,Female,Coimbra
10858,C010859,20,Male,Porto
10859,C010860,50,Male,Braga
10860,C010861,21,Other,Coimbra
10861,C010862,42,Other,Coimbra
10862,C010863,20,Other,Coimbra
10863,C010864,53,Female,Lisbon
10864,C010865,51,Male,Lisbon
10865,C010866,31,Male,Faro
10866,C010867,45,Other,Lisbon
10867,C010868,43,Other,Faro
10868,C010869,53,Other,Lisbon
10869,C010870,44,Female,Faro
10870,C010871,37,Male,Braga
10871,C010872,33,Male,Lisbon
10872,C010873,20,Male,Coimbra
10873,C010874,40,Female,Faro
10874,C010875,31,Female,Braga
10875,C010876,37,Male,Coimbra
10876,C010877,49,Other,Coimbra
10877,C010878,21,Other,Coimbra
10878,C010879,44,Male,Lisbon
10879,C010880,62,Male,Faro
10880,C010881,62,Female,Faro
10881,C010882,25,Other,Porto
10882,C010883,23,Male,Coimbra
10883,C010884,37,Female,Coimbra
10884,C010885,24,Female,Lisbon
10885,C010886,18,Male,Coimbra
10886,C010887,52,Other,Lisbon
10887,C010888,68,Male,Coimbra
10888,C010889,65,Female,Lisbon
10889,C010890,44,Female,Faro
10890,C010891,36,Female,Coimbra
10891,C010892,54,Other,Coimbra
10892,C010893,46,Other,Porto
10893,C010894,38,Male,Porto
10894,C010895,24,Female,Coimbra
10895,C010896,42,Male,Faro
10896,C010897,21,Male,Coimbra
10897,C010898,32,Female,Porto
10898,C010899,40,Other,Porto
10899,C010900,66,Male,Lisbon
10900,C010901,58,Female,Porto
10901,C010902,39,Male,Faro
10902,C010903,51,Female,Braga
10903,C010904,29,Female,Coimbra
10904,C010905,44,Other,Coimbra
10905,C010906,59,Female,Coimbra
10906,C010907,36,Male,Coimbra
10907,C010908,50,Female,Coimbra
10908,C010909,16,Female,Braga
10909,C010910,39,Female,Braga
10910,C010911,57,Female,Faro
10911,C010912,30,Male,Lisbon
10912,C010913,40,Other,Porto
10913,C010914,41,Male,Braga
10914,C010915,67,Male,Lisbon
10915,C010916,16,Other,Faro
10916,C010917,66,Male,Coimbra
10917,C010918,61,Male,Faro
10918,C010919,54,Other,Lisbon
10919,C010920,63,Other,Braga
10920,C010921,32,Other,Coimbra
10921,C010922,38,Male,Lisbon
10922,C010923,19,Female,Coimbra
10923,C010924,47,Male,Lisbon
10924,C010925,66,Female,Faro
10925,C010926,46,Female,Coimbra
10926,C010927,33,Other,Braga
10927,C010928,47,Male,Coimbra
10928,C010929,67,Male,Braga
10929,C010930,42,Other,Faro
10930,C010931,22,Male,Braga
10931,C010932,41,Male,Lisbon
10932,C010933,28,Other,Coimbra
10933,C010934,25,Other,Lisbon
10934,C010935,16,Other,Porto
10935,C010936,19,Female,Faro
10936,C010937,33,Male,Porto
10937,C010938,58,Other,Faro
10938,C010939,68,Male,Braga
10939,C010940,25,Male,Braga
10940,C010941,60,Male,Coimbra
10941,C010942,40,Male,Braga
10942,C010943,69,Female,Lisbon
10943,C010944,31,Male,Braga
10944,C010945,50,Male,Braga
10945,C010946,65,Female,Faro
10946,C010947,33,Other,Coimbra
10947,C010948,19,Female,Braga
10948,C010949,65,Male,Braga
10949,C010950,28,Female,Braga
10950,C010951,38,Other,Coimbra
10951,C010952,52,Female,Porto
10952,C010953,20,Male,Porto
10953,C010954,42,Other,Faro
10954,C010955,48,Other,Coimbra
10955,C010956,28,Male,Coimbra
10956,C010957,64,Other,Coimbra
10957,C010958,46,Female,Braga
10958,C010959,59,Female,Porto
10959,C010960,39,Female,Faro
10960,C010961,40,Other,Lisbon
10961,C010962,47,Other,Braga
10962,C010963,59,Other,Lisbon
10963,C010964,32,Male,Faro
10964,C010965,26,Female,Faro
10965,C010966,35,Male,Lisbon
10966,C010967,43,Other,Braga
10967,C010968,21,Other,Faro
10968,C010969,56,Other,Braga
10969,C010970,50,Other,Faro
10970,C010971,19,Male,Porto
10971,C010972,27,Female,Faro
10972,C010973,37,Male,Braga
10973,C010974,48,Male,Coimbra
10974,C010975,24,Other,Lisbon
10975,C010976,55,Male,Coimbra
10976,C010977,37,Female,Porto
10977,C010978,47,Female,Faro
10978,C010979,26,Other,Braga
10979,C010980,44,Female,Porto
10980,C010981,55,Female,Lisbon
10981,C010982,18,Male,Porto
10982,C010983,60,Female,Faro
10983,C010984,23,Other,Faro
10984,C010985,21,Other,Faro
10985,C010986,44,Female,Braga
10986,C010987,21,Female,Porto
10987,C010988,32,Male,Braga
10988,C010989,52,Female,Braga
10989,C010990,32,Other,Braga
10990,C010991,37,Female,Porto
10991,C010992,67,Other,Faro
10992,C010993,45,Female,Coimbra
10993,C010994,65,Female,Porto
10994,C010995,55,Female,Porto
10995,C010996,53,Other,Coimbra
10996,C010997,67,Other,Coimbra
10997,C010998,40,Male,Braga
10998,C010999,21,Other,Lisbon
10999,C011000,24,Other,Faro
11000,C011001,62,Other,Faro
11001,C011002,19,Male,Faro
11002,C011003,59,Female,Porto
11003,C011004,46,Other,Lisbon
11004,C011005,57,Other,Faro
11005,C011006,68,Male,Faro
11006,C011007,44,Other,Lisbon
11007,C011008,30,Male,Lisbon
11008,C011009,43,Other,Braga
11009,C011010,24,Other,Braga
11010,C011011,59,Female,Coimbra
11011,C011012,57,Male,Braga
11012,C011013,39,Other,Lisbon
11013,C011014,27,Female,Faro
11014,C011015,45,Female,Coimbra
11015,C011016,26,Female,Lisbon
11016,C011017,29,Male,Lisbon
11017,C011018,35,Female,Braga
11018,C011019,43,Male,Coimbra
11019,C011020,23,Female,Lisbon
11020,C011021,33,Male,Coimbra
11021,C011022,53,Male,Porto
11022,C011023,41,Female,Coimbra
11023,C011024,36,Male,Faro
11024,C011025,48,Male,Lisbon
11025,C011026,47,Other,Braga
11026,C011027,35,Female,Coimbra
11027,C011028,69,Female,Faro
11028,C011029,43,Male,Coimbra
11029,C011030,66,Other,Coimbra
11030,C011031,25,Male,Lisbon
11031,C011032,69,Other,Faro
11032,C011033,50,Male,Porto
11033,C011034,18,Other,Lisbon
11034,C011035,61,Other,Porto
11035,C011036,67,Male,Faro
11036,C011037,30,Male,Coimbra
11037,C011038,29,Male,Porto
11038,C011039,17,Other,Porto
11039,C011040,66,Female,Faro
11040,C011041,45,Other,Braga
11041,C011042,18,Other,Faro
11042,C011043,48,Male,Coimbra
11043,C011044,58,Other,Porto
11044,C011045,62,Other,Coimbra
11045,C011046,53,Male,Braga
11046,C011047,55,Male,Lisbon
11047,C011048,26,Other,Faro
11048,C011049,29,Female,Faro
11049,C011050,36,Male,Coimbra
11050,C011051,18,Female,Braga
11051,C011052,22,Other,Faro
11052,C011053,47,Female,Faro
11053,C011054,60,Female,Faro
11054,C011055,65,Male,Braga
11055,C011056,23,Female,Coimbra
11056,C011057,25,Other,Coimbra
11057,C011058,43,Female,Lisbon
11058,C011059,55,Other,Porto
11059,C011060,41,Male,Braga
11060,C011061,46,Other,Coimbra
11061,C011062,36,Unknown,Braga
11062,C011063,36,Female,Lisbon
11063,C011064,35,Male,Porto
11064,C011065,29,Female,Porto
11065,C011066,39,Male,Faro
11066,C011067,64,Other,Braga
11067,C011068,40,Female,Lisbon
11068,C011069,52,Other,Braga
11069,C011070,51,Male,Lisbon
11070,C011071,59,Female,Porto
11071,C011072,55,Other,Lisbon
11072,C011073,48,Male,Porto
11073,C011074,51,Female,Faro
11074,C011075,20,Female,Coimbra
11075,C011076,43,Female,Porto
11076,C011077,23,Female,Lisbon
11077,C011078,23,Male,Faro
11078,C011079,44,Other,Lisbon
11079,C011080,69,Male,Lisbon
11080,C011081,47,Male,Porto
11081,C011082,58,Other,Porto
11082,C011083,68,Male,Coimbra
11083,C011084,42,Other,Lisbon
11084,C011085,39,Other,Coimbra
11085,C011086,52,Other,Faro
11086,C011087,48,Female,Faro
11087,C011088,42,Male,Faro
11088,C011089,53,Female,Faro
11089,C011090,67,Other,Coimbra
11090,C011091,47,Male,Faro
11091,C011092,48,Female,Coimbra
11092,C011093,61,Other,Braga
11093,C011094,37,Other,Lisbon
11094,C011095,19,Other,Coimbra
11095,C011096,17,Other,Coimbra
11096,C011097,49,Other,Braga
11097,C011098,40,Female,Porto
11098,C011099,52,Male,Porto
11099,C011100,36,Female,Braga
11100,C011101,61,Other,Porto
11101,C011102,44,Other,Lisbon
11102,C011103,31,Female,Lisbon
11103,C011104,59,Female,Braga
11104,C011105,58,Female,Porto
11105,C011106,48,Male,Braga
11106,C011107,16,Male,Faro
11107,C011108,41,Male,Lisbon
11108,C011109,46,Female,Coimbra
11109,C011110,25,Female,Coimbra
11110,C011111,53,Female,Braga
11111,C011112,27,Female,Coimbra
11112,C011113,57,Male,Lisbon
11113,C011114,34,Male,Porto
11114,C011115,35,Male,Lisbon
11115,C011116,54,Female,Porto
11116,C011117,59,Female,Porto
11117,C011118,60,Female,Braga
11118,C011119,29,Other,Lisbon
11119,C011120,64,Female,Coimbra
11120,C011121,39,Male,Porto
11121,C011122,45,Female,Coimbra
11122,C011123,35,Male,Lisbon
11123,C011124,55,Male,Lisbon
11124,C011125,55,Male,Braga
11125,C011126,69,Male,Porto
11126,C011127,54,Other,Braga
11127,C011128,49,Other,Porto
11128,C011129,43,Other,Lisbon
11129,C011130,62,Female,Faro
11130,C011131,57,Other,Coimbra
11131,C011132,22,Female,Lisbon
11132,C011133,36,Other,Coimbra
11133,C011134,43,Male,Faro
11134,C011135,54,Female,Faro
11135,C011136,28,Other,Faro
11136,C011137,63,Female,Braga
11137,C011138,34,Male,Lisbon
11138,C011139,35,Other,Coimbra
11139,C011140,26,Other,Braga
11140,C011141,38,Male,Faro
11141,C011142,52,Other,Porto
11142,C011143,68,Male,Faro
11143,C011144,55,Female,Coimbra
11144,C011145,38,Other,Coimbra
11145,C011146,66,Female,Lisbon
11146,C011147,64,Female,Porto
11147,C011148,42,Male,Lisbon
11148,C011149,45,Male,Faro
11149,C011150,49,Male,Lisbon
11150,C011151,26,Male,Faro
11151,C011152,51,Female,Porto
11152,C011153,60,Male,Lisbon
11153,C011154,35,Male,Braga
11154,C011155,29,Other,Coimbra
11155,C011156,37,Other,Lisbon
11156,C011157,33,Female,Coimbra
11157,C011158,65,Other,Lisbon
11158,C011159,57,Female,Braga
11159,C011160,37,Female,Faro
11160,C011161,28,Female,Braga
11161,C011162,26,Other,Coimbra
11162,C011163,24,Female,Faro
11163,C011164,37,Female,Porto
11164,C011165,29,Male,Braga
11165,C011166,44,Female,Coimbra
11166,C011167,65,Male,Braga
11167,C011168,62,Female,Porto
11168,C011169,27,Other,Braga
11169,C011170,61,Female,Coimbra
11170,C011171,56,Unknown,Braga
11171,C011172,47,Male,Porto
11172,C011173,19,Male,Braga
11173,C011174,57,Male,Coimbra
11174,C011175,57,Male,Faro
11175,C011176,54,Male,Faro
11176,C011177,42,Female,Lisbon
11177,C011178,21,Other,Lisbon
11178,C011179,58,Female,Coimbra
11179,C011180,47,Other,Faro
11180,C011181,61,Other,Lisbon
11181,C011182,29,Male,Braga
11182,C011183,31,Other,Braga
11183,C011184,61,Other,Lisbon
11184,C011185,24,Male,Faro
11185,C011186,33,Female,Porto
11186,C011187,16,Other,Lisbon
11187,C011188,64,Female,Lisbon
11188,C011189,47,Other,Lisbon
11189,C011190,27,Male,Coimbra
11190,C011191,48,Other,Coimbra
11191,C011192,48,Female,Faro
11192,C011193,47,Other,Lisbon
11193,C011194,19,Male,Faro
11194,C011195,64,Female,Porto
11195,C011196,53,Female,Braga
11196,C011197,22,Female,Coimbra
11197,C011198,37,Other,Coimbra
11198,C011199,53,Male,Lisbon
11199,C011200,57,Male,Porto
11200,C011201,29,Male,Braga
11201,C011202,25,Female,Coimbra
11202,C011203,64,Male,Coimbra
11203,C011204,60,Male,Lisbon
11204,C011205,64,Other,Lisbon
11205,C011206,62,Other,Coimbra
11206,C011207,34,Female,Faro
11207,C011208,50,Male,Braga
11208,C011209,49,Male,Braga
11209,C011210,61,Other,Braga
11210,C011211,63,Male,Lisbon
11211,C011212,41,Female,Faro
11212,C011213,24,Female,Faro
11213,C011214,38,Female,Porto
11214,C011215,50,Male,Faro
11215,C011216,51,Female,Lisbon
11216,C011217,16,Other,Porto
11217,C011218,48,Other,Coimbra
11218,C011219,25,Female,Faro
11219,C011220,65,Female,Braga
11220,C011221,30,Other,Braga
11221,C011222,57,Male,Faro
11222,C011223,25,Female,Coimbra
11223,C011224,43,Male,Lisbon
11224,C011225,47,Other,Porto
11225,C011226,45,Female,Porto
11226,C011227,52,Other,Coimbra
11227,C011228,67,Other,Coimbra
11228,C011229,55,Male,Faro
11229,C011230,25,Female,Coimbra
11230,C011231,20,Male,Lisbon
11231,C011232,19,Other,Braga
11232,C011233,23,Other,Coimbra
11233,C011234,48,Female,Coimbra
11234,C011235,52,Female,Porto
11235,C011236,18,Female,Faro
11236,C011237,54,Male,Coimbra
11237,C011238,25,Female,Faro
11238,C011239,28,Male,Lisbon
11239,C011240,25,Other,Braga
11240,C011241,32,Other,Braga
11241,C011242,28,Other,Faro
11242,C011243,50,Male,Porto
11243,C011244,30,Female,Coimbra
11244,C011245,57,Male,Porto
11245,C011246,53,Female,Braga
11246,C011247,55,Female,Faro
11247,C011248,23,Female,Faro
11248,C011249,50,Female,Coimbra
11249,C011250,45,Female,Faro
11250,C011251,56,Unknown,Faro
11251,C011252,45,Female,Coimbra
11252,C011253,28,Female,Lisbon
11253,C011254,60,Female,Coimbra
11254,C011255,44,Female,Lisbon
11255,C011256,46,Female,Coimbra
11256,C011257,37,Other,Lisbon
11257,C011258,34,Other,Braga
11258,C011259,36,Other,Faro
11259,C011260,50,Unknown,Faro
11260,C011261,33,Female,Braga
11261,C011262,56,Female,Coimbra
11262,C011263,31,Male,Coimbra
11263,C011264,35,Male,Braga
11264,C011265,45,Male,Porto
11265,C011266,21,Male,Coimbra
11266,C011267,16,Other,Lisbon
11267,C011268,16,Male,Lisbon
11268,C011269,27,Other,Braga
11269,C011270,46,Male,Coimbra
11270,C011271,46,Male,Faro
11271,C011272,49,Female,Lisbon
11272,C011273,51,Other,Braga
11273,C011274,31,Female,Braga
11274,C011275,69,Male,Porto
11275,C011276,19,Male,Braga
11276,C011277,31,Female,Lisbon
11277,C011278,17,Male,Coimbra
11278,C011279,51,Other,Lisbon
11279,C011280,50,Female,Lisbon
11280,C011281,46,Other,Braga
11281,C011282,28,Female,Faro
11282,C011283,48,Other,Lisbon
11283,C011284,66,Other,Faro
11284,C011285,68,Male,Lisbon
11285,C011286,58,Other,Braga
11286,C011287,37,Female,Porto
11287,C011288,52,Other,Lisbon
11288,C011289,40,Male,Coimbra
11289,C011290,39,Female,Faro
11290,C011291,48,Female,Faro
11291,C011292,28,Male,Porto
11292,C011293,27,Male,Porto
11293,C011294,65,Other,Porto
11294,C011295,21,Male,Coimbra
11295,C011296,35,Female,Braga
11296,C011297,57,Male,Porto
11297,C011298,64,Male,Porto
11298,C011299,40,Male,Coimbra
11299,C011300,36,Male,Faro
11300,C011301,51,Other,Coimbra
11301,C011302,37,Female,Lisbon
11302,C011303,51,Female,Braga
11303,C011304,61,Male,Braga
11304,C011305,69,Male,Faro
11305,C011306,58,Male,Lisbon
11306,C011307,60,Other,Coimbra
11307,C011308,55,Other,Lisbon
11308,C011309,65,Female,Braga
11309,C011310,56,Male,Lisbon
11310,C011311,38,Other,Braga
11311,C011312,68,Other,Braga
11312,C011313,54,Male,Coimbra
11313,C011314,44,Female,Braga
11314,C011315,64,Female,Porto
11315,C011316,17,Other,Braga
11316,C011317,34,Other,Porto
11317,C011318,39,Other,Porto
11318,C011319,39,Other,Faro
11319,C011320,23,Other,Coimbra
11320,C011321,32,Male,Faro
11321,C011322,40,Other,Porto
11322,C011323,66,Other,Braga
11323,C011324,69,Male,Braga
11324,C011325,46,Other,Faro
11325,C011326,20,Male,Coimbra
11326,C011327,38,Other,Lisbon
11327,C011328,16,Other,Coimbra
11328,C011329,59,Other,Porto
11329,C011330,62,Other,Lisbon
11330,C011331,40,Male,Braga
11331,C011332,18,Other,Lisbon
11332,C011333,35,Female,Faro
11333,C011334,69,Other,Coimbra
11334,C011335,24,Unknown,Porto
11335,C011336,35,Female,Lisbon
11336,C011337,25,Female,Porto
11337,C011338,25,Other,Lisbon
11338,C011339,17,Female,Coimbra
11339,C011340,30,Male,Faro
11340,C011341,33,Male,Faro
11341,C011342,53,Other,Coimbra
11342,C011343,36,Male,Braga
11343,C011344,27,Unknown,Porto
11344,C011345,49,Female,Braga
11345,C011346,46,Male,Lisbon
11346,C011347,22,Female,Braga
11347,C011348,64,Other,Porto
11348,C011349,50,Male,Faro
11349,C011350,52,Male,Porto
11350,C011351,19,Other,Lisbon
11351,C011352,62,Unknown,Faro
11352,C011353,48,Female,Braga
11353,C011354,56,Male,Lisbon
11354,C011355,42,Male,Faro
11355,C011356,23,Male,Faro
11356,C011357,27,Other,Porto
11357,C011358,31,Female,Faro
11358,C011359,26,Female,Faro
11359,C011360,16,Female,Lisbon
11360,C011361,56,Other,Faro
11361,C011362,59,Other,Faro
11362,C011363,66,Other,Porto
11363,C011364,53,Other,Porto
11364,C011365,52,Male,Faro
11365,C011366,53,Male,Coimbra
11366,C011367,30,Male,Coimbra
11367,C011368,23,Other,Porto
11368,C011369,24,Male,Coimbra
11369,C011370,69,Other,Braga
11370,C011371,69,Female,Faro
11371,C011372,44,Female,Faro
11372,C011373,23,Other,Lisbon
11373,C011374,16,Female,Braga
11374,C011375,33,Male,Lisbon
11375,C011376,21,Other,Porto
11376,C011377,55,Female,Lisbon
11377,C011378,42,Other,Lisbon
11378,C011379,39,Female,Lisbon
11379,C011380,23,Other,Porto
11380,C011381,58,Female,Faro
11381,C011382,17,Female,Porto
11382,C011383,65,Female,Faro
11383,C011384,22,Male,Porto
11384,C011385,55,Other,Faro
11385,C011386,57,Male,Porto
11386,C011387,54,Female,Coimbra
11387,C011388,25,Female,Faro
11388,C011389,55,Other,Lisbon
11389,C011390,27,Other,Coimbra
11390,C011391,50,Female,Coimbra
11391,C011392,18,Female,Braga
11392,C011393,54,Other,Faro
11393,C011394,24,Other,Porto
11394,C011395,19,Male,Coimbra
11395,C011396,68,Male,Faro
11396,C011397,51,Female,Faro
11397,C011398,66,Other,Faro
11398,C011399,34,Other,Faro
11399,C011400,32,Male,Porto
11400,C011401,17,Other,Faro
11401,C011402,51,Female,Lisbon
11402,C011403,46,Female,Faro
11403,C011404,61,Male,Lisbon
11404,C011405,20,Other,Porto
11405,C011406,16,Other,Coimbra
11406,C011407,51,Female,Faro
11407,C011408,59,Other,Coimbra
11408,C011409,62,Female,Faro
11409,C011410,52,Male,Porto
11410,C011411,27,Female,Coimbra
11411,C011412,63,Other,Porto
11412,C011413,19,Male,Coimbra
11413,C011414,69,Female,Lisbon
11414,C011415,54,Male,Lisbon
11415,C011416,22,Other,Lisbon
11416,C011417,64,Female,Braga
11417,C011418,26,Male,Braga
11418,C011419,67,Female,Lisbon
11419,C011420,65,Male,Faro
11420,C011421,20,Female,Faro
11421,C011422,44,Female,Coimbra
11422,C011423,18,Male,Braga
11423,C011424,57,Female,Coimbra
11424,C011425,64,Male,Faro
11425,C011426,67,Male,Porto
11426,C011427,27,Other,Lisbon
11427,C011428,61,Female,Braga
11428,C011429,22,Male,Braga
11429,C011430,38,Female,Coimbra
11430,C011431,42,Female,Coimbra
11431,C011432,48,Male,Porto
11432,C011433,58,Male,Coimbra
11433,C011434,27,Other,Lisbon
11434,C011435,51,Male,Faro
11435,C011436,60,Male,Faro
11436,C011437,29,Male,Faro
11437,C011438,55,Female,Coimbra
11438,C011439,44,Unknown,Faro
11439,C011440,55,Female,Braga
11440,C011441,50,Female,Braga
11441,C011442,46,Other,Porto
11442,C011443,69,Female,Porto
11443,C011444,62,Male,Lisbon
11444,C011445,23,Other,Lisbon
11445,C011446,31,Other,Braga
11446,C011447,55,Male,Faro
11447,C011448,54,Male,Coimbra
11448,C011449,44,Other,Coimbra
11449,C011450,40,Male,Faro
11450,C011451,25,Other,Coimbra
11451,C011452,42,Other,Lisbon
11452,C011453,19,Male,Lisbon
11453,C011454,30,Female,Braga
11454,C011455,20,Other,Lisbon
11455,C011456,54,Male,Lisbon
11456,C011457,32,Other,Coimbra
11457,C011458,47,Other,Lisbon
11458,C011459,36,Other,Coimbra
11459,C011460,37,Other,Lisbon
11460,C011461,30,Female,Porto
11461,C011462,50,Female,Faro
11462,C011463,57,Male,Lisbon
11463,C011464,33,Male,Faro
11464,C011465,63,Female,Porto
11465,C011466,47,Other,Porto
11466,C011467,39,Male,Porto
11467,C011468,20,Male,Lisbon
11468,C011469,39,Male,Coimbra
11469,C011470,18,Other,Lisbon
11470,C011471,28,Other,Lisbon
11471,C011472,62,Other,Lisbon
11472,C011473,57,Male,Porto
11473,C011474,32,Male,Lisbon
11474,C011475,67,Female,Lisbon
11475,C011476,48,Other,Faro
11476,C011477,37,Other,Braga
11477,C011478,32,Other,Braga
11478,C011479,32,Male,Braga
11479,C011480,32,Male,Braga
11480,C011481,39,Other,Porto
11481,C011482,55,Unknown,Braga
11482,C011483,57,Other,Porto
11483,C011484,17,Male,Porto
11484,C011485,34,Male,Lisbon
11485,C011486,42,Male,Porto
11486,C011487,54,Female,Porto
11487,C011488,61,Other,Faro
11488,C011489,41,Male,Coimbra
11489,C011490,54,Male,Faro
11490,C011491,25,Female,Faro
11491,C011492,50,Male,Coimbra
11492,C011493,29,Other,Braga
11493,C011494,27,Female,Lisbon
11494,C011495,46,Male,Porto
11495,C011496,44,Female,Coimbra
11496,C011497,29,Female,Faro
11497,C011498,35,Other,Lisbon
11498,C011499,58,Other,Lisbon
11499,C011500,51,Other,Coimbra
11500,C011501,43,Male,Coimbra
11501,C011502,66,Other,Braga
11502,C011503,47,Male,Braga
11503,C011504,39,Other,Coimbra
11504,C011505,51,Male,Lisbon
11505,C011506,62,Male,Coimbra
11506,C011507,17,Male,Faro
11507,C011508,38,Other,Coimbra
11508,C011509,37,Female,Lisbon
11509,C011510,62,Male,Faro
11510,C011511,49,Male,Coimbra
11511,C011512,46,Male,Coimbra
11512,C011513,39,Other,Lisbon
11513,C011514,64,Male,Porto
11514,C011515,37,Male,Braga
11515,C011516,53,Male,Porto
11516,C011517,46,Female,Porto
11517,C011518,63,Female,Lisbon
11518,C011519,42,Male,Faro
11519,C011520,59,Other,Lisbon
11520,C011521,51,Unknown,Porto
11521,C011522,42,Female,Lisbon
11522,C011523,52,Male,Faro
11523,C011524,31,Female,Faro
11524,C011525,69,Male,Porto
11525,C011526,53,Female,Porto
11526,C011527,33,Female,Coimbra
11527,C011528,28,Male,Faro
11528,C011529,53,Male,Faro
11529,C011530,16,Male,Lisbon
11530,C011531,23,Female,Porto
11531,C011532,42,Male,Coimbra
11532,C011533,57,Other,Porto
11533,C011534,20,Female,Faro
11534,C011535,44,Other,Porto
11535,C011536,66,Other,Faro
11536,C011537,61,Female,Coimbra
11537,C011538,29,Female,Lisbon
11538,C011539,32,Other,Faro
11539,C011540,23,Other,Lisbon
11540,C011541,18,Other,Coimbra
11541,C011542,55,Female,Porto
11542,C011543,26,Other,Porto
11543,C011544,18,Other,Coimbra
11544,C011545,17,Female,Porto
11545,C011546,58,Other,Faro
11546,C011547,53,Female,Faro
11547,C011548,51,Female,Coimbra
11548,C011549,36,Other,Coimbra
11549,C011550,38,Female,Coimbra
11550,C011551,69,Female,Lisbon
11551,C011552,17,Female,Lisbon
11552,C011553,68,Other,Braga
11553,C011554,64,Male,Lisbon
11554,C011555,66,Male,Faro
11555,C011556,63,Other,Coimbra
11556,C011557,45,Female,Porto
11557,C011558,22,Male,Porto
11558,C011559,35,Male,Faro
11559,C011560,41,Male,Braga
11560,C011561,16,Other,Lisbon
11561,C011562,22,Male,Faro
11562,C011563,62,Female,Coimbra
11563,C011564,19,Other,Faro
11564,C011565,18,Male,Braga
11565,C011566,30,Other,Faro
11566,C011567,18,Other,Porto
11567,C011568,54,Female,Braga
11568,C011569,62,Other,Braga
11569,C011570,30,Male,Faro
11570,C011571,49,Female,Porto
11571,C011572,27,Other,Lisbon
11572,C011573,57,Female,Braga
11573,C011574,34,Female,Faro
11574,C011575,45,Female,Porto
11575,C011576,66,Other,Braga
11576,C011577,39,Other,Coimbra
11577,C011578,31,Female,Coimbra
11578,C011579,49,Other,Braga
11579,C011580,49,Female,Braga
11580,C011581,28,Male,Porto
11581,C011582,57,Male,Braga
11582,C011583,26,Male,Porto
11583,C011584,67,Female,Braga
11584,C011585,30,Female,Porto
11585,C011586,62,Other,Coimbra
11586,C011587,34,Female,Braga
11587,C011588,61,Female,Faro
11588,C011589,19,Female,Lisbon
11589,C011590,25,Female,Faro
11590,C011591,26,Male,Porto
11591,C011592,41,Male,Faro
11592,C011593,21,Male,Porto
11593,C011594,58,Other,Lisbon
11594,C011595,55,Female,Coimbra
11595,C011596,25,Male,Faro
11596,C011597,23,Female,Coimbra
11597,C011598,16,Other,Porto
11598,C011599,40,Male,Braga
11599,C011600,57,Female,Porto
11600,C011601,49,Male,Porto
11601,C011602,27,Other,Porto
11602,C011603,43,Female,Coimbra
11603,C011604,60,Male,Coimbra
11604,C011605,20,Female,Faro
11605,C011606,62,Female,Porto
11606,C011607,69,Male,Braga
11607,C011608,57,Male,Porto
11608,C011609,20,Other,Porto
11609,C011610,56,Male,Coimbra
11610,C011611,36,Female,Lisbon
11611,C011612,33,Unknown,Porto
11612,C011613,46,Female,Faro
11613,C011614,63,Male,Lisbon
11614,C011615,31,Other,Braga
11615,C011616,16,Male,Faro
11616,C011617,32,Female,Porto
11617,C011618,64,Other,Coimbra
11618,C011619,32,Female,Coimbra
11619,C011620,42,Other,Braga
11620,C011621,52,Male,Braga
11621,C011622,68,Male,Braga
11622,C011623,43,Other,Coimbra
11623,C011624,50,Male,Porto
11624,C011625,17,Other,Coimbra
11625,C011626,58,Other,Lisbon
11626,C011627,37,Other,Lisbon
11627,C011628,65,Other,Braga
11628,C011629,49,Other,Faro
11629,C011630,38,Male,Lisbon
11630,C011631,53,Other,Porto
11631,C011632,35,Other,Braga
11632,C011633,59,Female,Braga
11633,C011634,32,Female,Porto
11634,C011635,31,Female,Coimbra
11635,C011636,27,Other,Faro
11636,C011637,41,Male,Faro
11637,C011638,44,Other,Faro
11638,C011639,38,Other,Braga
11639,C011640,65,Other,Lisbon
11640,C011641,56,Female,Braga
11641,C011642,17,Other,Faro
11642,C011643,20,Unknown,Coimbra
11643,C011644,19,Female,Porto
11644,C011645,67,Male,Porto
11645,C011646,67,Female,Lisbon
11646,C011647,50,Male,Lisbon
11647,C011648,42,Male,Braga
11648,C011649,52,Female,Coimbra
11649,C011650,69,Other,Coimbra
11650,C011651,64,Female,Faro
11651,C011652,20,Female,Faro
11652,C011653,17,Female,Braga
11653,C011654,31,Female,Coimbra
11654,C011655,57,Female,Faro
11655,C011656,42,Male,Coimbra
11656,C011657,19,Male,Porto
11657,C011658,42,Other,Lisbon
11658,C011659,46,Other,Porto
11659,C011660,22,Female,Faro
11660,C011661,22,Female,Faro
11661,C011662,42,Male,Lisbon
11662,C011663,33,Female,Lisbon
11663,C011664,42,Female,Braga
11664,C011665,20,Other,Lisbon
11665,C011666,36,Male,Faro
11666,C011667,42,Female,Coimbra
11667,C011668,61,Male,Braga
11668,C011669,40,Other,Coimbra
11669,C011670,54,Other,Lisbon
11670,C011671,62,Unknown,Lisbon
11671,C011672,61,Other,Lisbon
11672,C011673,42,Male,Lisbon
11673,C011674,57,Male,Porto
11674,C011675,59,Female,Lisbon
11675,C011676,34,Female,Braga
11676,C011677,37,Female,Porto
11677,C011678,26,Female,Lisbon
11678,C011679,18,Other,Lisbon
11679,C011680,34,Other,Faro
11680,C011681,25,Male,Braga
11681,C011682,62,Female,Faro
11682,C011683,20,Other,Braga
11683,C011684,30,Male,Lisbon
11684,C011685,47,Unknown,Coimbra
11685,C011686,28,Other,Lisbon
11686,C011687,20,Male,Braga
11687,C011688,37,Other,Braga
11688,C011689,59,Other,Lisbon
11689,C011690,19,Unknown,Porto
11690,C011691,54,Male,Coimbra
11691,C011692,52,Male,Coimbra
11692,C011693,56,Other,Lisbon
11693,C011694,57,Male,Braga
11694,C011695,25,Other,Porto
11695,C011696,65,Other,Lisbon
11696,C011697,53,Other,Braga
11697,C011698,44,Female,Faro
11698,C011699,48,Other,Lisbon
11699,C011700,65,Other,Porto
11700,C011701,34,Other,Lisbon
11701,C011702,42,Other,Lisbon
11702,C011703,29,Male,Lisbon
11703,C011704,43,Female,Porto
11704,C011705,19,Other,Porto
11705,C011706,32,Other,Braga
11706,C011707,69,Other,Braga
11707,C011708,25,Other,Braga
11708,C011709,52,Male,Lisbon
11709,C011710,52,Female,Lisbon
11710,C011711,67,Other,Coimbra
11711,C011712,23,Other,Porto
11712,C011713,34,Other,Lisbon
11713,C011714,66,Female,Braga
11714,C011715,21,Male,Porto
11715,C011716,64,Female,Faro
11716,C011717,51,Other,Faro
11717,C011718,27,Other,Faro
11718,C011719,50,Female,Lisbon
11719,C011720,17,Other,Braga
11720,C011721,65,Other,Lisbon
11721,C011722,48,Female,Lisbon
11722,C011723,61,Female,Porto
11723,C011724,18,Female,Porto
11724,C011725,67,Other,Lisbon
11725,C011726,51,Other,Braga
11726,C011727,47,Male,Coimbra
11727,C011728,46,Female,Porto
11728,C011729,67,Male,Faro
11729,C011730,52,Male,Faro
11730,C011731,37,Male,Lisbon
11731,C011732,55,Other,Braga
11732,C011733,62,Other,Coimbra
11733,C011734,22,Other,Coimbra
11734,C011735,27,Male,Lisbon
11735,C011736,33,Female,Faro
11736,C011737,59,Other,Porto
11737,C011738,38,Male,Faro
11738,C011739,57,Other,Coimbra
11739,C011740,38,Male,Lisbon
11740,C011741,40,Male,Porto
11741,C011742,52,Other,Braga
11742,C011743,39,Male,Porto
11743,C011744,33,Male,Faro
11744,C011745,61,Other,Lisbon
11745,C011746,25,Male,Lisbon
11746,C011747,23,Female,Faro
11747,C011748,23,Male,Coimbra
11748,C011749,34,Male,Faro
11749,C011750,23,Female,Lisbon
11750,C011751,42,Other,Lisbon
11751,C011752,53,Male,Braga
11752,C011753,55,Other,Coimbra
11753,C011754,53,Male,Coimbra
11754,C011755,16,Other,Lisbon
11755,C011756,28,Other,Lisbon
11756,C011757,62,Male,Lisbon
11757,C011758,25,Other,Lisbon
11758,C011759,58,Other,Lisbon
11759,C011760,61,Male,Lisbon
11760,C011761,17,Female,Coimbra
11761,C011762,36,Female,Porto
11762,C011763,37,Other,Faro
11763,C011764,59,Other,Braga
11764,C011765,62,Female,Braga
11765,C011766,44,Female,Coimbra
11766,C011767,64,Other,Lisbon
11767,C011768,29,Female,Braga
11768,C011769,33,Male,Porto
11769,C011770,42,Male,Lisbon
11770,C011771,59,Female,Lisbon
11771,C011772,26,Other,Coimbra
11772,C011773,36,Male,Porto
11773,C011774,34,Male,Faro
11774,C011775,43,Male,Faro
11775,C011776,56,Male,Faro
11776,C011777,53,Female,Porto
11777,C011778,56,Male,Coimbra
11778,C011779,68,Female,Porto
11779,C011780,39,Female,Braga
11780,C011781,66,Male,Lisbon
11781,C011782,39,Male,Coimbra
11782,C011783,59,Other,Lisbon
11783,C011784,49,Female,Faro
11784,C011785,19,Male,Braga
11785,C011786,36,Male,Porto
11786,C011787,47,Other,Braga
11787,C011788,59,Female,Lisbon
11788,C011789,53,Other,Braga
11789,C011790,44,Male,Faro
11790,C011791,16,Other,Lisbon
11791,C011792,68,Male,Braga
11792,C011793,25,Other,Braga
11793,C011794,16,Other,Porto
11794,C011795,33,Male,Faro
11795,C011796,19,Female,Faro
11796,C011797,22,Male,Porto
11797,C011798,30,Female,Porto
11798,C011799,58,Other,Coimbra
11799,C011800,28,Female,Lisbon
11800,C011801,29,Male,Faro
11801,C011802,18,Male,Braga
11802,C011803,45,Other,Coimbra
11803,C011804,27,Other,Faro
11804,C011805,50,Female,Braga
11805,C011806,68,Female,Lisbon
11806,C011807,22,Male,Coimbra
11807,C011808,62,Female,Faro
11808,C011809,27,Male,Coimbra
11809,C011810,65,Female,Lisbon
11810,C011811,30,Female,Lisbon
11811,C011812,36,Other,Porto
11812,C011813,26,Male,Lisbon
11813,C011814,30,Other,Porto
11814,C011815,66,Male,Lisbon
11815,C011816,54,Female,Faro
11816,C011817,43,Female,Lisbon
11817,C011818,63,Male,Coimbra
11818,C011819,20,Other,Braga
11819,C011820,25,Female,Porto
11820,C011821,52,Other,Braga
11821,C011822,49,Other,Faro
11822,C011823,69,Other,Porto
11823,C011824,40,Other,Braga
11824,C011825,50,Male,Faro
11825,C011826,51,Other,Porto
11826,C011827,67,Other,Porto
11827,C011828,19,Other,Porto
11828,C011829,61,Other,Faro
11829,C011830,24,Female,Faro
11830,C011831,38,Other,Faro
11831,C011832,35,Female,Coimbra
11832,C011833,20,Male,Lisbon
11833,C011834,29,Female,Porto
11834,C011835,33,Other,Porto
11835,C011836,28,Female,Braga
11836,C011837,61,Other,Lisbon
11837,C011838,42,Male,Faro
11838,C011839,35,Female,Coimbra
11839,C011840,34,Other,Coimbra
11840,C011841,25,Other,Coimbra
11841,C011842,45,Female,Porto
11842,C011843,41,Other,Faro
11843,C011844,24,Female,Porto
11844,C011845,45,Male,Coimbra
11845,C011846,51,Other,Porto
11846,C011847,23,Female,Braga
11847,C011848,69,Female,Coimbra
11848,C011849,57,Male,Porto
11849,C011850,41,Male,Faro
11850,C011851,38,Other,Porto
11851,C011852,34,Female,Porto
11852,C011853,42,Female,Lisbon
11853,C011854,59,Female,Braga
11854,C011855,29,Male,Lisbon
11855,C011856,16,Other,Porto
11856,C011857,69,Female,Braga
11857,C011858,25,Female,Lisbon
11858,C011859,61,Female,Lisbon
11859,C011860,51,Female,Porto
11860,C011861,28,Female,Faro
11861,C011862,60,Female,Lisbon
11862,C011863,51,Female,Braga
11863,C011864,44,Other,Coimbra
11864,C011865,28,Other,Braga
11865,C011866,40,Female,Faro
11866,C011867,44,Other,Braga
11867,C011868,19,Female,Lisbon
11868,C011869,51,Male,Faro
11869,C011870,64,Other,Lisbon
11870,C011871,65,Male,Lisbon
11871,C011872,36,Other,Porto
11872,C011873,68,Female,Coimbra
11873,C011874,65,Female,Lisbon
11874,C011875,44,Female,Porto
11875,C011876,55,Male,Coimbra
11876,C011877,17,Female,Porto
11877,C011878,60,Male,Coimbra
11878,C011879,32,Other,Faro
11879,C011880,69,Male,Porto
11880,C011881,33,Male,Lisbon
11881,C011882,22,Female,Faro
11882,C011883,34,Female,Coimbra
11883,C011884,16,Other,Braga
11884,C011885,58,Female,Coimbra
11885,C011886,35,Other,Braga
11886,C011887,39,Other,Faro
11887,C011888,65,Female,Faro
11888,C011889,46,Male,Braga
11889,C011890,26,Other,Coimbra
11890,C011891,42,Male,Coimbra
11891,C011892,29,Male,Braga
11892,C011893,59,Male,Coimbra
11893,C011894,21,Female,Faro
11894,C011895,19,Other,Porto
11895,C011896,42,Male,Braga
11896,C011897,60,Male,Faro
11897,C011898,49,Female,Lisbon
11898,C011899,46,Other,Porto
11899,C011900,21,Male,Porto
11900,C011901,63,Female,Lisbon
11901,C011902,42,Female,Braga
11902,C011903,22,Male,Braga
11903,C011904,26,Female,Coimbra
11904,C011905,63,Female,Faro
11905,C011906,46,Male,Coimbra
11906,C011907,49,Male,Braga
11907,C011908,62,Female,Faro
11908,C011909,61,Female,Porto
11909,C011910,21,Female,Coimbra
11910,C011911,63,Female,Braga
11911,C011912,51,Male,Lisbon
11912,C011913,57,Male,Faro
11913,C011914,31,Female,Coimbra
11914,C011915,26,Other,Coimbra
11915,C011916,31,Female,Lisbon
11916,C011917,22,Other,Braga
11917,C011918,30,Other,Faro
11918,C011919,23,Other,Braga
11919,C011920,39,Female,Lisbon
11920,C011921,25,Other,Lisbon
11921,C011922,41,Male,Braga
11922,C011923,48,Female,Faro
11923,C011924,50,Other,Lisbon
11924,C011925,56,Female,Faro
11925,C011926,67,Other,Lisbon
11926,C011927,24,Female,Braga
11927,C011928,44,Male,Faro
11928,C011929,21,Male,Porto
11929,C011930,24,Female,Braga
11930,C011931,17,Male,Porto
11931,C011932,31,Female,Lisbon
11932,C011933,20,Other,Coimbra
11933,C011934,61,Male,Porto
11934,C011935,36,Female,Lisbon
11935,C011936,48,Male,Coimbra
11936,C011937,52,Female,Coimbra
11937,C011938,40,Female,Lisbon
11938,C011939,29,Female,Lisbon
11939,C011940,28,Other,Lisbon
11940,C011941,25,Male,Lisbon
11941,C011942,44,Male,Lisbon
11942,C011943,57,Male,Lisbon
11943,C011944,25,Male,Coimbra
11944,C011945,60,Male,Coimbra
11945,C011946,61,Other,Faro
11946,C011947,57,Male,Lisbon
11947,C011948,36,Female,Braga
11948,C011949,68,Male,Braga
11949,C011950,37,Other,Braga
11950,C011951,20,Other,Porto
11951,C011952,49,Male,Faro
11952,C011953,66,Other,Faro
11953,C011954,31,Other,Coimbra
11954,C011955,49,Male,Faro
11955,C011956,28,Other,Lisbon
11956,C011957,62,Male,Braga
11957,C011958,34,Male,Faro
11958,C011959,56,Other,Porto
11959,C011960,43,Female,Braga
11960,C011961,68,Male,Lisbon
11961,C011962,55,Other,Porto
11962,C011963,37,Male,Coimbra
11963,C011964,30,Female,Coimbra
11964,C011965,51,Other,Lisbon
11965,C011966,53,Male,Porto
11966,C011967,38,Female,Porto
11967,C011968,33,Other,Braga
11968,C011969,54,Other,Braga
11969,C011970,25,Female,Coimbra
11970,C011971,68,Male,Porto
11971,C011972,17,Female,Porto
11972,C011973,20,Female,Coimbra
11973,C011974,16,Other,Coimbra
11974,C011975,58,Male,Faro
11975,C011976,61,Male,Porto
11976,C011977,35,Other,Lisbon
11977,C011978,18,Male,Porto
11978,C011979,48,Male,Porto
11979,C011980,34,Female,Lisbon
11980,C011981,40,Female,Braga
11981,C011982,39,Male,Coimbra
11982,C011983,58,Other,Lisbon
11983,C011984,16,Male,Porto
11984,C011985,26,Male,Braga
11985,C011986,30,Other,Lisbon
11986,C011987,67,Other,Faro
11987,C011988,28,Other,Lisbon
11988,C011989,25,Female,Faro
11989,C011990,19,Other,Porto
11990,C011991,23,Other,Lisbon
11991,C011992,46,Female,Coimbra
11992,C011993,52,Female,Lisbon
11993,C011994,66,Female,Lisbon
11994,C011995,58,Male,Braga
11995,C011996,46,Male,Coimbra
11996,C011997,43,Other,Faro
11997,C011998,19,Female,Lisbon
11998,C011999,55,Other,Coimbra
11999,C012000,66,Female,Lisbon
12000,C012001,17,Female,Faro
12001,C012002,61,Female,Coimbra
12002,C012003,63,Other,Coimbra
12003,C012004,58,Other,Braga
12004,C012005,21,Female,Lisbon
12005,C012006,69,Other,Lisbon
12006,C012007,50,Female,Coimbra
12007,C012008,34,Female,Coimbra
12008,C012009,48,Male,Lisbon
12009,C012010,23,Female,Porto
12010,C012011,23,Other,Braga
12011,C012012,44,Female,Porto
12012,C012013,69,Unknown,Porto
12013,C012014,18,Male,Faro
12014,C012015,41,Female,Coimbra
12015,C012016,57,Other,Faro
12016,C012017,35,Male,Braga
12017,C012018,66,Female,Lisbon
12018,C012019,62,Female,Braga
12019,C012020,35,Female,Coimbra
12020,C012021,51,Other,Lisbon
12021,C012022,54,Other,Coimbra
12022,C012023,27,Male,Lisbon
12023,C012024,59,Other,Faro
12024,C012025,36,Other,Coimbra
12025,C012026,22,Male,Lisbon
12026,C012027,54,Other,Braga
12027,C012028,66,Female,Coimbra
12028,C012029,48,Other,Faro
12029,C012030,53,Female,Braga
12030,C012031,25,Other,Porto
12031,C012032,51,Other,Coimbra
12032,C012033,50,Other,Lisbon
12033,C012034,21,Male,Lisbon
12034,C012035,29,Other,Coimbra
12035,C012036,43,Male,Lisbon
12036,C012037,45,Female,Lisbon
12037,C012038,51,Other,Coimbra
12038,C012039,35,Male,Coimbra
12039,C012040,52,Female,Porto
12040,C012041,25,Other,Lisbon
12041,C012042,43,Male,Braga
12042,C012043,67,Female,Faro
12043,C012044,52,Male,Coimbra
12044,C012045,63,Other,Faro
12045,C012046,16,Male,Porto
12046,C012047,38,Other,Porto
12047,C012048,18,Female,Braga
12048,C012049,21,Other,Lisbon
12049,C012050,54,Male,Lisbon
12050,C012051,44,Female,Porto
12051,C012052,19,Male,Lisbon
12052,C012053,33,Female,Lisbon
12053,C012054,20,Male,Porto
12054,C012055,59,Female,Lisbon
12055,C012056,61,Male,Faro
12056,C012057,43,Male,Braga
12057,C012058,55,Other,Faro
12058,C012059,55,Female,Lisbon
12059,C012060,57,Other,Porto
12060,C012061,69,Other,Faro
12061,C012062,37,Other,Coimbra
12062,C012063,22,Female,Coimbra
12063,C012064,21,Female,Coimbra
12064,C012065,52,Male,Lisbon
12065,C012066,26,Female,Lisbon
12066,C012067,39,Female,Lisbon
12067,C012068,46,Other,Porto
12068,C012069,44,Other,Lisbon
12069,C012070,66,Male,Coimbra
12070,C012071,60,Other,Lisbon
12071,C012072,69,Female,Lisbon
12072,C012073,50,Female,Lisbon
12073,C012074,17,Female,Porto
12074,C012075,43,Male,Faro
12075,C012076,26,Other,Porto
12076,C012077,51,Male,Porto
12077,C012078,44,Other,Porto
12078,C012079,36,Other,Faro
12079,C012080,26,Male,Porto
12080,C012081,60,Male,Faro
12081,C012082,25,Male,Lisbon
12082,C012083,28,Other,Porto
12083,C012084,29,Female,Lisbon
12084,C012085,58,Male,Lisbon
12085,C012086,32,Female,Faro
12086,C012087,64,Male,Faro
12087,C012088,60,Other,Lisbon
12088,C012089,45,Female,Braga
12089,C012090,25,Male,Coimbra
12090,C012091,52,Other,Porto
12091,C012092,25,Male,Coimbra
12092,C012093,65,Other,Braga
12093,C012094,45,Other,Coimbra
12094,C012095,16,Female,Faro
12095,C012096,55,Male,Braga
12096,C012097,19,Other,Lisbon
12097,C012098,21,Female,Coimbra
12098,C012099,34,Other,Faro
12099,C012100,42,Male,Braga
12100,C012101,26,Other,Faro
12101,C012102,45,Male,Braga
12102,C012103,44,Female,Lisbon
12103,C012104,27,Male,Coimbra
12104,C012105,22,Female,Coimbra
12105,C012106,19,Other,Coimbra
12106,C012107,56,Female,Porto
12107,C012108,21,Female,Coimbra
12108,C012109,41,Female,Braga
12109,C012110,49,Male,Porto
12110,C012111,58,Male,Lisbon
12111,C012112,34,Female,Coimbra
12112,C012113,35,Female,Braga
12113,C012114,69,Other,Coimbra
12114,C012115,55,Female,Braga
12115,C012116,40,Other,Porto
12116,C012117,35,Other,Coimbra
12117,C012118,56,Other,Braga
12118,C012119,18,Other,Faro
12119,C012120,60,Male,Coimbra
12120,C012121,68,Male,Braga
12121,C012122,31,Male,Coimbra
12122,C012123,36,Female,Porto
12123,C012124,44,Male,Faro
12124,C012125,62,Other,Faro
12125,C012126,37,Other,Lisbon
12126,C012127,36,Male,Lisbon
12127,C012128,26,Other,Faro
12128,C012129,64,Female,Braga
12129,C012130,45,Male,Porto
12130,C012131,60,Female,Braga
12131,C012132,59,Female,Coimbra
12132,C012133,39,Female,Coimbra
12133,C012134,29,Unknown,Braga
12134,C012135,62,Male,Faro
12135,C012136,52,Female,Coimbra
12136,C012137,38,Female,Porto
12137,C012138,65,Male,Braga
12138,C012139,67,Male,Coimbra
12139,C012140,27,Female,Porto
12140,C012141,22,Male,Lisbon
12141,C012142,26,Female,Braga
12142,C012143,32,Female,Braga
12143,C012144,34,Female,Lisbon
12144,C012145,38,Other,Braga
12145,C012146,26,Female,Lisbon
12146,C012147,48,Other,Braga
12147,C012148,59,Other,Lisbon
12148,C012149,16,Male,Lisbon
12149,C012150,28,Male,Coimbra
12150,C012151,18,Other,Faro
12151,C012152,48,Female,Lisbon
12152,C012153,61,Male,Porto
12153,C012154,21,Female,Coimbra
12154,C012155,62,Female,Braga
12155,C012156,54,Female,Braga
12156,C012157,23,Female,Coimbra
12157,C012158,34,Other,Lisbon
12158,C012159,24,Female,Coimbra
12159,C012160,50,Female,Porto
12160,C012161,42,Female,Lisbon
12161,C012162,69,Female,Faro
12162,C012163,18,Unknown,Porto
12163,C012164,47,Female,Braga
12164,C012165,31,Male,Braga
12165,C012166,68,Female,Faro
12166,C012167,35,Female,Lisbon
12167,C012168,30,Other,Lisbon
12168,C012169,39,Male,Braga
12169,C012170,62,Other,Braga
12170,C012171,51,Female,Braga
12171,C012172,55,Male,Braga
12172,C012173,25,Other,Braga
12173,C012174,51,Male,Braga
12174,C012175,48,Male,Coimbra
12175,C012176,20,Other,Porto
12176,C012177,18,Female,Coimbra
12177,C012178,68,Female,Faro
12178,C012179,57,Female,Porto
12179,C012180,67,Male,Porto
12180,C012181,44,Female,Lisbon
12181,C012182,31,Other,Coimbra
12182,C012183,44,Female,Faro
12183,C012184,56,Other,Braga
12184,C012185,38,Other,Lisbon
12185,C012186,36,Female,Faro
12186,C012187,46,Male,Coimbra
12187,C012188,45,Female,Lisbon
12188,C012189,27,Male,Braga
12189,C012190,39,Male,Lisbon
12190,C012191,58,Male,Faro
12191,C012192,55,Other,Coimbra
12192,C012193,26,Male,Braga
12193,C012194,54,Male,Coimbra
12194,C012195,27,Female,Coimbra
12195,C012196,52,Male,Faro
12196,C012197,47,Female,Coimbra
12197,C012198,68,Male,Lisbon
12198,C012199,19,Male,Porto
12199,C012200,40,Male,Braga
12200,C012201,52,Female,Braga
12201,C012202,32,Male,Braga
12202,C012203,59,Other,Porto
12203,C012204,32,Female,Faro
12204,C012205,34,Female,Braga
12205,C012206,45,Other,Coimbra
12206,C012207,17,Other,Braga
12207,C012208,40,Other,Lisbon
12208,C012209,50,Female,Lisbon
12209,C012210,58,Male,Coimbra
12210,C012211,21,Other,Braga
12211,C012212,36,Female,Coimbra
12212,C012213,39,Male,Lisbon
12213,C012214,28,Female,Lisbon
12214,C012215,36,Male,Faro
12215,C012216,50,Other,Lisbon
12216,C012217,40,Female,Braga
12217,C012218,16,Female,Faro
12218,C012219,59,Other,Coimbra
12219,C012220,45,Unknown,Lisbon
12220,C012221,47,Female,Faro
12221,C012222,69,Female,Lisbon
12222,C012223,32,Male,Coimbra
12223,C012224,56,Male,Faro
12224,C012225,61,Male,Lisbon
12225,C012226,46,Male,Coimbra
12226,C012227,20,Male,Faro
12227,C012228,20,Female,Braga
12228,C012229,45,Male,Lisbon
12229,C012230,56,Other,Porto
12230,C012231,55,Other,Faro
12231,C012232,18,Other,Porto
12232,C012233,21,Male,Lisbon
12233,C012234,26,Male,Porto
12234,C012235,27,Male,Faro
12235,C012236,50,Male,Porto
12236,C012237,38,Other,Faro
12237,C012238,19,Unknown,Coimbra
12238,C012239,27,Other,Lisbon
12239,C012240,51,Male,Porto
12240,C012241,30,Other,Faro
12241,C012242,43,Other,Lisbon
12242,C012243,49,Other,Faro
12243,C012244,42,Other,Faro
12244,C012245,30,Female,Braga
12245,C012246,42,Male,Lisbon
12246,C012247,16,Male,Lisbon
12247,C012248,46,Female,Porto
12248,C012249,43,Female,Faro
12249,C012250,44,Male,Faro
12250,C012251,51,Female,Lisbon
12251,C012252,43,Other,Faro
12252,C012253,30,Male,Faro
12253,C012254,64,Male,Coimbra
12254,C012255,69,Male,Braga
12255,C012256,24,Other,Faro
12256,C012257,53,Other,Braga
12257,C012258,64,Male,Porto
12258,C012259,23,Male,Porto
12259,C012260,63,Other,Porto
12260,C012261,26,Other,Coimbra
12261,C012262,47,Male,Coimbra
12262,C012263,35,Other,Braga
12263,C012264,28,Male,Coimbra
12264,C012265,69,Other,Porto
12265,C012266,52,Male,Faro
12266,C012267,26,Male,Braga
12267,C012268,58,Other,Faro
12268,C012269,63,Male,Faro
12269,C012270,17,Female,Braga
12270,C012271,65,Male,Coimbra
12271,C012272,35,Female,Braga
12272,C012273,48,Male,Porto
12273,C012274,25,Female,Braga
12274,C012275,51,Male,Coimbra
12275,C012276,23,Female,Faro
12276,C012277,60,Female,Lisbon
12277,C012278,48,Other,Braga
12278,C012279,66,Female,Lisbon
12279,C012280,28,Other,Coimbra
12280,C012281,60,Male,Faro
12281,C012282,42,Male,Coimbra
12282,C012283,57,Male,Braga
12283,C012284,66,Male,Braga
12284,C012285,55,Male,Braga
12285,C012286,44,Other,Lisbon
12286,C012287,36,Unknown,Coimbra
12287,C012288,31,Other,Braga
12288,C012289,52,Male,Coimbra
12289,C012290,47,Other,Porto
12290,C012291,67,Female,Porto
12291,C012292,20,Other,Coimbra
12292,C012293,28,Other,Faro
12293,C012294,61,Female,Braga
12294,C012295,61,Other,Porto
12295,C012296,60,Female,Coimbra
12296,C012297,41,Other,Braga
12297,C012298,17,Male,Faro
12298,C012299,17,Male,Lisbon
12299,C012300,34,Other,Porto
12300,C012301,58,Female,Faro
12301,C012302,36,Male,Coimbra
12302,C012303,27,Male,Faro
12303,C012304,21,Male,Faro
12304,C012305,26,Other,Lisbon
12305,C012306,44,Unknown,Faro
12306,C012307,68,Other,Porto
12307,C012308,22,Female,Lisbon
12308,C012309,60,Male,Braga
12309,C012310,61,Unknown,Faro
12310,C012311,49,Male,Lisbon
12311,C012312,63,Other,Porto
12312,C012313,66,Other,Coimbra
12313,C012314,39,Male,Faro
12314,C012315,26,Male,Faro
12315,C012316,40,Male,Braga
12316,C012317,68,Female,Porto
12317,C012318,32,Other,Lisbon
12318,C012319,62,Female,Porto
12319,C012320,54,Other,Porto
12320,C012321,27,Male,Faro
12321,C012322,66,Female,Coimbra
12322,C012323,62,Other,Braga
12323,C012324,48,Female,Braga
12324,C012325,26,Male,Coimbra
12325,C012326,57,Male,Coimbra
12326,C012327,31,Male,Porto
12327,C012328,47,Other,Coimbra
12328,C012329,52,Other,Faro
12329,C012330,25,Male,Faro
12330,C012331,43,Male,Lisbon
12331,C012332,66,Other,Lisbon
12332,C012333,46,Male,Faro
12333,C012334,30,Other,Porto
12334,C012335,68,Other,Coimbra
12335,C012336,51,Female,Faro
12336,C012337,59,Male,Porto
12337,C012338,48,Other,Lisbon
12338,C012339,36,Other,Porto
12339,C012340,20,Other,Braga
12340,C012341,63,Other,Faro
12341,C012342,66,Male,Lisbon
12342,C012343,28,Female,Faro
12343,C012344,24,Female,Braga
12344,C012345,65,Male,Faro
12345,C012346,50,Other,Coimbra
12346,C012347,52,Female,Lisbon
12347,C012348,64,Male,Porto
12348,C012349,39,Other,Lisbon
12349,C012350,60,Other,Braga
12350,C012351,17,Other,Faro
12351,C012352,28,Female,Faro
12352,C012353,63,Male,Braga
12353,C012354,56,Male,Braga
12354,C012355,43,Female,Braga
12355,C012356,18,Female,Lisbon
12356,C012357,57,Male,Lisbon
12357,C012358,32,Other,Braga
12358,C012359,41,Female,Lisbon
12359,C012360,53,Female,Coimbra
12360,C012361,58,Male,Braga
12361,C012362,38,Other,Lisbon
12362,C012363,39,Male,Braga
12363,C012364,54,Other,Lisbon
12364,C012365,45,Female,Faro
12365,C012366,30,Other,Braga
12366,C012367,16,Female,Faro
12367,C012368,39,Female,Braga
12368,C012369,22,Male,Faro
12369,C012370,20,Male,Coimbra
12370,C012371,21,Male,Porto
12371,C012372,47,Other,Coimbra
12372,C012373,44,Female,Porto
12373,C012374,63,Female,Faro
12374,C012375,32,Female,Porto
12375,C012376,41,Female,Braga
12376,C012377,65,Male,Lisbon
12377,C012378,38,Female,Lisbon
12378,C012379,24,Other,Porto
12379,C012380,25,Male,Faro
12380,C012381,54,Female,Braga
12381,C012382,49,Female,Porto
12382,C012383,44,Female,Lisbon
12383,C012384,38,Female,Braga
12384,C012385,46,Male,Lisbon
12385,C012386,45,Female,Coimbra
12386,C012387,46,Other,Faro
12387,C012388,44,Male,Lisbon
12388,C012389,31,Female,Lisbon
12389,C012390,54,Female,Faro
12390,C012391,21,Female,Coimbra
12391,C012392,31,Female,Braga
12392,C012393,40,Male,Faro
12393,C012394,48,Female,Faro
12394,C012395,16,Other,Faro
12395,C012396,19,Other,Braga
12396,C012397,31,Female,Lisbon
12397,C012398,41,Female,Braga
12398,C012399,46,Male,Faro
12399,C012400,66,Female,Braga
12400,C012401,35,Other,Braga
12401,C012402,50,Female,Coimbra
12402,C012403,50,Male,Lisbon
12403,C012404,43,Female,Lisbon
12404,C012405,33,Female,Porto
12405,C012406,25,Other,Braga
12406,C012407,16,Other,Porto
12407,C012408,27,Female,Lisbon
12408,C012409,59,Male,Lisbon
12409,C012410,56,Other,Porto
12410,C012411,38,Female,Coimbra
12411,C012412,49,Male,Lisbon
12412,C012413,17,Other,Braga
12413,C012414,58,Female,Faro
12414,C012415,60,Other,Lisbon
12415,C012416,55,Other,Faro
12416,C012417,41,Other,Braga
12417,C012418,64,Other,Porto
12418,C012419,25,Female,Coimbra
12419,C012420,50,Female,Faro
12420,C012421,59,Male,Lisbon
12421,C012422,63,Other,Lisbon
12422,C012423,27,Other,Braga
12423,C012424,35,Male,Faro
12424,C012425,46,Female,Porto
12425,C012426,30,Other,Braga
12426,C012427,55,Other,Lisbon
12427,C012428,43,Other,Braga
12428,C012429,39,Other,Coimbra
12429,C012430,55,Female,Coimbra
12430,C012431,20,Female,Coimbra
12431,C012432,22,Female,Faro
12432,C012433,40,Other,Faro
12433,C012434,45,Other,Braga
12434,C012435,40,Other,Lisbon
12435,C012436,54,Male,Lisbon
12436,C012437,41,Male,Braga
12437,C012438,33,Male,Porto
12438,C012439,22,Male,Braga
12439,C012440,32,Other,Coimbra
12440,C012441,19,Other,Lisbon
12441,C012442,36,Other,Braga
12442,C012443,30,Male,Lisbon
12443,C012444,22,Other,Lisbon
12444,C012445,20,Female,Coimbra
12445,C012446,47,Female,Faro
12446,C012447,52,Other,Porto
12447,C012448,38,Male,Porto
12448,C012449,42,Male,Coimbra
12449,C012450,67,Other,Porto
12450,C012451,49,Other,Braga
12451,C012452,62,Female,Coimbra
12452,C012453,52,Male,Lisbon
12453,C012454,47,Male,Coimbra
12454,C012455,52,Female,Porto
12455,C012456,34,Female,Lisbon
12456,C012457,40,Other,Lisbon
12457,C012458,45,Female,Faro
12458,C012459,39,Other,Coimbra
12459,C012460,19,Other,Faro
12460,C012461,55,Male,Faro
12461,C012462,24,Other,Lisbon
12462,C012463,40,Female,Braga
12463,C012464,21,Male,Braga
12464,C012465,50,Other,Braga
12465,C012466,46,Male,Faro
12466,C012467,44,Other,Lisbon
12467,C012468,37,Male,Faro
12468,C012469,34,Female,Faro
12469,C012470,39,Other,Faro
12470,C012471,68,Male,Lisbon
12471,C012472,51,Other,Lisbon
12472,C012473,20,Other,Porto
12473,C012474,24,Male,Coimbra
12474,C012475,27,Other,Coimbra
12475,C012476,53,Other,Lisbon
12476,C012477,42,Female,Porto
12477,C012478,62,Male,Coimbra
12478,C012479,58,Male,Coimbra
12479,C012480,34,Other,Lisbon
12480,C012481,25,Female,Coimbra
12481,C012482,54,Male,Lisbon
12482,C012483,64,Other,Braga
12483,C012484,64,Male,Lisbon
12484,C012485,52,Other,Faro
12485,C012486,17,Male,Porto
12486,C012487,62,Other,Lisbon
12487,C012488,66,Female,Porto
12488,C012489,21,Other,Braga
12489,C012490,39,Female,Porto
12490,C012491,22,Male,Porto
12491,C012492,21,Other,Coimbra
12492,C012493,45,Other,Braga
12493,C012494,41,Female,Porto
12494,C012495,38,Other,Faro
12495,C012496,61,Male,Porto
12496,C012497,38,Female,Coimbra
12497,C012498,55,Male,Lisbon
12498,C012499,48,Male,Lisbon
12499,C012500,25,Male,Faro
12500,C012501,22,Male,Faro
12501,C012502,43,Other,Braga
12502,C012503,29,Other,Braga
12503,C012504,29,Male,Porto
12504,C012505,30,Male,Faro
12505,C012506,36,Male,Porto
12506,C012507,64,Male,Porto
12507,C012508,49,Male,Lisbon
12508,C012509,62,Other,Braga
12509,C012510,64,Other,Coimbra
12510,C012511,33,Male,Braga
12511,C012512,57,Male,Faro
12512,C012513,26,Other,Faro
12513,C012514,27,Female,Lisbon
12514,C012515,64,Male,Faro
12515,C012516,43,Female,Porto
12516,C012517,36,Male,Braga
12517,C012518,56,Other,Porto
12518,C012519,18,Other,Porto
12519,C012520,47,Female,Faro
12520,C012521,19,Female,Porto
12521,C012522,18,Male,Faro
12522,C012523,34,Other,Coimbra
12523,C012524,55,Female,Braga
12524,C012525,50,Female,Lisbon
12525,C012526,45,Female,Braga
12526,C012527,27,Male,Faro
12527,C012528,34,Other,Porto
12528,C012529,52,Male,Faro
12529,C012530,33,Other,Braga
12530,C012531,53,Male,Braga
12531,C012532,48,Other,Porto
12532,C012533,17,Male,Lisbon
12533,C012534,25,Other,Coimbra
12534,C012535,34,Other,Porto
12535,C012536,19,Female,Faro
12536,C012537,53,Female,Braga
12537,C012538,21,Male,Faro
12538,C012539,67,Female,Coimbra
12539,C012540,61,Female,Coimbra
12540,C012541,49,Other,Lisbon
12541,C012542,28,Other,Braga
12542,C012543,62,Male,Faro
12543,C012544,44,Male,Faro
12544,C012545,22,Female,Lisbon
12545,C012546,19,Male,Porto
12546,C012547,19,Male,Lisbon
12547,C012548,34,Female,Lisbon
12548,C012549,37,Female,Porto
12549,C012550,27,Male,Faro
12550,C012551,22,Male,Faro
12551,C012552,21,Other,Faro
12552,C012553,38,Male,Coimbra
12553,C012554,64,Female,Braga
12554,C012555,48,Male,Lisbon
12555,C012556,38,Female,Faro
12556,C012557,54,Other,Lisbon
12557,C012558,68,Other,Braga
12558,C012559,25,Male,Braga
12559,C012560,63,Female,Porto
12560,C012561,45,Male,Coimbra
12561,C012562,32,Male,Braga
12562,C012563,49,Other,Porto
12563,C012564,57,Male,Faro
12564,C012565,63,Other,Porto
12565,C012566,60,Male,Lisbon
12566,C012567,30,Female,Porto
12567,C012568,33,Other,Faro
12568,C012569,36,Female,Porto
12569,C012570,23,Female,Porto
12570,C012571,26,Male,Braga
12571,C012572,59,Male,Porto
12572,C012573,31,Male,Lisbon
12573,C012574,69,Other,Braga
12574,C012575,45,Male,Faro
12575,C012576,68,Male,Faro
12576,C012577,35,Male,Coimbra
12577,C012578,65,Male,Coimbra
12578,C012579,39,Other,Faro
12579,C012580,35,Other,Coimbra
12580,C012581,55,Female,Faro
12581,C012582,36,Other,Coimbra
12582,C012583,39,Other,Porto
12583,C012584,58,Female,Braga
12584,C012585,69,Female,Coimbra
12585,C012586,33,Male,Coimbra
12586,C012587,64,Male,Lisbon
12587,C012588,55,Male,Braga
12588,C012589,20,Other,Faro
12589,C012590,47,Male,Coimbra
12590,C012591,61,Other,Braga
12591,C012592,24,Male,Coimbra
12592,C012593,36,Male,Lisbon
12593,C012594,51,Male,Faro
12594,C012595,17,Other,Lisbon
12595,C012596,50,Other,Faro
12596,C012597,43,Male,Coimbra
12597,C012598,61,Male,Lisbon
12598,C012599,50,Female,Faro
12599,C012600,17,Male,Porto
12600,C012601,26,Other,Braga
12601,C012602,56,Female,Porto
12602,C012603,66,Female,Porto
12603,C012604,61,Female,Lisbon
12604,C012605,37,Other,Lisbon
12605,C012606,62,Other,Faro
12606,C012607,38,Male,Faro
12607,C012608,28,Female,Faro
12608,C012609,35,Male,Lisbon
12609,C012610,19,Male,Braga
12610,C012611,67,Female,Porto
12611,C012612,35,Female,Faro
12612,C012613,18,Other,Braga
12613,C012614,36,Male,Coimbra
12614,C012615,21,Other,Braga
12615,C012616,35,Male,Porto
12616,C012617,64,Female,Lisbon
12617,C012618,59,Other,Braga
12618,C012619,30,Other,Porto
12619,C012620,58,Female,Porto
12620,C012621,63,Male,Coimbra
12621,C012622,42,Male,Faro
12622,C012623,43,Other,Lisbon
12623,C012624,43,Female,Faro
12624,C012625,32,Other,Coimbra
12625,C012626,36,Female,Braga
12626,C012627,25,Other,Porto
12627,C012628,47,Other,Braga
12628,C012629,52,Male,Porto
12629,C012630,42,Male,Braga
12630,C012631,37,Male,Faro
12631,C012632,31,Female,Braga
12632,C012633,66,Other,Faro
12633,C012634,18,Female,Lisbon
12634,C012635,66,Other,Porto
12635,C012636,59,Male,Faro
12636,C012637,51,Female,Coimbra
12637,C012638,51,Other,Porto
12638,C012639,62,Other,Lisbon
12639,C012640,25,Male,Faro
12640,C012641,24,Male,Coimbra
12641,C012642,22,Other,Lisbon
12642,C012643,66,Female,Coimbra
12643,C012644,54,Female,Braga
12644,C012645,45,Female,Faro
12645,C012646,20,Female,Braga
12646,C012647,48,Other,Coimbra
12647,C012648,26,Other,Lisbon
12648,C012649,66,Male,Porto
12649,C012650,48,Female,Faro
12650,C012651,35,Male,Lisbon
12651,C012652,37,Female,Coimbra
12652,C012653,33,Male,Lisbon
12653,C012654,53,Male,Braga
12654,C012655,55,Other,Braga
12655,C012656,53,Other,Braga
12656,C012657,36,Female,Porto
12657,C012658,56,Male,Coimbra
12658,C012659,55,Male,Porto
12659,C012660,29,Other,Coimbra
12660,C012661,36,Other,Braga
12661,C012662,42,Other,Coimbra
12662,C012663,35,Female,Braga
12663,C012664,24,Male,Faro
12664,C012665,16,Female,Coimbra
12665,C012666,61,Male,Faro
12666,C012667,64,Female,Lisbon
12667,C012668,21,Other,Braga
12668,C012669,29,Female,Lisbon
12669,C012670,48,Female,Lisbon
12670,C012671,65,Female,Lisbon
12671,C012672,20,Other,Lisbon
12672,C012673,66,Male,Porto
12673,C012674,21,Male,Coimbra
12674,C012675,30,Female,Coimbra
12675,C012676,60,Female,Lisbon
12676,C012677,53,Male,Coimbra
12677,C012678,33,Female,Coimbra
12678,C012679,18,Other,Faro
12679,C012680,29,Other,Braga
12680,C012681,40,Female,Braga
12681,C012682,17,Male,Braga
12682,C012683,56,Female,Coimbra
12683,C012684,67,Other,Lisbon
12684,C012685,54,Male,Porto
12685,C012686,65,Other,Coimbra
12686,C012687,57,Male,Braga
12687,C012688,16,Female,Braga
12688,C012689,37,Female,Braga
12689,C012690,36,Other,Coimbra
12690,C012691,57,Other,Braga
12691,C012692,24,Male,Faro
12692,C012693,17,Other,Coimbra
12693,C012694,65,Other,Faro
12694,C012695,20,Other,Braga
12695,C012696,67,Female,Braga
12696,C012697,18,Other,Porto
12697,C012698,22,Female,Faro
12698,C012699,58,Male,Coimbra
12699,C012700,18,Other,Braga
12700,C012701,33,Other,Lisbon
12701,C012702,52,Other,Faro
12702,C012703,58,Unknown,Faro
12703,C012704,65,Other,Faro
12704,C012705,17,Male,Braga
12705,C012706,68,Female,Faro
12706,C012707,21,Other,Faro
12707,C012708,67,Male,Lisbon
12708,C012709,65,Female,Porto
12709,C012710,24,Other,Faro
12710,C012711,20,Female,Braga
12711,C012712,44,Other,Faro
12712,C012713,28,Female,Coimbra
12713,C012714,35,Other,Porto
12714,C012715,17,Other,Braga
12715,C012716,58,Other,Faro
12716,C012717,36,Other,Lisbon
12717,C012718,38,Male,Coimbra
12718,C012719,30,Female,Porto
12719,C012720,25,Female,Lisbon
12720,C012721,51,Other,Coimbra
12721,C012722,50,Female,Coimbra
12722,C012723,17,Other,Braga
12723,C012724,28,Other,Braga
12724,C012725,41,Female,Faro
12725,C012726,62,Other,Faro
12726,C012727,35,Male,Porto
12727,C012728,30,Female,Faro
12728,C012729,50,Male,Porto
12729,C012730,16,Female,Coimbra
12730,C012731,29,Male,Lisbon
12731,C012732,23,Female,Braga
12732,C012733,23,Other,Braga
12733,C012734,58,Other,Braga
12734,C012735,51,Male,Lisbon
12735,C012736,20,Female,Braga
12736,C012737,46,Other,Porto
12737,C012738,40,Other,Braga
12738,C012739,51,Female,Coimbra
12739,C012740,38,Other,Porto
12740,C012741,63,Male,Lisbon
12741,C012742,48,Male,Coimbra
12742,C012743,65,Male,Porto
12743,C012744,23,Other,Braga
12744,C012745,65,Other,Braga
12745,C012746,45,Male,Coimbra
12746,C012747,61,Other,Faro
12747,C012748,62,Female,Coimbra
12748,C012749,19,Other,Braga
12749,C012750,19,Female,Lisbon
12750,C012751,36,Female,Faro
12751,C012752,57,Other,Lisbon
12752,C012753,56,Female,Lisbon
12753,C012754,65,Male,Coimbra
12754,C012755,57,Other,Porto
12755,C012756,34,Female,Faro
12756,C012757,24,Male,Braga
12757,C012758,40,Male,Coimbra
12758,C012759,47,Female,Faro
12759,C012760,25,Other,Lisbon
12760,C012761,49,Male,Coimbra
12761,C012762,42,Male,Braga
12762,C012763,49,Other,Porto
12763,C012764,45,Male,Coimbra
12764,C012765,34,Other,Braga
12765,C012766,40,Other,Braga
12766,C012767,65,Other,Braga
12767,C012768,34,Male,Lisbon
12768,C012769,26,Female,Porto
12769,C012770,53,Male,Faro
12770,C012771,19,Female,Porto
12771,C012772,68,Female,Lisbon
12772,C012773,38,Male,Faro
12773,C012774,50,Other,Coimbra
12774,C012775,29,Other,Lisbon
12775,C012776,41,Male,Lisbon
12776,C012777,20,Other,Faro
12777,C012778,30,Other,Faro
12778,C012779,25,Other,Braga
12779,C012780,35,Other,Porto
12780,C012781,56,Male,Coimbra
12781,C012782,41,Male,Porto
12782,C012783,48,Female,Lisbon
12783,C012784,28,Male,Lisbon
12784,C012785,39,Other,Faro
12785,C012786,29,Male,Lisbon
12786,C012787,37,Other,Lisbon
12787,C012788,53,Female,Porto
12788,C012789,51,Other,Faro
12789,C012790,43,Female,Coimbra
12790,C012791,56,Other,Lisbon
12791,C012792,22,Female,Lisbon
12792,C012793,60,Other,Braga
12793,C012794,69,Male,Coimbra
12794,C012795,49,Male,Porto
12795,C012796,49,Male,Coimbra
12796,C012797,18,Unknown,Faro
12797,C012798,48,Female,Porto
12798,C012799,44,Other,Coimbra
12799,C012800,20,Female,Coimbra
12800,C012801,23,Female,Lisbon
12801,C012802,43,Other,Lisbon
12802,C012803,50,Female,Braga
12803,C012804,21,Female,Faro
12804,C012805,36,Other,Faro
12805,C012806,19,Other,Porto
12806,C012807,31,Female,Coimbra
12807,C012808,23,Female,Coimbra
12808,C012809,16,Female,Faro
12809,C012810,39,Female,Lisbon
12810,C012811,52,Male,Coimbra
12811,C012812,46,Female,Porto
12812,C012813,28,Female,Braga
12813,C012814,45,Female,Coimbra
12814,C012815,31,Female,Coimbra
12815,C012816,50,Male,Coimbra
12816,C012817,42,Female,Porto
12817,C012818,46,Female,Coimbra
12818,C012819,18,Other,Porto
12819,C012820,30,Female,Faro
12820,C012821,65,Male,Braga
12821,C012822,53,Other,Coimbra
12822,C012823,45,Male,Lisbon
12823,C012824,60,Other,Porto
12824,C012825,63,Male,Braga
12825,C012826,26,Male,Lisbon
12826,C012827,49,Other,Lisbon
12827,C012828,63,Female,Braga
12828,C012829,65,Other,Coimbra
12829,C012830,31,Female,Braga
12830,C012831,69,Other,Lisbon
12831,C012832,32,Male,Porto
12832,C012833,34,Female,Porto
12833,C012834,61,Other,Lisbon
12834,C012835,30,Female,Lisbon
12835,C012836,65,Female,Coimbra
12836,C012837,68,Male,Lisbon
12837,C012838,55,Unknown,Porto
12838,C012839,57,Male,Braga
12839,C012840,42,Unknown,Porto
12840,C012841,23,Other,Porto
12841,C012842,49,Other,Faro
12842,C012843,60,Other,Lisbon
12843,C012844,58,Female,Braga
12844,C012845,59,Female,Braga
12845,C012846,58,Male,Braga
12846,C012847,67,Male,Lisbon
12847,C012848,55,Male,Braga
12848,C012849,19,Other,Coimbra
12849,C012850,46,Other,Braga
12850,C012851,51,Male,Braga
12851,C012852,39,Male,Faro
12852,C012853,60,Female,Porto
12853,C012854,39,Male,Braga
12854,C012855,68,Female,Coimbra
12855,C012856,50,Other,Coimbra
12856,C012857,26,Other,Faro
12857,C012858,60,Male,Lisbon
12858,C012859,50,Other,Porto
12859,C012860,46,Male,Faro
12860,C012861,40,Other,Faro
12861,C012862,25,Male,Braga
12862,C012863,62,Other,Faro
12863,C012864,31,Other,Faro
12864,C012865,19,Other,Faro
12865,C012866,23,Male,Braga
12866,C012867,20,Other,Lisbon
12867,C012868,62,Male,Porto
12868,C012869,65,Female,Lisbon
12869,C012870,43,Male,Faro
12870,C012871,40,Unknown,Lisbon
12871,C012872,34,Other,Porto
12872,C012873,50,Male,Faro
12873,C012874,56,Female,Coimbra
12874,C012875,20,Other,Coimbra
12875,C012876,26,Other,Faro
12876,C012877,23,Male,Faro
12877,C012878,66,Male,Braga
12878,C012879,28,Female,Faro
12879,C012880,34,Male,Braga
12880,C012881,43,Male,Lisbon
12881,C012882,46,Female,Faro
12882,C012883,65,Male,Lisbon
12883,C012884,23,Male,Faro
12884,C012885,16,Unknown,Lisbon
12885,C012886,19,Male,Lisbon
12886,C012887,46,Female,Braga
12887,C012888,54,Other,Braga
12888,C012889,63,Female,Lisbon
12889,C012890,30,Female,Coimbra
12890,C012891,34,Male,Coimbra
12891,C012892,21,Female,Braga
12892,C012893,63,Other,Braga
12893,C012894,47,Male,Coimbra
12894,C012895,45,Other,Coimbra
12895,C012896,64,Male,Faro
12896,C012897,43,Female,Faro
12897,C012898,54,Female,Porto
12898,C012899,25,Male,Faro
12899,C012900,67,Female,Porto
12900,C012901,20,Female,Coimbra
12901,C012902,52,Female,Braga
12902,C012903,42,Male,Lisbon
12903,C012904,24,Male,Lisbon
12904,C012905,42,Male,Braga
12905,C012906,42,Female,Faro
12906,C012907,51,Male,Braga
12907,C012908,16,Other,Faro
12908,C012909,37,Female,Faro
12909,C012910,58,Male,Lisbon
12910,C012911,30,Other,Faro
12911,C012912,46,Other,Lisbon
12912,C012913,62,Other,Braga
12913,C012914,51,Male,Faro
12914,C012915,35,Female,Faro
12915,C012916,33,Female,Lisbon
12916,C012917,40,Other,Lisbon
12917,C012918,30,Other,Faro
12918,C012919,52,Female,Braga
12919,C012920,65,Female,Lisbon
12920,C012921,44,Other,Lisbon
12921,C012922,39,Other,Porto
12922,C012923,53,Female,Faro
12923,C012924,37,Male,Coimbra
12924,C012925,33,Female,Porto
12925,C012926,33,Other,Lisbon
12926,C012927,20,Female,Porto
12927,C012928,22,Female,Porto
12928,C012929,33,Male,Lisbon
12929,C012930,25,Female,Coimbra
12930,C012931,43,Male,Coimbra
12931,C012932,57,Other,Lisbon
12932,C012933,20,Female,Braga
12933,C012934,16,Female,Porto
12934,C012935,48,Other,Braga
12935,C012936,54,Male,Braga
12936,C012937,22,Male,Braga
12937,C012938,16,Male,Faro
12938,C012939,27,Female,Faro
12939,C012940,40,Female,Porto
12940,C012941,35,Female,Braga
12941,C012942,23,Female,Faro
12942,C012943,37,Other,Faro
12943,C012944,23,Other,Coimbra
12944,C012945,59,Female,Porto
12945,C012946,40,Female,Porto
12946,C012947,23,Other,Lisbon
12947,C012948,21,Other,Braga
12948,C012949,67,Male,Faro
12949,C012950,51,Other,Porto
12950,C012951,41,Other,Coimbra
12951,C012952,54,Female,Porto
12952,C012953,40,Other,Coimbra
12953,C012954,35,Female,Lisbon
12954,C012955,65,Female,Braga
12955,C012956,30,Female,Coimbra
12956,C012957,53,Other,Faro
12957,C012958,62,Other,Coimbra
12958,C012959,39,Other,Faro
12959,C012960,31,Female,Braga
12960,C012961,32,Unknown,Porto
12961,C012962,48,Male,Lisbon
12962,C012963,33,Other,Porto
12963,C012964,56,Male,Coimbra
12964,C012965,43,Female,Coimbra
12965,C012966,21,Female,Lisbon
12966,C012967,36,Other,Braga
12967,C012968,58,Other,Braga
12968,C012969,21,Female,Coimbra
12969,C012970,34,Female,Coimbra
12970,C012971,24,Other,Faro
12971,C012972,49,Female,Lisbon
12972,C012973,18,Male,Coimbra
12973,C012974,23,Other,Porto
12974,C012975,40,Female,Lisbon
12975,C012976,64,Male,Braga
12976,C012977,43,Female,Lisbon
12977,C012978,60,Female,Lisbon
12978,C012979,20,Female,Faro
12979,C012980,51,Other,Coimbra
12980,C012981,40,Female,Faro
12981,C012982,68,Male,Braga
12982,C012983,47,Other,Porto
12983,C012984,62,Female,Faro
12984,C012985,68,Female,Faro
12985,C012986,68,Male,Porto
12986,C012987,19,Other,Braga
12987,C012988,41,Other,Faro
12988,C012989,28,Female,Coimbra
12989,C012990,51,Male,Porto
12990,C012991,57,Other,Coimbra
12991,C012992,51,Other,Coimbra
12992,C012993,52,Female,Braga
12993,C012994,16,Other,Braga
12994,C012995,51,Other,Braga
12995,C012996,18,Female,Porto
12996,C012997,27,Female,Lisbon
12997,C012998,61,Female,Braga
12998,C012999,30,Female,Faro
12999,C013000,26,Female,Lisbon
13000,C013001,52,Male,Lisbon
13001,C013002,57,Other,Lisbon
13002,C013003,28,Female,Faro
13003,C013004,52,Female,Braga
13004,C013005,49,Other,Porto
13005,C013006,45,Male,Coimbra
13006,C013007,42,Male,Lisbon
13007,C013008,42,Female,Lisbon
13008,C013009,51,Female,Braga
13009,C013010,40,Male,Faro
13010,C013011,39,Male,Faro
13011,C013012,24,Male,Faro
13012,C013013,38,Female,Coimbra
13013,C013014,63,Female,Coimbra
13014,C013015,45,Female,Porto
13015,C013016,48,Male,Lisbon
13016,C013017,18,Other,Faro
13017,C013018,36,Other,Coimbra
13018,C013019,66,Female,Coimbra
13019,C013020,60,Female,Faro
13020,C013021,25,Other,Braga
13021,C013022,53,Male,Faro
13022,C013023,53,Other,Lisbon
13023,C013024,29,Female,Braga
13024,C013025,61,Female,Faro
13025,C013026,43,Other,Coimbra
13026,C013027,25,Female,Coimbra
13027,C013028,52,Female,Faro
13028,C013029,31,Female,Coimbra
13029,C013030,52,Male,Lisbon
13030,C013031,45,Female,Lisbon
13031,C013032,23,Other,Faro
13032,C013033,18,Male,Coimbra
13033,C013034,52,Male,Faro
13034,C013035,53,Male,Coimbra
13035,C013036,49,Female,Porto
13036,C013037,21,Female,Coimbra
13037,C013038,25,Male,Braga
13038,C013039,25,Male,Lisbon
13039,C013040,16,Other,Coimbra
13040,C013041,64,Female,Porto
13041,C013042,40,Male,Coimbra
13042,C013043,54,Female,Lisbon
13043,C013044,31,Female,Braga
13044,C013045,52,Male,Coimbra
13045,C013046,68,Female,Faro
13046,C013047,34,Other,Coimbra
13047,C013048,63,Female,Coimbra
13048,C013049,31,Other,Coimbra
13049,C013050,63,Other,Porto
13050,C013051,19,Female,Porto
13051,C013052,17,Other,Braga
13052,C013053,23,Other,Braga
13053,C013054,53,Male,Braga
13054,C013055,38,Female,Braga
13055,C013056,51,Other,Porto
13056,C013057,63,Male,Braga
13057,C013058,35,Other,Coimbra
13058,C013059,29,Male,Faro
13059,C013060,63,Unknown,Faro
13060,C013061,28,Female,Braga
13061,C013062,19,Female,Porto
13062,C013063,26,Male,Braga
13063,C013064,42,Female,Lisbon
13064,C013065,69,Female,Lisbon
13065,C013066,46,Male,Faro
13066,C013067,28,Male,Coimbra
13067,C013068,22,Female,Braga
13068,C013069,40,Other,Porto
13069,C013070,58,Female,Faro
13070,C013071,50,Female,Lisbon
13071,C013072,25,Female,Faro
13072,C013073,64,Other,Porto
13073,C013074,60,Female,Lisbon
13074,C013075,33,Male,Braga
13075,C013076,36,Female,Braga
13076,C013077,60,Female,Braga
13077,C013078,53,Female,Porto
13078,C013079,32,Other,Braga
13079,C013080,67,Male,Faro
13080,C013081,62,Female,Coimbra
13081,C013082,23,Female,Coimbra
13082,C013083,38,Male,Faro
13083,C013084,66,Male,Lisbon
13084,C013085,21,Male,Porto
13085,C013086,62,Male,Lisbon
13086,C013087,57,Male,Faro
13087,C013088,34,Male,Coimbra
13088,C013089,50,Female,Lisbon
13089,C013090,52,Male,Coimbra
13090,C013091,55,Male,Porto
13091,C013092,58,Other,Coimbra
13092,C013093,60,Female,Faro
13093,C013094,62,Female,Coimbra
13094,C013095,59,Female,Coimbra
13095,C013096,39,Other,Faro
13096,C013097,28,Male,Coimbra
13097,C013098,26,Male,Coimbra
13098,C013099,52,Other,Braga
13099,C013100,55,Other,Coimbra
13100,C013101,67,Male,Braga
13101,C013102,18,Other,Faro
13102,C013103,60,Female,Lisbon
13103,C013104,55,Female,Porto
13104,C013105,43,Male,Faro
13105,C013106,32,Other,Porto
13106,C013107,59,Female,Braga
13107,C013108,60,Other,Porto
13108,C013109,47,Male,Coimbra
13109,C013110,29,Unknown,Lisbon
13110,C013111,29,Other,Lisbon
13111,C013112,63,Female,Coimbra
13112,C013113,51,Other,Porto
13113,C013114,50,Female,Braga
13114,C013115,33,Male,Braga
13115,C013116,25,Female,Braga
13116,C013117,44,Female,Lisbon
13117,C013118,17,Male,Faro
13118,C013119,64,Male,Coimbra
13119,C013120,31,Female,Coimbra
13120,C013121,55,Male,Lisbon
13121,C013122,66,Male,Porto
13122,C013123,25,Other,Coimbra
13123,C013124,30,Female,Porto
13124,C013125,20,Female,Faro
13125,C013126,51,Female,Coimbra
13126,C013127,47,Male,Lisbon
13127,C013128,68,Female,Lisbon
13128,C013129,33,Other,Faro
13129,C013130,52,Other,Lisbon
13130,C013131,44,Other,Braga
13131,C013132,51,Female,Coimbra
13132,C013133,68,Female,Coimbra
13133,C013134,60,Female,Porto
13134,C013135,47,Male,Lisbon
13135,C013136,33,Other,Coimbra
13136,C013137,43,Male,Lisbon
13137,C013138,65,Male,Porto
13138,C013139,69,Male,Coimbra
13139,C013140,44,Male,Coimbra
13140,C013141,60,Female,Coimbra
13141,C013142,24,Female,Lisbon
13142,C013143,67,Female,Coimbra
13143,C013144,48,Female,Porto
13144,C013145,38,Other,Lisbon
13145,C013146,28,Female,Lisbon
13146,C013147,25,Female,Lisbon
13147,C013148,68,Female,Braga
13148,C013149,40,Male,Faro
13149,C013150,62,Male,Coimbra
13150,C013151,60,Other,Faro
13151,C013152,41,Female,Braga
13152,C013153,23,Male,Coimbra
13153,C013154,18,Female,Braga
13154,C013155,30,Male,Faro
13155,C013156,47,Male,Faro
13156,C013157,54,Other,Braga
13157,C013158,53,Male,Lisbon
13158,C013159,63,Male,Braga
13159,C013160,64,Male,Faro
13160,C013161,20,Male,Porto
13161,C013162,55,Other,Coimbra
13162,C013163,67,Other,Porto
13163,C013164,36,Female,Porto
13164,C013165,25,Male,Porto
13165,C013166,58,Male,Coimbra
13166,C013167,65,Male,Faro
13167,C013168,56,Female,Faro
13168,C013169,47,Male,Faro
13169,C013170,29,Other,Coimbra
13170,C013171,52,Male,Faro
13171,C013172,27,Female,Faro
13172,C013173,28,Female,Coimbra
13173,C013174,59,Unknown,Faro
13174,C013175,45,Other,Coimbra
13175,C013176,64,Other,Braga
13176,C013177,17,Other,Lisbon
13177,C013178,18,Female,Porto
13178,C013179,18,Female,Coimbra
13179,C013180,59,Other,Lisbon
13180,C013181,52,Female,Coimbra
13181,C013182,25,Female,Porto
13182,C013183,26,Other,Lisbon
13183,C013184,47,Unknown,Faro
13184,C013185,29,Unknown,Porto
13185,C013186,35,Male,Coimbra
13186,C013187,44,Female,Porto
13187,C013188,56,Female,Coimbra
13188,C013189,55,Male,Porto
13189,C013190,68,Female,Lisbon
13190,C013191,26,Male,Lisbon
13191,C013192,67,Other,Braga
13192,C013193,64,Male,Lisbon
13193,C013194,51,Male,Braga
13194,C013195,59,Other,Coimbra
13195,C013196,61,Male,Lisbon
13196,C013197,53,Male,Coimbra
13197,C013198,28,Female,Porto
13198,C013199,33,Female,Faro
13199,C013200,67,Other,Faro
13200,C013201,20,Male,Braga
13201,C013202,44,Other,Lisbon
13202,C013203,56,Female,Faro
13203,C013204,29,Female,Coimbra
13204,C013205,69,Other,Braga
13205,C013206,49,Other,Braga
13206,C013207,38,Female,Porto
13207,C013208,19,Male,Faro
13208,C013209,66,Male,Braga
13209,C013210,46,Female,Porto
13210,C013211,60,Female,Faro
13211,C013212,22,Male,Braga
13212,C013213,63,Other,Faro
13213,C013214,22,Other,Faro
13214,C013215,22,Male,Lisbon
13215,C013216,44,Female,Braga
13216,C013217,38,Other,Coimbra
13217,C013218,42,Female,Lisbon
13218,C013219,39,Female,Faro
13219,C013220,34,Female,Lisbon
13220,C013221,50,Male,Porto
13221,C013222,16,Female,Lisbon
13222,C013223,20,Female,Lisbon
13223,C013224,19,Male,Braga
13224,C013225,24,Male,Coimbra
13225,C013226,33,Other,Faro
13226,C013227,30,Male,Coimbra
13227,C013228,29,Male,Lisbon
13228,C013229,69,Male,Porto
13229,C013230,25,Other,Coimbra
13230,C013231,50,Male,Coimbra
13231,C013232,65,Other,Porto
13232,C013233,55,Female,Braga
13233,C013234,32,Female,Coimbra
13234,C013235,46,Other,Faro
13235,C013236,66,Male,Braga
13236,C013237,51,Female,Lisbon
13237,C013238,20,Male,Braga
13238,C013239,34,Male,Braga
13239,C013240,60,Male,Lisbon
13240,C013241,43,Female,Lisbon
13241,C013242,30,Other,Lisbon
13242,C013243,58,Male,Coimbra
13243,C013244,23,Female,Lisbon
13244,C013245,52,Other,Coimbra
13245,C013246,57,Other,Faro
13246,C013247,41,Female,Porto
13247,C013248,50,Unknown,Coimbra
13248,C013249,34,Male,Coimbra
13249,C013250,24,Male,Braga
13250,C013251,60,Other,Faro
13251,C013252,41,Other,Lisbon
13252,C013253,64,Other,Coimbra
13253,C013254,29,Other,Lisbon
13254,C013255,56,Male,Faro
13255,C013256,48,Female,Faro
13256,C013257,67,Male,Coimbra
13257,C013258,61,Male,Porto
13258,C013259,20,Female,Lisbon
13259,C013260,19,Male,Lisbon
13260,C013261,37,Male,Porto
13261,C013262,56,Male,Coimbra
13262,C013263,23,Other,Porto
13263,C013264,35,Female,Braga
13264,C013265,21,Male,Faro
13265,C013266,44,Female,Braga
13266,C013267,51,Other,Braga
13267,C013268,40,Other,Coimbra
13268,C013269,39,Other,Porto
13269,C013270,34,Other,Lisbon
13270,C013271,69,Male,Lisbon
13271,C013272,49,Male,Faro
13272,C013273,50,Male,Braga
13273,C013274,17,Male,Braga
13274,C013275,24,Female,Braga
13275,C013276,51,Female,Faro
13276,C013277,17,Female,Faro
13277,C013278,30,Female,Porto
13278,C013279,59,Other,Porto
13279,C013280,60,Other,Coimbra
13280,C013281,60,Other,Braga
13281,C013282,53,Female,Coimbra
13282,C013283,55,Male,Coimbra
13283,C013284,60,Female,Faro
13284,C013285,26,Male,Coimbra
13285,C013286,46,Other,Braga
13286,C013287,38,Male,Porto
13287,C013288,21,Other,Lisbon
13288,C013289,64,Male,Porto
13289,C013290,20,Other,Coimbra
13290,C013291,60,Male,Coimbra
13291,C013292,24,Other,Faro
13292,C013293,34,Female,Coimbra
13293,C013294,19,Male,Coimbra
13294,C013295,52,Female,Faro
13295,C013296,34,Male,Lisbon
13296,C013297,64,Male,Braga
13297,C013298,42,Other,Porto
13298,C013299,59,Other,Porto
13299,C013300,54,Male,Faro
13300,C013301,35,Male,Porto
13301,C013302,56,Other,Lisbon
13302,C013303,62,Male,Braga
13303,C013304,37,Other,Porto
13304,C013305,20,Male,Lisbon
13305,C013306,29,Male,Lisbon
13306,C013307,41,Female,Lisbon
13307,C013308,44,Male,Faro
13308,C013309,33,Female,Lisbon
13309,C013310,63,Male,Faro
13310,C013311,19,Other,Porto
13311,C013312,17,Male,Porto
13312,C013313,59,Male,Braga
13313,C013314,34,Male,Coimbra
13314,C013315,69,Other,Lisbon
13315,C013316,28,Other,Porto
13316,C013317,34,Male,Coimbra
13317,C013318,19,Female,Lisbon
13318,C013319,23,Female,Braga
13319,C013320,68,Female,Lisbon
13320,C013321,35,Other,Coimbra
13321,C013322,55,Male,Lisbon
13322,C013323,21,Other,Porto
13323,C013324,60,Other,Lisbon
13324,C013325,48,Other,Lisbon
13325,C013326,45,Female,Braga
13326,C013327,38,Female,Braga
13327,C013328,36,Male,Lisbon
13328,C013329,69,Male,Faro
13329,C013330,68,Female,Braga
13330,C013331,37,Other,Coimbra
13331,C013332,63,Other,Porto
13332,C013333,44,Male,Faro
13333,C013334,55,Male,Coimbra
13334,C013335,51,Male,Lisbon
13335,C013336,57,Other,Faro
13336,C013337,66,Female,Faro
13337,C013338,45,Other,Faro
13338,C013339,42,Female,Braga
13339,C013340,16,Male,Coimbra
13340,C013341,55,Male,Braga
13341,C013342,61,Male,Faro
13342,C013343,35,Male,Faro
13343,C013344,39,Other,Coimbra
13344,C013345,55,Male,Coimbra
13345,C013346,44,Male,Coimbra
13346,C013347,55,Female,Braga
13347,C013348,46,Male,Coimbra
13348,C013349,67,Female,Faro
13349,C013350,53,Male,Coimbra
13350,C013351,26,Female,Lisbon
13351,C013352,41,Male,Faro
13352,C013353,30,Other,Lisbon
13353,C013354,60,Other,Faro
13354,C013355,53,Male,Coimbra
13355,C013356,23,Female,Braga
13356,C013357,63,Other,Faro
13357,C013358,48,Male,Faro
13358,C013359,21,Male,Coimbra
13359,C013360,16,Male,Braga
13360,C013361,32,Female,Braga
13361,C013362,44,Unknown,Braga
13362,C013363,27,Female,Porto
13363,C013364,44,Male,Lisbon
13364,C013365,55,Other,Lisbon
13365,C013366,29,Other,Braga
13366,C013367,53,Other,Lisbon
13367,C013368,57,Female,Lisbon
13368,C013369,49,Female,Lisbon
13369,C013370,38,Other,Coimbra
13370,C013371,47,Other,Lisbon
13371,C013372,17,Female,Braga
13372,C013373,31,Male,Coimbra
13373,C013374,59,Other,Coimbra
13374,C013375,33,Female,Braga
13375,C013376,20,Male,Porto
13376,C013377,25,Other,Faro
13377,C013378,44,Male,Lisbon
13378,C013379,30,Other,Faro
13379,C013380,21,Other,Faro
13380,C013381,53,Male,Lisbon
13381,C013382,45,Other,Porto
13382,C013383,63,Other,Coimbra
13383,C013384,26,Female,Porto
13384,C013385,62,Female,Porto
13385,C013386,43,Other,Faro
13386,C013387,25,Male,Faro
13387,C013388,30,Male,Lisbon
13388,C013389,56,Female,Coimbra
13389,C013390,48,Female,Braga
13390,C013391,17,Other,Faro
13391,C013392,34,Other,Coimbra
13392,C013393,47,Female,Coimbra
13393,C013394,42,Male,Coimbra
13394,C013395,32,Male,Braga
13395,C013396,44,Male,Coimbra
13396,C013397,67,Other,Porto
13397,C013398,31,Male,Braga
13398,C013399,50,Male,Braga
13399,C013400,63,Female,Faro
13400,C013401,59,Other,Lisbon
13401,C013402,45,Male,Faro
13402,C013403,64,Female,Coimbra
13403,C013404,16,Female,Lisbon
13404,C013405,61,Other,Porto
13405,C013406,18,Male,Braga
13406,C013407,19,Male,Lisbon
13407,C013408,64,Female,Faro
13408,C013409,57,Female,Lisbon
13409,C013410,18,Male,Coimbra
13410,C013411,38,Female,Braga
13411,C013412,60,Other,Coimbra
13412,C013413,53,Male,Porto
13413,C013414,44,Female,Lisbon
13414,C013415,42,Female,Faro
13415,C013416,60,Other,Coimbra
13416,C013417,67,Other,Lisbon
13417,C013418,64,Female,Porto
13418,C013419,31,Male,Coimbra
13419,C013420,45,Female,Faro
13420,C013421,29,Male,Lisbon
13421,C013422,23,Unknown,Porto
13422,C013423,37,Male,Porto
13423,C013424,32,Female,Coimbra
13424,C013425,24,Male,Coimbra
13425,C013426,48,Male,Faro
13426,C013427,49,Other,Lisbon
13427,C013428,42,Male,Faro
13428,C013429,54,Other,Porto
13429,C013430,30,Other,Coimbra
13430,C013431,45,Other,Porto
13431,C013432,27,Male,Coimbra
13432,C013433,21,Female,Porto
13433,C013434,31,Other,Lisbon
13434,C013435,26,Other,Faro
13435,C013436,41,Other,Faro
13436,C013437,47,Male,Faro
13437,C013438,64,Other,Porto
13438,C013439,66,Male,Faro
13439,C013440,44,Other,Lisbon
13440,C013441,58,Male,Coimbra
13441,C013442,41,Female,Faro
13442,C013443,53,Female,Lisbon
13443,C013444,37,Other,Coimbra
13444,C013445,64,Other,Lisbon
13445,C013446,57,Other,Faro
13446,C013447,47,Other,Braga
13447,C013448,45,Other,Coimbra
13448,C013449,38,Other,Coimbra
13449,C013450,37,Male,Coimbra
13450,C013451,36,Other,Faro
13451,C013452,44,Other,Porto
13452,C013453,40,Male,Porto
13453,C013454,49,Female,Faro
13454,C013455,21,Unknown,Faro
13455,C013456,34,Other,Faro
13456,C013457,27,Other,Coimbra
13457,C013458,29,Male,Coimbra
13458,C013459,61,Male,Faro
13459,C013460,27,Female,Lisbon
13460,C013461,37,Male,Faro
13461,C013462,68,Female,Braga
13462,C013463,56,Female,Lisbon
13463,C013464,34,Male,Porto
13464,C013465,44,Female,Braga
13465,C013466,66,Other,Faro
13466,C013467,45,Female,Braga
13467,C013468,56,Male,Coimbra
13468,C013469,21,Male,Lisbon
13469,C013470,18,Female,Lisbon
13470,C013471,42,Other,Lisbon
13471,C013472,59,Male,Coimbra
13472,C013473,18,Male,Lisbon
13473,C013474,26,Female,Lisbon
13474,C013475,32,Female,Coimbra
13475,C013476,55,Male,Porto
13476,C013477,62,Other,Porto
13477,C013478,30,Other,Lisbon
13478,C013479,67,Male,Coimbra
13479,C013480,42,Other,Coimbra
13480,C013481,23,Female,Faro
13481,C013482,25,Male,Faro
13482,C013483,33,Female,Porto
13483,C013484,24,Male,Coimbra
13484,C013485,51,Female,Coimbra
13485,C013486,52,Female,Lisbon
13486,C013487,37,Male,Coimbra
13487,C013488,65,Other,Coimbra
13488,C013489,61,Other,Coimbra
13489,C013490,23,Male,Lisbon
13490,C013491,18,Female,Faro
13491,C013492,18,Female,Coimbra
13492,C013493,56,Female,Coimbra
13493,C013494,58,Other,Faro
13494,C013495,26,Female,Lisbon
13495,C013496,40,Other,Faro
13496,C013497,37,Male,Porto
13497,C013498,46,Male,Coimbra
13498,C013499,57,Male,Faro
13499,C013500,60,Male,Porto
13500,C013501,64,Female,Porto
13501,C013502,62,Other,Braga
13502,C013503,61,Female,Lisbon
13503,C013504,36,Female,Porto
13504,C013505,62,Other,Lisbon
13505,C013506,28,Female,Faro
13506,C013507,64,Female,Faro
13507,C013508,21,Male,Lisbon
13508,C013509,45,Female,Coimbra
13509,C013510,60,Male,Faro
13510,C013511,19,Other,Faro
13511,C013512,46,Male,Faro
13512,C013513,24,Other,Coimbra
13513,C013514,57,Other,Porto
13514,C013515,44,Other,Faro
13515,C013516,67,Male,Braga
13516,C013517,58,Female,Coimbra
13517,C013518,17,Female,Porto
13518,C013519,29,Female,Lisbon
13519,C013520,45,Other,Coimbra
13520,C013521,53,Other,Porto
13521,C013522,38,Female,Porto
13522,C013523,36,Other,Lisbon
13523,C013524,17,Male,Faro
13524,C013525,37,Male,Coimbra
13525,C013526,34,Female,Coimbra
13526,C013527,59,Unknown,Coimbra
13527,C013528,41,Male,Lisbon
13528,C013529,55,Male,Lisbon
13529,C013530,37,Other,Faro
13530,C013531,39,Other,Porto
13531,C013532,34,Male,Braga
13532,C013533,30,Female,Lisbon
13533,C013534,62,Female,Lisbon
13534,C013535,54,Other,Faro
13535,C013536,64,Other,Braga
13536,C013537,23,Other,Braga
13537,C013538,51,Female,Coimbra
13538,C013539,67,Other,Coimbra
13539,C013540,45,Male,Porto
13540,C013541,25,Female,Porto
13541,C013542,29,Other,Lisbon
13542,C013543,57,Male,Porto
13543,C013544,17,Male,Coimbra
13544,C013545,18,Female,Faro
13545,C013546,54,Female,Coimbra
13546,C013547,66,Male,Faro
13547,C013548,21,Male,Coimbra
13548,C013549,51,Female,Porto
13549,C013550,20,Other,Lisbon
13550,C013551,37,Female,Porto
13551,C013552,56,Female,Faro
13552,C013553,52,Female,Braga
13553,C013554,50,Female,Faro
13554,C013555,44,Female,Lisbon
13555,C013556,66,Female,Porto
13556,C013557,56,Female,Coimbra
13557,C013558,18,Male,Faro
13558,C013559,46,Male,Faro
13559,C013560,65,Male,Porto
13560,C013561,33,Female,Braga
13561,C013562,68,Female,Porto
13562,C013563,43,Other,Lisbon
13563,C013564,55,Other,Coimbra
13564,C013565,60,Other,Braga
13565,C013566,37,Male,Porto
13566,C013567,48,Female,Braga
13567,C013568,30,Other,Porto
13568,C013569,45,Female,Braga
13569,C013570,22,Female,Braga
13570,C013571,49,Female,Lisbon
13571,C013572,35,Female,Coimbra
13572,C013573,47,Female,Lisbon
13573,C013574,44,Female,Coimbra
13574,C013575,29,Male,Coimbra
13575,C013576,30,Other,Faro
13576,C013577,23,Female,Lisbon
13577,C013578,42,Other,Braga
13578,C013579,19,Other,Lisbon
13579,C013580,66,Male,Coimbra
13580,C013581,49,Other,Porto
13581,C013582,39,Female,Coimbra
13582,C013583,21,Female,Porto
13583,C013584,32,Male,Faro
13584,C013585,34,Male,Coimbra
13585,C013586,56,Other,Braga
13586,C013587,64,Female,Coimbra
13587,C013588,33,Other,Porto
13588,C013589,28,Male,Braga
13589,C013590,39,Male,Lisbon
13590,C013591,51,Other,Faro
13591,C013592,36,Male,Lisbon
13592,C013593,43,Female,Coimbra
13593,C013594,26,Female,Coimbra
13594,C013595,19,Other,Coimbra
13595,C013596,43,Female,Porto
13596,C013597,22,Male,Coimbra
13597,C013598,54,Other,Lisbon
13598,C013599,41,Male,Faro
13599,C013600,23,Male,Coimbra
13600,C013601,37,Other,Lisbon
13601,C013602,59,Male,Lisbon
13602,C013603,41,Female,Lisbon
13603,C013604,36,Male,Braga
13604,C013605,69,Male,Lisbon
13605,C013606,39,Male,Faro
13606,C013607,21,Female,Porto
13607,C013608,27,Other,Faro
13608,C013609,36,Male,Braga
13609,C013610,30,Other,Faro
13610,C013611,62,Male,Lisbon
13611,C013612,45,Other,Porto
13612,C013613,25,Female,Lisbon
13613,C013614,24,Male,Coimbra
13614,C013615,59,Other,Braga
13615,C013616,31,Male,Braga
13616,C013617,67,Other,Lisbon
13617,C013618,35,Male,Faro
13618,C013619,17,Female,Lisbon
13619,C013620,61,Male,Porto
13620,C013621,53,Female,Porto
13621,C013622,41,Male,Coimbra
13622,C013623,55,Other,Braga
13623,C013624,59,Male,Porto
13624,C013625,40,Other,Coimbra
13625,C013626,37,Female,Lisbon
13626,C013627,56,Male,Porto
13627,C013628,33,Female,Porto
13628,C013629,55,Female,Lisbon
13629,C013630,27,Other,Coimbra
13630,C013631,18,Female,Porto
13631,C013632,26,Other,Faro
13632,C013633,58,Female,Braga
13633,C013634,65,Male,Braga
13634,C013635,51,Female,Porto
13635,C013636,35,Other,Porto
13636,C013637,57,Other,Braga
13637,C013638,48,Female,Porto
13638,C013639,28,Other,Porto
13639,C013640,54,Male,Faro
13640,C013641,27,Male,Porto
13641,C013642,28,Other,Braga
13642,C013643,43,Female,Lisbon
13643,C013644,29,Male,Braga
13644,C013645,22,Other,Braga
13645,C013646,40,Female,Coimbra
13646,C013647,21,Other,Faro
13647,C013648,63,Male,Faro
13648,C013649,67,Female,Lisbon
13649,C013650,20,Male,Coimbra
13650,C013651,55,Female,Porto
13651,C013652,18,Female,Faro
13652,C013653,17,Female,Braga
13653,C013654,44,Male,Braga
13654,C013655,69,Male,Lisbon
13655,C013656,66,Other,Braga
13656,C013657,49,Other,Braga
13657,C013658,31,Other,Porto
13658,C013659,52,Male,Lisbon
13659,C013660,20,Male,Porto
13660,C013661,44,Female,Lisbon
13661,C013662,27,Male,Faro
13662,C013663,42,Female,Faro
13663,C013664,64,Other,Lisbon
13664,C013665,65,Male,Lisbon
13665,C013666,61,Female,Coimbra
13666,C013667,58,Male,Porto
13667,C013668,33,Female,Faro
13668,C013669,19,Male,Faro
13669,C013670,50,Male,Lisbon
13670,C013671,46,Male,Porto
13671,C013672,48,Male,Lisbon
13672,C013673,52,Male,Lisbon
13673,C013674,68,Male,Lisbon
13674,C013675,24,Male,Braga
13675,C013676,27,Other,Faro
13676,C013677,64,Other,Porto
13677,C013678,61,Female,Porto
13678,C013679,17,Male,Lisbon
13679,C013680,42,Male,Coimbra
13680,C013681,30,Male,Porto
13681,C013682,21,Male,Lisbon
13682,C013683,45,Other,Porto
13683,C013684,40,Male,Lisbon
13684,C013685,45,Other,Coimbra
13685,C013686,47,Other,Coimbra
13686,C013687,55,Other,Porto
13687,C013688,21,Other,Lisbon
13688,C013689,68,Female,Braga
13689,C013690,44,Female,Lisbon
13690,C013691,30,Male,Porto
13691,C013692,28,Female,Coimbra
13692,C013693,65,Female,Lisbon
13693,C013694,46,Male,Braga
13694,C013695,42,Male,Porto
13695,C013696,37,Male,Porto
13696,C013697,62,Other,Lisbon
13697,C013698,64,Female,Coimbra
13698,C013699,20,Female,Braga
13699,C013700,21,Female,Braga
13700,C013701,26,Male,Braga
13701,C013702,25,Other,Faro
13702,C013703,17,Male,Coimbra
13703,C013704,66,Male,Porto
13704,C013705,23,Female,Braga
13705,C013706,56,Male,Faro
13706,C013707,53,Other,Faro
13707,C013708,19,Female,Coimbra
13708,C013709,31,Female,Porto
13709,C013710,52,Female,Coimbra
13710,C013711,21,Male,Faro
13711,C013712,63,Male,Lisbon
13712,C013713,43,Other,Coimbra
13713,C013714,64,Male,Faro
13714,C013715,40,Male,Faro
13715,C013716,45,Other,Lisbon
13716,C013717,53,Female,Braga
13717,C013718,42,Male,Braga
13718,C013719,56,Other,Lisbon
13719,C013720,21,Other,Faro
13720,C013721,60,Female,Porto
13721,C013722,20,Female,Faro
13722,C013723,63,Female,Coimbra
13723,C013724,41,Female,Coimbra
13724,C013725,46,Other,Braga
13725,C013726,30,Other,Lisbon
13726,C013727,53,Male,Lisbon
13727,C013728,64,Female,Braga
13728,C013729,53,Other,Porto
13729,C013730,30,Female,Braga
13730,C013731,50,Female,Faro
13731,C013732,52,Female,Lisbon
13732,C013733,18,Female,Braga
13733,C013734,37,Female,Lisbon
13734,C013735,48,Other,Faro
13735,C013736,37,Female,Faro
13736,C013737,35,Other,Braga
13737,C013738,36,Other,Braga
13738,C013739,48,Male,Braga
13739,C013740,61,Female,Coimbra
13740,C013741,42,Other,Lisbon
13741,C013742,39,Male,Coimbra
13742,C013743,56,Male,Coimbra
13743,C013744,34,Female,Coimbra
13744,C013745,46,Other,Porto
13745,C013746,43,Male,Braga
13746,C013747,68,Female,Faro
13747,C013748,36,Male,Faro
13748,C013749,58,Female,Lisbon
13749,C013750,53,Other,Faro
13750,C013751,65,Male,Coimbra
13751,C013752,39,Female,Braga
13752,C013753,65,Other,Faro
13753,C013754,33,Male,Lisbon
13754,C013755,20,Female,Porto
13755,C013756,69,Other,Faro
13756,C013757,38,Male,Porto
13757,C013758,26,Female,Lisbon
13758,C013759,47,Male,Coimbra
13759,C013760,34,Male,Lisbon
13760,C013761,16,Male,Braga
13761,C013762,38,Female,Faro
13762,C013763,46,Female,Faro
13763,C013764,66,Male,Porto
13764,C013765,34,Other,Coimbra
13765,C013766,69,Female,Braga
13766,C013767,68,Female,Porto
13767,C013768,52,Other,Faro
13768,C013769,66,Male,Porto
13769,C013770,41,Other,Faro
13770,C013771,22,Other,Lisbon
13771,C013772,21,Other,Lisbon
13772,C013773,56,Female,Faro
13773,C013774,61,Female,Porto
13774,C013775,51,Female,Braga
13775,C013776,23,Male,Porto
13776,C013777,47,Male,Porto
13777,C013778,27,Female,Coimbra
13778,C013779,52,Male,Braga
13779,C013780,59,Other,Braga
13780,C013781,42,Female,Porto
13781,C013782,47,Male,Coimbra
13782,C013783,30,Female,Porto
13783,C013784,17,Other,Lisbon
13784,C013785,47,Other,Braga
13785,C013786,48,Female,Braga
13786,C013787,62,Other,Lisbon
13787,C013788,21,Male,Porto
13788,C013789,60,Female,Braga
13789,C013790,43,Other,Braga
13790,C013791,34,Other,Lisbon
13791,C013792,17,Female,Porto
13792,C013793,21,Female,Faro
13793,C013794,46,Other,Coimbra
13794,C013795,41,Female,Porto
13795,C013796,22,Other,Coimbra
13796,C013797,68,Other,Braga
13797,C013798,18,Female,Porto
13798,C013799,23,Female,Lisbon
13799,C013800,27,Unknown,Porto
13800,C013801,64,Male,Braga
13801,C013802,62,Male,Lisbon
13802,C013803,40,Male,Faro
13803,C013804,41,Male,Coimbra
13804,C013805,27,Female,Porto
13805,C013806,41,Male,Faro
13806,C013807,19,Female,Coimbra
13807,C013808,33,Other,Faro
13808,C013809,27,Male,Faro
13809,C013810,18,Female,Porto
13810,C013811,18,Female,Braga
13811,C013812,58,Female,Coimbra
13812,C013813,66,Male,Lisbon
13813,C013814,28,Male,Coimbra
13814,C013815,34,Female,Porto
13815,C013816,26,Female,Braga
13816,C013817,37,Female,Faro
13817,C013818,20,Male,Lisbon
13818,C013819,28,Female,Faro
13819,C013820,59,Other,Coimbra
13820,C013821,32,Female,Faro
13821,C013822,28,Other,Porto
13822,C013823,67,Female,Braga
13823,C013824,66,Female,Coimbra
13824,C013825,43,Other,Faro
13825,C013826,68,Female,Lisbon
13826,C013827,50,Female,Lisbon
13827,C013828,44,Female,Coimbra
13828,C013829,19,Female,Coimbra
13829,C013830,66,Female,Braga
13830,C013831,41,Female,Coimbra
13831,C013832,23,Other,Faro
13832,C013833,69,Other,Lisbon
13833,C013834,19,Male,Lisbon
13834,C013835,39,Female,Porto
13835,C013836,44,Other,Faro
13836,C013837,66,Male,Coimbra
13837,C013838,26,Female,Porto
13838,C013839,47,Other,Faro
13839,C013840,62,Female,Braga
13840,C013841,38,Male,Faro
13841,C013842,56,Unknown,Coimbra
13842,C013843,64,Female,Coimbra
13843,C013844,41,Male,Coimbra
13844,C013845,55,Male,Porto
13845,C013846,33,Female,Lisbon
13846,C013847,30,Female,Faro
13847,C013848,20,Male,Faro
13848,C013849,56,Other,Braga
13849,C013850,17,Other,Faro
13850,C013851,60,Other,Braga
13851,C013852,56,Male,Porto
13852,C013853,21,Female,Coimbra
13853,C013854,50,Other,Braga
13854,C013855,58,Other,Porto
13855,C013856,58,Male,Faro
13856,C013857,44,Male,Faro
13857,C013858,55,Female,Lisbon
13858,C013859,52,Other,Lisbon
13859,C013860,31,Female,Porto
13860,C013861,37,Female,Porto
13861,C013862,64,Male,Faro
13862,C013863,67,Female,Porto
13863,C013864,45,Male,Porto
13864,C013865,34,Female,Braga
13865,C013866,52,Male,Coimbra
13866,C013867,55,Female,Braga
13867,C013868,22,Other,Porto
13868,C013869,40,Female,Coimbra
13869,C013870,19,Female,Lisbon
13870,C013871,17,Other,Porto
13871,C013872,28,Female,Braga
13872,C013873,49,Other,Lisbon
13873,C013874,27,Male,Faro
13874,C013875,43,Male,Faro
13875,C013876,60,Unknown,Porto
13876,C013877,34,Other,Coimbra
13877,C013878,17,Female,Porto
13878,C013879,69,Female,Braga
13879,C013880,45,Other,Coimbra
13880,C013881,58,Other,Braga
13881,C013882,34,Other,Coimbra
13882,C013883,48,Male,Lisbon
13883,C013884,16,Male,Faro
13884,C013885,16,Other,Braga
13885,C013886,46,Other,Braga
13886,C013887,17,Male,Coimbra
13887,C013888,23,Female,Coimbra
13888,C013889,67,Male,Porto
13889,C013890,20,Other,Braga
13890,C013891,69,Other,Coimbra
13891,C013892,22,Male,Braga
13892,C013893,52,Female,Coimbra
13893,C013894,20,Other,Porto
13894,C013895,64,Male,Faro
13895,C013896,53,Female,Faro
13896,C013897,31,Other,Lisbon
13897,C013898,33,Male,Braga
13898,C013899,66,Other,Porto
13899,C013900,25,Male,Braga
13900,C013901,34,Male,Faro
13901,C013902,25,Other,Porto
13902,C013903,50,Other,Faro
13903,C013904,63,Other,Lisbon
13904,C013905,47,Female,Lisbon
13905,C013906,68,Male,Porto
13906,C013907,49,Other,Braga
13907,C013908,51,Female,Coimbra
13908,C013909,36,Female,Braga
13909,C013910,36,Other,Braga
13910,C013911,35,Other,Faro
13911,C013912,26,Male,Faro
13912,C013913,27,Other,Coimbra
13913,C013914,23,Male,Faro
13914,C013915,34,Male,Braga
13915,C013916,59,Male,Faro
13916,C013917,49,Male,Braga
13917,C013918,20,Female,Braga
13918,C013919,17,Male,Coimbra
13919,C013920,16,Male,Lisbon
13920,C013921,30,Male,Coimbra
13921,C013922,49,Male,Coimbra
13922,C013923,67,Male,Lisbon
13923,C013924,28,Female,Lisbon
13924,C013925,42,Male,Faro
13925,C013926,16,Female,Lisbon
13926,C013927,56,Female,Braga
13927,C013928,68,Female,Coimbra
13928,C013929,66,Other,Porto
13929,C013930,45,Male,Porto
13930,C013931,35,Other,Faro
13931,C013932,22,Male,Coimbra
13932,C013933,21,Other,Coimbra
13933,C013934,56,Other,Lisbon
13934,C013935,43,Female,Braga
13935,C013936,53,Male,Braga
13936,C013937,36,Other,Coimbra
13937,C013938,41,Other,Coimbra
13938,C013939,17,Female,Lisbon
13939,C013940,51,Female,Coimbra
13940,C013941,60,Other,Braga
13941,C013942,33,Female,Braga
13942,C013943,30,Female,Faro
13943,C013944,39,Male,Porto
13944,C013945,40,Male,Faro
13945,C013946,23,Female,Braga
13946,C013947,35,Male,Faro
13947,C013948,28,Male,Faro
13948,C013949,18,Other,Faro
13949,C013950,34,Other,Coimbra
13950,C013951,41,Other,Coimbra
13951,C013952,16,Male,Lisbon
13952,C013953,31,Female,Faro
13953,C013954,52,Male,Faro
13954,C013955,26,Other,Porto
13955,C013956,57,Female,Braga
13956,C013957,41,Other,Lisbon
13957,C013958,54,Female,Coimbra
13958,C013959,32,Other,Porto
13959,C013960,27,Female,Faro
13960,C013961,69,Female,Coimbra
13961,C013962,33,Other,Porto
13962,C013963,64,Other,Braga
13963,C013964,34,Male,Faro
13964,C013965,26,Other,Coimbra
13965,C013966,68,Male,Coimbra
13966,C013967,56,Male,Lisbon
13967,C013968,69,Female,Coimbra
13968,C013969,50,Female,Coimbra
13969,C013970,35,Male,Faro
13970,C013971,48,Male,Lisbon
13971,C013972,41,Other,Coimbra
13972,C013973,67,Other,Lisbon
13973,C013974,50,Other,Lisbon
13974,C013975,40,Female,Braga
13975,C013976,46,Female,Faro
13976,C013977,22,Female,Faro
13977,C013978,36,Other,Porto
13978,C013979,53,Other,Porto
13979,C013980,54,Other,Braga
13980,C013981,30,Other,Lisbon
13981,C013982,35,Other,Faro
13982,C013983,49,Other,Lisbon
13983,C013984,42,Other,Lisbon
13984,C013985,62,Female,Lisbon
13985,C013986,56,Other,Braga
13986,C013987,48,Male,Lisbon
13987,C013988,32,Male,Lisbon
13988,C013989,56,Male,Coimbra
13989,C013990,46,Other,Coimbra
13990,C013991,56,Male,Coimbra
13991,C013992,18,Female,Braga
13992,C013993,20,Male,Faro
13993,C013994,68,Male,Porto
13994,C013995,63,Female,Coimbra
13995,C013996,69,Female,Braga
13996,C013997,64,Male,Braga
13997,C013998,38,Other,Porto
13998,C013999,28,Male,Braga
13999,C014000,45,Female,Coimbra
14000,C014001,29,Female,Lisbon
14001,C014002,68,Male,Faro
14002,C014003,50,Male,Lisbon
14003,C014004,23,Other,Faro
14004,C014005,33,Male,Coimbra
14005,C014006,52,Other,Lisbon
14006,C014007,21,Other,Lisbon
14007,C014008,24,Other,Porto
14008,C014009,56,Female,Braga
14009,C014010,20,Male,Faro
14010,C014011,61,Female,Lisbon
14011,C014012,65,Other,Lisbon
14012,C014013,21,Female,Braga
14013,C014014,46,Female,Porto
14014,C014015,44,Male,Coimbra
14015,C014016,56,Other,Faro
14016,C014017,43,Other,Porto
14017,C014018,62,Other,Lisbon
14018,C014019,22,Other,Lisbon
14019,C014020,20,Male,Braga
14020,C014021,54,Female,Coimbra
14021,C014022,62,Female,Lisbon
14022,C014023,35,Male,Braga
14023,C014024,27,Male,Coimbra
14024,C014025,68,Female,Coimbra
14025,C014026,37,Female,Faro
14026,C014027,42,Male,Porto
14027,C014028,31,Female,Braga
14028,C014029,60,Male,Porto
14029,C014030,49,Other,Braga
14030,C014031,65,Other,Braga
14031,C014032,58,Other,Porto
14032,C014033,32,Female,Coimbra
14033,C014034,37,Female,Lisbon
14034,C014035,18,Male,Porto
14035,C014036,26,Other,Faro
14036,C014037,49,Other,Coimbra
14037,C014038,57,Female,Lisbon
14038,C014039,31,Other,Lisbon
14039,C014040,27,Unknown,Faro
14040,C014041,34,Male,Braga
14041,C014042,27,Male,Porto
14042,C014043,51,Female,Braga
14043,C014044,28,Female,Lisbon
14044,C014045,61,Other,Faro
14045,C014046,52,Other,Coimbra
14046,C014047,66,Male,Coimbra
14047,C014048,43,Other,Coimbra
14048,C014049,46,Female,Coimbra
14049,C014050,19,Female,Braga
14050,C014051,35,Other,Porto
14051,C014052,18,Male,Braga
14052,C014053,47,Other,Faro
14053,C014054,45,Other,Coimbra
14054,C014055,51,Other,Braga
14055,C014056,35,Female,Faro
14056,C014057,46,Female,Porto
14057,C014058,22,Female,Faro
14058,C014059,60,Female,Faro
14059,C014060,20,Other,Lisbon
14060,C014061,42,Female,Braga
14061,C014062,41,Other,Coimbra
14062,C014063,38,Female,Coimbra
14063,C014064,57,Male,Lisbon
14064,C014065,57,Male,Coimbra
14065,C014066,25,Other,Faro
14066,C014067,51,Male,Lisbon
14067,C014068,27,Male,Faro
14068,C014069,25,Female,Porto
14069,C014070,46,Unknown,Lisbon
14070,C014071,54,Male,Braga
14071,C014072,44,Female,Braga
14072,C014073,60,Other,Lisbon
14073,C014074,55,Other,Coimbra
14074,C014075,41,Other,Faro
14075,C014076,45,Female,Lisbon
14076,C014077,43,Other,Braga
14077,C014078,51,Other,Faro
14078,C014079,28,Female,Braga
14079,C014080,55,Male,Lisbon
14080,C014081,18,Female,Porto
14081,C014082,29,Other,Coimbra
14082,C014083,68,Male,Porto
14083,C014084,42,Other,Coimbra
14084,C014085,26,Other,Braga
14085,C014086,37,Other,Faro
14086,C014087,65,Other,Braga
14087,C014088,60,Female,Coimbra
14088,C014089,29,Female,Lisbon
14089,C014090,45,Male,Porto
14090,C014091,40,Female,Braga
14091,C014092,65,Male,Coimbra
14092,C014093,53,Female,Lisbon
14093,C014094,47,Female,Porto
14094,C014095,46,Female,Coimbra
14095,C014096,49,Female,Coimbra
14096,C014097,26,Other,Faro
14097,C014098,45,Other,Faro
14098,C014099,33,Female,Coimbra
14099,C014100,59,Male,Lisbon
14100,C014101,28,Male,Porto
14101,C014102,49,Other,Faro
14102,C014103,43,Other,Lisbon
14103,C014104,35,Male,Lisbon
14104,C014105,41,Male,Lisbon
14105,C014106,44,Other,Faro
14106,C014107,46,Female,Lisbon
14107,C014108,25,Male,Porto
14108,C014109,42,Male,Braga
14109,C014110,52,Other,Faro
14110,C014111,26,Male,Faro
14111,C014112,27,Unknown,Braga
14112,C014113,51,Female,Porto
14113,C014114,30,Other,Lisbon
14114,C014115,28,Male,Braga
14115,C014116,48,Male,Faro
14116,C014117,61,Male,Braga
14117,C014118,48,Male,Porto
14118,C014119,47,Male,Faro
14119,C014120,31,Other,Porto
14120,C014121,21,Other,Porto
14121,C014122,31,Other,Faro
14122,C014123,28,Female,Porto
14123,C014124,37,Female,Porto
14124,C014125,62,Female,Porto
14125,C014126,66,Female,Porto
14126,C014127,57,Male,Porto
14127,C014128,31,Female,Porto
14128,C014129,49,Other,Lisbon
14129,C014130,57,Other,Coimbra
14130,C014131,27,Other,Porto
14131,C014132,31,Female,Faro
14132,C014133,34,Other,Braga
14133,C014134,33,Female,Faro
14134,C014135,53,Other,Coimbra
14135,C014136,61,Other,Lisbon
14136,C014137,68,Male,Lisbon
14137,C014138,38,Male,Coimbra
14138,C014139,32,Male,Braga
14139,C014140,28,Male,Porto
14140,C014141,45,Male,Coimbra
14141,C014142,53,Male,Braga
14142,C014143,34,Other,Braga
14143,C014144,44,Other,Porto
14144,C014145,52,Male,Lisbon
14145,C014146,29,Female,Faro
14146,C014147,45,Female,Coimbra
14147,C014148,55,Other,Coimbra
14148,C014149,26,Female,Coimbra
14149,C014150,49,Male,Porto
14150,C014151,32,Male,Coimbra
14151,C014152,63,Other,Porto
14152,C014153,32,Female,Lisbon
14153,C014154,23,Male,Braga
14154,C014155,37,Other,Faro
14155,C014156,17,Male,Coimbra
14156,C014157,67,Female,Faro
14157,C014158,55,Female,Lisbon
14158,C014159,39,Other,Braga
14159,C014160,43,Male,Lisbon
14160,C014161,40,Male,Lisbon
14161,C014162,60,Male,Faro
14162,C014163,32,Other,Faro
14163,C014164,19,Other,Coimbra
14164,C014165,64,Male,Lisbon
14165,C014166,58,Male,Lisbon
14166,C014167,55,Female,Braga
14167,C014168,16,Other,Porto
14168,C014169,31,Male,Porto
14169,C014170,43,Female,Faro
14170,C014171,51,Other,Porto
14171,C014172,36,Male,Lisbon
14172,C014173,67,Other,Faro
14173,C014174,43,Female,Braga
14174,C014175,65,Female,Porto
14175,C014176,23,Other,Braga
14176,C014177,45,Male,Faro
14177,C014178,35,Male,Coimbra
14178,C014179,52,Other,Faro
14179,C014180,18,Male,Coimbra
14180,C014181,54,Other,Coimbra
14181,C014182,51,Female,Lisbon
14182,C014183,53,Female,Faro
14183,C014184,26,Male,Lisbon
14184,C014185,24,Other,Coimbra
14185,C014186,48,Male,Coimbra
14186,C014187,43,Female,Porto
14187,C014188,56,Other,Coimbra
14188,C014189,66,Other,Faro
14189,C014190,66,Other,Porto
14190,C014191,66,Male,Porto
14191,C014192,61,Other,Lisbon
14192,C014193,43,Female,Lisbon
14193,C014194,49,Female,Braga
14194,C014195,68,Male,Faro
14195,C014196,29,Other,Coimbra
14196,C014197,25,Female,Braga
14197,C014198,17,Male,Coimbra
14198,C014199,49,Other,Lisbon
14199,C014200,45,Male,Braga
14200,C014201,65,Other,Faro
14201,C014202,58,Male,Braga
14202,C014203,23,Other,Porto
14203,C014204,64,Male,Coimbra
14204,C014205,33,Other,Braga
14205,C014206,57,Other,Coimbra
14206,C014207,68,Other,Porto
14207,C014208,17,Male,Lisbon
14208,C014209,40,Male,Porto
14209,C014210,42,Male,Lisbon
14210,C014211,38,Male,Faro
14211,C014212,24,Female,Braga
14212,C014213,49,Female,Faro
14213,C014214,22,Female,Coimbra
14214,C014215,32,Other,Coimbra
14215,C014216,35,Female,Porto
14216,C014217,19,Male,Coimbra
14217,C014218,49,Male,Porto
14218,C014219,33,Other,Braga
14219,C014220,31,Other,Faro
14220,C014221,44,Female,Lisbon
14221,C014222,38,Other,Braga
14222,C014223,19,Male,Lisbon
14223,C014224,42,Male,Faro
14224,C014225,30,Female,Faro
14225,C014226,40,Other,Lisbon
14226,C014227,61,Male,Faro
14227,C014228,50,Female,Lisbon
14228,C014229,57,Male,Faro
14229,C014230,52,Male,Lisbon
14230,C014231,59,Female,Lisbon
14231,C014232,32,Male,Coimbra
14232,C014233,56,Male,Faro
14233,C014234,34,Female,Coimbra
14234,C014235,46,Female,Coimbra
14235,C014236,65,Other,Porto
14236,C014237,23,Other,Coimbra
14237,C014238,42,Other,Braga
14238,C014239,19,Other,Faro
14239,C014240,22,Other,Porto
14240,C014241,51,Female,Braga
14241,C014242,41,Other,Coimbra
14242,C014243,19,Male,Coimbra
14243,C014244,22,Male,Coimbra
14244,C014245,31,Female,Porto
14245,C014246,59,Other,Porto
14246,C014247,33,Male,Coimbra
14247,C014248,56,Male,Braga
14248,C014249,47,Male,Porto
14249,C014250,48,Other,Coimbra
14250,C014251,64,Other,Coimbra
14251,C014252,24,Male,Porto
14252,C014253,69,Female,Lisbon
14253,C014254,22,Female,Lisbon
14254,C014255,38,Other,Lisbon
14255,C014256,25,Other,Lisbon
14256,C014257,23,Female,Braga
14257,C014258,26,Other,Porto
14258,C014259,31,Male,Faro
14259,C014260,22,Male,Lisbon
14260,C014261,21,Male,Lisbon
14261,C014262,36,Male,Porto
14262,C014263,63,Other,Porto
14263,C014264,19,Other,Porto
14264,C014265,23,Other,Faro
14265,C014266,23,Male,Lisbon
14266,C014267,42,Male,Lisbon
14267,C014268,17,Other,Coimbra
14268,C014269,33,Female,Lisbon
14269,C014270,24,Female,Coimbra
14270,C014271,16,Male,Lisbon
14271,C014272,58,Female,Faro
14272,C014273,16,Female,Faro
14273,C014274,36,Other,Coimbra
14274,C014275,32,Other,Coimbra
14275,C014276,32,Other,Faro
14276,C014277,65,Other,Coimbra
14277,C014278,30,Female,Faro
14278,C014279,63,Male,Porto
14279,C014280,69,Female,Lisbon
14280,C014281,65,Other,Porto
14281,C014282,53,Other,Lisbon
14282,C014283,61,Female,Faro
14283,C014284,60,Male,Lisbon
14284,C014285,37,Female,Lisbon
14285,C014286,30,Other,Coimbra
14286,C014287,59,Female,Coimbra
14287,C014288,21,Female,Porto
14288,C014289,21,Other,Coimbra
14289,C014290,52,Female,Braga
14290,C014291,65,Other,Coimbra
14291,C014292,62,Female,Faro
14292,C014293,17,Female,Faro
14293,C014294,33,Female,Braga
14294,C014295,37,Female,Coimbra
14295,C014296,27,Female,Braga
14296,C014297,47,Male,Faro
14297,C014298,21,Male,Lisbon
14298,C014299,59,Other,Coimbra
14299,C014300,39,Other,Lisbon
14300,C014301,48,Other,Lisbon
14301,C014302,52,Female,Lisbon
14302,C014303,68,Female,Coimbra
14303,C014304,48,Female,Faro
14304,C014305,27,Female,Porto
14305,C014306,52,Female,Coimbra
14306,C014307,69,Female,Lisbon
14307,C014308,61,Male,Lisbon
14308,C014309,66,Other,Porto
14309,C014310,66,Other,Coimbra
14310,C014311,30,Male,Coimbra
14311,C014312,38,Female,Coimbra
14312,C014313,16,Other,Lisbon
14313,C014314,52,Other,Braga
14314,C014315,33,Unknown,Coimbra
14315,C014316,49,Other,Braga
14316,C014317,40,Other,Faro
14317,C014318,42,Male,Faro
14318,C014319,47,Other,Faro
14319,C014320,54,Male,Porto
14320,C014321,64,Male,Braga
14321,C014322,26,Other,Coimbra
14322,C014323,44,Male,Coimbra
14323,C014324,26,Female,Lisbon
14324,C014325,47,Other,Braga
14325,C014326,22,Other,Coimbra
14326,C014327,22,Male,Faro
14327,C014328,50,Male,Porto
14328,C014329,39,Other,Braga
14329,C014330,33,Male,Braga
14330,C014331,20,Female,Braga
14331,C014332,28,Female,Faro
14332,C014333,50,Other,Lisbon
14333,C014334,53,Male,Faro
14334,C014335,59,Other,Lisbon
14335,C014336,48,Other,Coimbra
14336,C014337,57,Female,Porto
14337,C014338,43,Other,Faro
14338,C014339,38,Female,Braga
14339,C014340,46,Other,Braga
14340,C014341,47,Other,Coimbra
14341,C014342,18,Female,Porto
14342,C014343,33,Female,Faro
14343,C014344,55,Female,Porto
14344,C014345,61,Female,Porto
14345,C014346,20,Male,Lisbon
14346,C014347,68,Female,Braga
14347,C014348,61,Female,Braga
14348,C014349,16,Male,Faro
14349,C014350,16,Male,Porto
14350,C014351,24,Male,Braga
14351,C014352,16,Male,Lisbon
14352,C014353,55,Female,Lisbon
14353,C014354,46,Other,Faro
14354,C014355,54,Female,Porto
14355,C014356,63,Male,Lisbon
14356,C014357,56,Other,Braga
14357,C014358,38,Other,Faro
14358,C014359,59,Other,Porto
14359,C014360,32,Female,Braga
14360,C014361,18,Other,Lisbon
14361,C014362,35,Male,Faro
14362,C014363,41,Other,Faro
14363,C014364,26,Female,Porto
14364,C014365,44,Female,Braga
14365,C014366,60,Other,Porto
14366,C014367,18,Female,Coimbra
14367,C014368,26,Other,Faro
14368,C014369,45,Male,Coimbra
14369,C014370,58,Female,Faro
14370,C014371,23,Female,Coimbra
14371,C014372,37,Other,Coimbra
14372,C014373,24,Other,Porto
14373,C014374,68,Male,Coimbra
14374,C014375,22,Female,Coimbra
14375,C014376,30,Female,Lisbon
14376,C014377,23,Male,Braga
14377,C014378,58,Other,Braga
14378,C014379,63,Other,Braga
14379,C014380,29,Male,Faro
14380,C014381,20,Female,Coimbra
14381,C014382,65,Male,Faro
14382,C014383,63,Female,Faro
14383,C014384,48,Male,Braga
14384,C014385,34,Female,Faro
14385,C014386,43,Female,Coimbra
14386,C014387,69,Other,Faro
14387,C014388,28,Other,Porto
14388,C014389,64,Other,Faro
14389,C014390,69,Female,Lisbon
14390,C014391,46,Male,Coimbra
14391,C014392,67,Other,Faro
14392,C014393,48,Other,Coimbra
14393,C014394,22,Female,Porto
14394,C014395,43,Female,Lisbon
14395,C014396,23,Male,Faro
14396,C014397,60,Male,Porto
14397,C014398,66,Female,Porto
14398,C014399,59,Male,Lisbon
14399,C014400,67,Male,Faro
14400,C014401,66,Female,Lisbon
14401,C014402,69,Other,Braga
14402,C014403,47,Female,Porto
14403,C014404,50,Other,Coimbra
14404,C014405,20,Other,Braga
14405,C014406,35,Female,Lisbon
14406,C014407,54,Other,Braga
14407,C014408,43,Female,Lisbon
14408,C014409,69,Female,Braga
14409,C014410,36,Unknown,Lisbon
14410,C014411,48,Other,Lisbon
14411,C014412,64,Male,Faro
14412,C014413,37,Female,Porto
14413,C014414,29,Male,Coimbra
14414,C014415,53,Female,Porto
14415,C014416,67,Male,Coimbra
14416,C014417,27,Female,Lisbon
14417,C014418,30,Female,Coimbra
14418,C014419,18,Other,Braga
14419,C014420,27,Male,Porto
14420,C014421,66,Female,Faro
14421,C014422,43,Female,Coimbra
14422,C014423,27,Female,Coimbra
14423,C014424,53,Male,Braga
14424,C014425,35,Female,Lisbon
14425,C014426,64,Male,Faro
14426,C014427,32,Other,Faro
14427,C014428,42,Male,Porto
14428,C014429,55,Other,Faro
14429,C014430,32,Female,Coimbra
14430,C014431,46,Male,Faro
14431,C014432,36,Female,Faro
14432,C014433,36,Other,Braga
14433,C014434,68,Female,Porto
14434,C014435,43,Male,Faro
14435,C014436,42,Female,Coimbra
14436,C014437,57,Female,Lisbon
14437,C014438,24,Male,Braga
14438,C014439,47,Male,Lisbon
14439,C014440,63,Other,Faro
14440,C014441,68,Female,Porto
14441,C014442,19,Female,Faro
14442,C014443,52,Female,Braga
14443,C014444,17,Other,Lisbon
14444,C014445,29,Other,Lisbon
14445,C014446,46,Male,Braga
14446,C014447,21,Other,Porto
14447,C014448,65,Other,Coimbra
14448,C014449,48,Female,Coimbra
14449,C014450,23,Male,Coimbra
14450,C014451,41,Female,Porto
14451,C014452,29,Male,Coimbra
14452,C014453,17,Female,Porto
14453,C014454,44,Other,Coimbra
14454,C014455,28,Female,Lisbon
14455,C014456,57,Male,Lisbon
14456,C014457,30,Female,Lisbon
14457,C014458,29,Other,Coimbra
14458,C014459,21,Other,Faro
14459,C014460,40,Male,Porto
14460,C014461,67,Female,Porto
14461,C014462,25,Female,Porto
14462,C014463,16,Unknown,Porto
14463,C014464,21,Female,Coimbra
14464,C014465,38,Male,Braga
14465,C014466,56,Other,Coimbra
14466,C014467,50,Male,Coimbra
14467,C014468,62,Male,Lisbon
14468,C014469,43,Female,Faro
14469,C014470,48,Male,Faro
14470,C014471,23,Female,Porto
14471,C014472,32,Other,Coimbra
14472,C014473,56,Other,Porto
14473,C014474,63,Female,Lisbon
14474,C014475,58,Male,Lisbon
14475,C014476,18,Male,Coimbra
14476,C014477,52,Male,Porto
14477,C014478,35,Female,Braga
14478,C014479,29,Other,Porto
14479,C014480,46,Other,Coimbra
14480,C014481,25,Male,Faro
14481,C014482,38,Other,Lisbon
14482,C014483,21,Other,Porto
14483,C014484,50,Female,Faro
14484,C014485,36,Other,Coimbra
14485,C014486,60,Female,Braga
14486,C014487,43,Other,Faro
14487,C014488,21,Female,Coimbra
14488,C014489,60,Male,Porto
14489,C014490,55,Female,Braga
14490,C014491,44,Other,Porto
14491,C014492,67,Female,Coimbra
14492,C014493,33,Male,Braga
14493,C014494,58,Other,Porto
14494,C014495,61,Female,Faro
14495,C014496,43,Female,Lisbon
14496,C014497,64,Male,Lisbon
14497,C014498,50,Female,Porto
14498,C014499,37,Other,Faro
14499,C014500,50,Unknown,Lisbon
14500,C014501,35,Male,Braga
14501,C014502,46,Other,Faro
14502,C014503,18,Male,Coimbra
14503,C014504,59,Male,Braga
14504,C014505,22,Other,Faro
14505,C014506,18,Female,Braga
14506,C014507,51,Other,Coimbra
14507,C014508,25,Female,Faro
14508,C014509,69,Female,Porto
14509,C014510,68,Other,Coimbra
14510,C014511,69,Other,Porto
14511,C014512,61,Female,Faro
14512,C014513,69,Male,Braga
14513,C014514,62,Other,Faro
14514,C014515,28,Male,Lisbon
14515,C014516,46,Male,Coimbra
14516,C014517,63,Male,Faro
14517,C014518,68,Female,Faro
14518,C014519,53,Female,Faro
14519,C014520,66,Male,Porto
14520,C014521,35,Other,Faro
14521,C014522,50,Other,Braga
14522,C014523,32,Female,Braga
14523,C014524,26,Other,Faro
14524,C014525,55,Other,Coimbra
14525,C014526,36,Female,Lisbon
14526,C014527,25,Other,Porto
14527,C014528,69,Other,Faro
14528,C014529,52,Male,Faro
14529,C014530,65,Other,Lisbon
14530,C014531,32,Male,Faro
14531,C014532,21,Male,Lisbon
14532,C014533,68,Other,Porto
14533,C014534,35,Female,Lisbon
14534,C014535,48,Male,Braga
14535,C014536,23,Other,Coimbra
14536,C014537,44,Male,Coimbra
14537,C014538,43,Other,Braga
14538,C014539,63,Female,Coimbra
14539,C014540,61,Female,Braga
14540,C014541,63,Female,Faro
14541,C014542,62,Female,Lisbon
14542,C014543,19,Other,Porto
14543,C014544,49,Male,Porto
14544,C014545,24,Female,Braga
14545,C014546,19,Female,Lisbon
14546,C014547,38,Other,Faro
14547,C014548,33,Male,Braga
14548,C014549,65,Other,Faro
14549,C014550,59,Female,Lisbon
14550,C014551,16,Male,Lisbon
14551,C014552,38,Other,Braga
14552,C014553,27,Other,Faro
14553,C014554,37,Male,Braga
14554,C014555,51,Other,Coimbra
14555,C014556,69,Male,Coimbra
14556,C014557,31,Other,Braga
14557,C014558,27,Female,Faro
14558,C014559,65,Female,Coimbra
14559,C014560,37,Male,Braga
14560,C014561,37,Male,Coimbra
14561,C014562,54,Other,Coimbra
14562,C014563,60,Female,Porto
14563,C014564,47,Female,Porto
14564,C014565,69,Male,Coimbra
14565,C014566,56,Other,Coimbra
14566,C014567,68,Female,Porto
14567,C014568,24,Male,Faro
14568,C014569,26,Female,Braga
14569,C014570,48,Female,Braga
14570,C014571,65,Other,Coimbra
14571,C014572,40,Other,Faro
14572,C014573,51,Female,Faro
14573,C014574,44,Other,Lisbon
14574,C014575,25,Female,Coimbra
14575,C014576,32,Male,Lisbon
14576,C014577,41,Other,Braga
14577,C014578,17,Male,Lisbon
14578,C014579,48,Other,Porto
14579,C014580,69,Female,Porto
14580,C014581,29,Male,Faro
14581,C014582,33,Unknown,Porto
14582,C014583,27,Other,Coimbra
14583,C014584,20,Male,Porto
14584,C014585,28,Male,Porto
14585,C014586,25,Female,Braga
14586,C014587,36,Other,Faro
14587,C014588,65,Female,Lisbon
14588,C014589,19,Male,Braga
14589,C014590,48,Male,Lisbon
14590,C014591,32,Female,Coimbra
14591,C014592,23,Male,Porto
14592,C014593,43,Female,Braga
14593,C014594,61,Male,Braga
14594,C014595,23,Female,Faro
14595,C014596,47,Other,Lisbon
14596,C014597,63,Female,Faro
14597,C014598,37,Female,Porto
14598,C014599,20,Female,Porto
14599,C014600,55,Female,Faro
14600,C014601,21,Female,Porto
14601,C014602,49,Female,Lisbon
14602,C014603,24,Other,Porto
14603,C014604,55,Male,Braga
14604,C014605,39,Other,Coimbra
14605,C014606,33,Female,Coimbra
14606,C014607,39,Unknown,Braga
14607,C014608,50,Other,Faro
14608,C014609,39,Female,Porto
14609,C014610,63,Female,Coimbra
14610,C014611,57,Male,Braga
14611,C014612,64,Male,Lisbon
14612,C014613,26,Male,Coimbra
14613,C014614,69,Female,Coimbra
14614,C014615,50,Male,Coimbra
14615,C014616,48,Female,Coimbra
14616,C014617,66,Male,Lisbon
14617,C014618,51,Male,Porto
14618,C014619,59,Male,Braga
14619,C014620,29,Female,Lisbon
14620,C014621,39,Male,Coimbra
14621,C014622,34,Female,Porto
14622,C014623,52,Other,Porto
14623,C014624,22,Other,Faro
14624,C014625,28,Male,Coimbra
14625,C014626,31,Other,Coimbra
14626,C014627,65,Female,Faro
14627,C014628,47,Other,Porto
14628,C014629,39,Female,Faro
14629,C014630,66,Female,Braga
14630,C014631,54,Other,Faro
14631,C014632,57,Female,Coimbra
14632,C014633,34,Other,Faro
14633,C014634,41,Female,Lisbon
14634,C014635,32,Male,Coimbra
14635,C014636,60,Other,Braga
14636,C014637,53,Male,Lisbon
14637,C014638,59,Female,Porto
14638,C014639,64,Female,Coimbra
14639,C014640,49,Male,Coimbra
14640,C014641,16,Other,Porto
14641,C014642,24,Female,Faro
14642,C014643,17,Female,Lisbon
14643,C014644,19,Female,Coimbra
14644,C014645,65,Male,Lisbon
14645,C014646,66,Male,Coimbra
14646,C014647,32,Other,Porto
14647,C014648,41,Female,Faro
14648,C014649,66,Female,Lisbon
14649,C014650,64,Other,Coimbra
14650,C014651,18,Male,Lisbon
14651,C014652,27,Female,Faro
14652,C014653,24,Other,Porto
14653,C014654,22,Female,Braga
14654,C014655,69,Other,Porto
14655,C014656,30,Female,Faro
14656,C014657,48,Male,Braga
14657,C014658,25,Female,Coimbra
14658,C014659,36,Male,Braga
14659,C014660,39,Female,Porto
14660,C014661,63,Other,Porto
14661,C014662,65,Other,Faro
14662,C014663,23,Male,Coimbra
14663,C014664,49,Female,Coimbra
14664,C014665,36,Female,Faro
14665,C014666,53,Female,Lisbon
14666,C014667,46,Female,Braga
14667,C014668,50,Other,Faro
14668,C014669,55,Male,Coimbra
14669,C014670,49,Other,Coimbra
14670,C014671,16,Male,Coimbra
14671,C014672,36,Male,Faro
14672,C014673,34,Other,Braga
14673,C014674,27,Other,Faro
14674,C014675,48,Male,Braga
14675,C014676,41,Female,Coimbra
14676,C014677,41,Male,Lisbon
14677,C014678,47,Male,Faro
14678,C014679,59,Other,Coimbra
14679,C014680,37,Other,Coimbra
14680,C014681,34,Other,Lisbon
14681,C014682,21,Other,Coimbra
14682,C014683,31,Female,Braga
14683,C014684,17,Male,Porto
14684,C014685,34,Male,Braga
14685,C014686,32,Other,Porto
14686,C014687,62,Other,Coimbra
14687,C014688,59,Other,Porto
14688,C014689,27,Other,Faro
14689,C014690,18,Other,Coimbra
14690,C014691,57,Female,Braga
14691,C014692,28,Other,Porto
14692,C014693,33,Male,Coimbra
14693,C014694,44,Other,Braga
14694,C014695,52,Male,Porto
14695,C014696,35,Other,Porto
14696,C014697,66,Female,Braga
14697,C014698,64,Female,Braga
14698,C014699,26,Male,Lisbon
14699,C014700,68,Other,Porto
14700,C014701,56,Other,Braga
14701,C014702,20,Male,Faro
14702,C014703,48,Male,Braga
14703,C014704,43,Other,Coimbra
14704,C014705,56,Male,Porto
14705,C014706,64,Other,Porto
14706,C014707,66,Male,Lisbon
14707,C014708,33,Other,Faro
14708,C014709,64,Other,Faro
14709,C014710,22,Female,Porto
14710,C014711,16,Unknown,Lisbon
14711,C014712,21,Female,Coimbra
14712,C014713,39,Other,Faro
14713,C014714,67,Male,Porto
14714,C014715,41,Female,Coimbra
14715,C014716,68,Male,Coimbra
14716,C014717,47,Female,Braga
14717,C014718,45,Male,Lisbon
14718,C014719,20,Other,Coimbra
14719,C014720,35,Other,Coimbra
14720,C014721,61,Male,Porto
14721,C014722,52,Female,Coimbra
14722,C014723,68,Female,Porto
14723,C014724,36,Male,Lisbon
14724,C014725,47,Female,Coimbra
14725,C014726,18,Male,Lisbon
14726,C014727,47,Other,Faro
14727,C014728,29,Other,Coimbra
14728,C014729,19,Female,Faro
14729,C014730,49,Other,Braga
14730,C014731,28,Other,Porto
14731,C014732,43,Male,Faro
14732,C014733,62,Female,Lisbon
14733,C014734,25,Other,Braga
14734,C014735,58,Female,Braga
14735,C014736,23,Male,Lisbon
14736,C014737,53,Male,Braga
14737,C014738,21,Other,Faro
14738,C014739,40,Male,Braga
14739,C014740,69,Other,Faro
14740,C014741,55,Other,Braga
14741,C014742,61,Female,Porto
14742,C014743,45,Female,Porto
14743,C014744,61,Female,Faro
14744,C014745,50,Male,Faro
14745,C014746,20,Male,Lisbon
14746,C014747,21,Female,Coimbra
14747,C014748,52,Male,Lisbon
14748,C014749,45,Female,Braga
14749,C014750,69,Other,Braga
14750,C014751,68,Male,Lisbon
14751,C014752,36,Male,Faro
14752,C014753,52,Other,Braga
14753,C014754,63,Male,Lisbon
14754,C014755,48,Female,Faro
14755,C014756,55,Male,Porto
14756,C014757,33,Female,Porto
14757,C014758,59,Female,Lisbon
14758,C014759,24,Male,Braga
14759,C014760,68,Other,Coimbra
14760,C014761,48,Male,Lisbon
14761,C014762,46,Other,Coimbra
14762,C014763,19,Other,Faro
14763,C014764,47,Male,Faro
14764,C014765,46,Male,Coimbra
14765,C014766,22,Male,Porto
14766,C014767,56,Male,Porto
14767,C014768,53,Other,Lisbon
14768,C014769,67,Other,Braga
14769,C014770,22,Other,Faro
14770,C014771,33,Other,Porto
14771,C014772,45,Male,Porto
14772,C014773,39,Other,Coimbra
14773,C014774,24,Female,Braga
14774,C014775,16,Female,Porto
14775,C014776,35,Female,Coimbra
14776,C014777,63,Female,Lisbon
14777,C014778,47,Male,Porto
14778,C014779,48,Other,Braga
14779,C014780,29,Other,Braga
14780,C014781,45,Other,Lisbon
14781,C014782,64,Female,Braga
14782,C014783,34,Male,Coimbra
14783,C014784,61,Male,Porto
14784,C014785,45,Female,Coimbra
14785,C014786,68,Female,Faro
14786,C014787,61,Male,Lisbon
14787,C014788,36,Male,Braga
14788,C014789,37,Other,Braga
14789,C014790,19,Male,Braga
14790,C014791,38,Other,Coimbra
14791,C014792,61,Male,Braga
14792,C014793,57,Female,Porto
14793,C014794,55,Other,Braga
14794,C014795,49,Other,Lisbon
14795,C014796,51,Female,Lisbon
14796,C014797,50,Other,Coimbra
14797,C014798,35,Other,Lisbon
14798,C014799,51,Male,Braga
14799,C014800,69,Other,Porto
14800,C014801,18,Female,Coimbra
14801,C014802,36,Male,Braga
14802,C014803,59,Other,Lisbon
14803,C014804,56,Other,Lisbon
14804,C014805,50,Male,Faro
14805,C014806,69,Male,Faro
14806,C014807,53,Female,Coimbra
14807,C014808,66,Other,Coimbra
14808,C014809,19,Female,Porto
14809,C014810,64,Other,Coimbra
14810,C014811,34,Unknown,Coimbra
14811,C014812,49,Other,Braga
14812,C014813,27,Male,Coimbra
14813,C014814,54,Female,Faro
14814,C014815,64,Female,Faro
14815,C014816,36,Female,Faro
14816,C014817,47,Female,Porto
14817,C014818,38,Other,Porto
14818,C014819,19,Female,Coimbra
14819,C014820,20,Male,Porto
14820,C014821,30,Female,Coimbra
14821,C014822,64,Male,Lisbon
14822,C014823,50,Male,Porto
14823,C014824,47,Male,Braga
14824,C014825,29,Male,Faro
14825,C014826,57,Male,Braga
14826,C014827,29,Female,Coimbra
14827,C014828,24,Female,Porto
14828,C014829,58,Female,Faro
14829,C014830,51,Male,Braga
14830,C014831,60,Female,Braga
14831,C014832,67,Other,Lisbon
14832,C014833,41,Male,Porto
14833,C014834,60,Other,Braga
14834,C014835,21,Other,Coimbra
14835,C014836,31,Male,Lisbon
14836,C014837,47,Female,Coimbra
14837,C014838,52,Female,Porto
14838,C014839,43,Female,Lisbon
14839,C014840,66,Female,Coimbra
14840,C014841,49,Other,Lisbon
14841,C014842,42,Male,Coimbra
14842,C014843,66,Male,Faro
14843,C014844,68,Male,Coimbra
14844,C014845,37,Male,Coimbra
14845,C014846,41,Unknown,Lisbon
14846,C014847,69,Other,Braga
14847,C014848,69,Female,Faro
14848,C014849,26,Male,Lisbon
14849,C014850,60,Female,Faro
14850,C014851,47,Female,Faro
14851,C014852,34,Other,Faro
14852,C014853,21,Female,Braga
14853,C014854,50,Female,Braga
14854,C014855,36,Female,Coimbra
14855,C014856,38,Other,Lisbon
14856,C014857,16,Female,Coimbra
14857,C014858,29,Other,Lisbon
14858,C014859,16,Male,Porto
14859,C014860,37,Female,Coimbra
14860,C014861,52,Male,Lisbon
14861,C014862,46,Male,Faro
14862,C014863,16,Male,Lisbon
14863,C014864,34,Male,Faro
14864,C014865,43,Other,Lisbon
14865,C014866,43,Male,Lisbon
14866,C014867,19,Female,Braga
14867,C014868,53,Female,Lisbon
14868,C014869,22,Other,Porto
14869,C014870,58,Female,Braga
14870,C014871,28,Other,Coimbra
14871,C014872,38,Other,Faro
14872,C014873,18,Other,Coimbra
14873,C014874,35,Female,Porto
14874,C014875,17,Female,Porto
14875,C014876,55,Male,Braga
14876,C014877,21,Other,Porto
14877,C014878,61,Male,Porto
14878,C014879,16,Female,Porto
14879,C014880,27,Female,Coimbra
14880,C014881,27,Male,Braga
14881,C014882,46,Female,Lisbon
14882,C014883,44,Male,Faro
14883,C014884,26,Male,Faro
14884,C014885,29,Other,Porto
14885,C014886,66,Female,Braga
14886,C014887,68,Female,Lisbon
14887,C014888,23,Male,Braga
14888,C014889,38,Male,Braga
14889,C014890,18,Female,Lisbon
14890,C014891,42,Male,Lisbon
14891,C014892,39,Other,Lisbon
14892,C014893,24,Other,Braga
14893,C014894,44,Other,Coimbra
14894,C014895,26,Female,Braga
14895,C014896,44,Male,Porto
14896,C014897,50,Male,Lisbon
14897,C014898,23,Female,Braga
14898,C014899,63,Male,Lisbon
14899,C014900,50,Other,Faro
14900,C014901,37,Other,Coimbra
14901,C014902,58,Male,Braga
14902,C014903,19,Other,Faro
14903,C014904,50,Female,Braga
14904,C014905,45,Male,Porto
14905,C014906,46,Male,Braga
14906,C014907,29,Female,Braga
14907,C014908,44,Male,Faro
14908,C014909,16,Male,Faro
14909,C014910,41,Female,Faro
14910,C014911,63,Male,Lisbon
14911,C014912,23,Female,Porto
14912,C014913,68,Female,Porto
14913,C014914,36,Other,Faro
14914,C014915,57,Female,Faro
14915,C014916,37,Male,Braga
14916,C014917,38,Male,Porto
14917,C014918,42,Other,Porto
14918,C014919,45,Male,Braga
14919,C014920,44,Female,Braga
14920,C014921,39,Other,Faro
14921,C014922,34,Female,Braga
14922,C014923,36,Male,Coimbra
14923,C014924,64,Male,Braga
14924,C014925,57,Female,Faro
14925,C014926,53,Male,Braga
14926,C014927,54,Female,Lisbon
14927,C014928,34,Female,Porto
14928,C014929,30,Other,Braga
14929,C014930,38,Male,Faro
14930,C014931,30,Male,Braga
14931,C014932,33,Other,Porto
14932,C014933,35,Other,Porto
14933,C014934,20,Female,Faro
14934,C014935,18,Other,Braga
14935,C014936,19,Male,Braga
14936,C014937,57,Female,Braga
14937,C014938,69,Male,Coimbra
14938,C014939,16,Other,Braga
14939,C014940,67,Male,Braga
14940,C014941,43,Male,Lisbon
14941,C014942,51,Male,Lisbon
14942,C014943,22,Female,Coimbra
14943,C014944,67,Other,Coimbra
14944,C014945,37,Other,Coimbra
14945,C014946,23,Female,Braga
14946,C014947,57,Female,Coimbra
14947,C014948,29,Female,Lisbon
14948,C014949,51,Male,Braga
14949,C014950,34,Male,Braga
14950,C014951,58,Female,Braga
14951,C014952,59,Female,Faro
14952,C014953,55,Male,Coimbra
14953,C014954,42,Male,Porto
14954,C014955,36,Female,Coimbra
14955,C014956,62,Female,Lisbon
14956,C014957,63,Female,Braga
14957,C014958,58,Other,Coimbra
14958,C014959,56,Female,Porto
14959,C014960,34,Female,Coimbra
14960,C014961,19,Female,Porto
14961,C014962,55,Female,Faro
14962,C014963,30,Female,Lisbon
14963,C014964,27,Male,Lisbon
14964,C014965,34,Male,Coimbra
14965,C014966,25,Female,Porto
14966,C014967,59,Female,Lisbon
14967,C014968,28,Male,Coimbra
14968,C014969,37,Female,Porto
14969,C014970,37,Other,Braga
14970,C014971,49,Male,Braga
14971,C014972,24,Other,Lisbon
14972,C014973,53,Female,Braga
14973,C014974,45,Male,Braga
14974,C014975,66,Other,Lisbon
14975,C014976,29,Other,Porto
14976,C014977,51,Female,Braga
14977,C014978,46,Male,Coimbra
14978,C014979,43,Other,Coimbra
14979,C014980,63,Female,Braga
14980,C014981,28,Female,Porto
14981,C014982,19,Male,Faro
14982,C014983,65,Male,Porto
14983,C014984,60,Male,Lisbon
14984,C014985,43,Female,Porto
14985,C014986,43,Other,Braga
14986,C014987,69,Female,Faro
14987,C014988,55,Male,Coimbra
14988,C014989,19,Other,Faro
14989,C014990,17,Female,Faro
14990,C014991,62,Female,Faro
14991,C014992,49,Male,Coimbra
14992,C014993,23,Female,Porto
14993,C014994,43,Male,Coimbra
14994,C014995,34,Other,Lisbon
14995,C014996,20,Other,Lisbon
14996,C014997,50,Other,Lisbon
14997,C014998,67,Male,Faro
14998,C014999,20,Female,Faro
14999,C015000,63,Other,Faro
15000,C015001,52,Male,Lisbon
15001,C015002,56,Male,Porto
15002,C015003,68,Other,Faro
15003,C015004,46,Other,Braga
15004,C015005,43,Female,Porto
15005,C015006,26,Female,Braga
15006,C015007,59,Other,Lisbon
15007,C015008,55,Male,Porto
15008,C015009,16,Other,Lisbon
15009,C015010,31,Female,Braga
15010,C015011,49,Female,Coimbra
15011,C015012,58,Female,Coimbra
15012,C015013,63,Other,Lisbon
15013,C015014,34,Male,Faro
15014,C015015,48,Female,Coimbra
15015,C015016,33,Other,Lisbon
15016,C015017,37,Male,Coimbra
15017,C015018,16,Male,Lisbon
15018,C015019,58,Female,Coimbra
15019,C015020,20,Female,Faro
15020,C015021,52,Female,Lisbon
15021,C015022,67,Female,Faro
15022,C015023,50,Other,Porto
15023,C015024,49,Other,Braga
15024,C015025,23,Male,Coimbra
15025,C015026,43,Other,Lisbon
15026,C015027,26,Male,Faro
15027,C015028,39,Other,Lisbon
15028,C015029,33,Male,Lisbon
15029,C015030,61,Other,Lisbon
15030,C015031,32,Other,Braga
15031,C015032,37,Male,Porto
15032,C015033,35,Male,Faro
15033,C015034,32,Other,Braga
15034,C015035,38,Other,Braga
15035,C015036,48,Female,Faro
15036,C015037,51,Male,Coimbra
15037,C015038,52,Other,Braga
15038,C015039,30,Male,Coimbra
15039,C015040,37,Female,Braga
15040,C015041,47,Other,Coimbra
15041,C015042,28,Other,Coimbra
15042,C015043,54,Other,Faro
15043,C015044,29,Other,Lisbon
15044,C015045,60,Female,Porto
15045,C015046,34,Male,Faro
15046,C015047,67,Female,Lisbon
15047,C015048,30,Female,Lisbon
15048,C015049,59,Male,Coimbra
15049,C015050,62,Other,Coimbra
15050,C015051,53,Female,Braga
15051,C015052,20,Female,Porto
15052,C015053,35,Female,Porto
15053,C015054,40,Male,Braga
15054,C015055,35,Other,Braga
15055,C015056,43,Male,Lisbon
15056,C015057,37,Other,Coimbra
15057,C015058,52,Female,Lisbon
15058,C015059,16,Other,Faro
15059,C015060,60,Other,Faro
15060,C015061,22,Male,Faro
15061,C015062,63,Other,Braga
15062,C015063,55,Female,Coimbra
15063,C015064,40,Other,Coimbra
15064,C015065,54,Male,Braga
15065,C015066,34,Male,Coimbra
15066,C015067,56,Unknown,Braga
15067,C015068,65,Male,Braga
15068,C015069,41,Unknown,Faro
15069,C015070,65,Male,Faro
15070,C015071,59,Male,Braga
15071,C015072,19,Other,Braga
15072,C015073,62,Female,Braga
15073,C015074,44,Other,Braga
15074,C015075,42,Female,Porto
15075,C015076,44,Male,Faro
15076,C015077,51,Male,Braga
15077,C015078,18,Male,Lisbon
15078,C015079,63,Female,Lisbon
15079,C015080,31,Male,Faro
15080,C015081,67,Female,Coimbra
15081,C015082,66,Female,Braga
15082,C015083,17,Male,Faro
15083,C015084,24,Other,Coimbra
15084,C015085,30,Male,Lisbon
15085,C015086,35,Other,Lisbon
15086,C015087,43,Female,Lisbon
15087,C015088,37,Female,Lisbon
15088,C015089,18,Male,Faro
15089,C015090,30,Male,Braga
15090,C015091,22,Other,Lisbon
15091,C015092,18,Female,Coimbra
15092,C015093,35,Female,Porto
15093,C015094,23,Other,Porto
15094,C015095,16,Male,Porto
15095,C015096,53,Other,Faro
15096,C015097,22,Other,Lisbon
15097,C015098,30,Male,Porto
15098,C015099,36,Female,Lisbon
15099,C015100,69,Female,Coimbra
15100,C015101,61,Female,Braga
15101,C015102,60,Female,Lisbon
15102,C015103,59,Male,Coimbra
15103,C015104,69,Other,Coimbra
15104,C015105,69,Male,Porto
15105,C015106,38,Other,Braga
15106,C015107,26,Male,Faro
15107,C015108,36,Other,Braga
15108,C015109,40,Male,Coimbra
15109,C015110,54,Other,Faro
15110,C015111,63,Other,Lisbon
15111,C015112,56,Female,Porto
15112,C015113,28,Other,Braga
15113,C015114,19,Female,Lisbon
15114,C015115,44,Other,Porto
15115,C015116,30,Female,Coimbra
15116,C015117,61,Female,Porto
15117,C015118,63,Other,Porto
15118,C015119,66,Female,Porto
15119,C015120,63,Other,Lisbon
15120,C015121,28,Female,Braga
15121,C015122,22,Male,Braga
15122,C015123,66,Other,Coimbra
15123,C015124,38,Male,Braga
15124,C015125,46,Male,Faro
15125,C015126,20,Male,Faro
15126,C015127,55,Other,Lisbon
15127,C015128,18,Female,Lisbon
15128,C015129,50,Female,Coimbra
15129,C015130,53,Female,Braga
15130,C015131,49,Male,Faro
15131,C015132,47,Female,Porto
15132,C015133,40,Female,Porto
15133,C015134,40,Other,Faro
15134,C015135,34,Female,Porto
15135,C015136,33,Male,Coimbra
15136,C015137,48,Female,Braga
15137,C015138,25,Male,Faro
15138,C015139,64,Other,Coimbra
15139,C015140,51,Male,Lisbon
15140,C015141,30,Other,Porto
15141,C015142,45,Unknown,Braga
15142,C015143,60,Other,Faro
15143,C015144,35,Male,Lisbon
15144,C015145,36,Other,Porto
15145,C015146,51,Male,Braga
15146,C015147,51,Other,Coimbra
15147,C015148,49,Other,Faro
15148,C015149,58,Other,Braga
15149,C015150,37,Male,Coimbra
15150,C015151,32,Other,Porto
15151,C015152,47,Male,Lisbon
15152,C015153,38,Female,Porto
15153,C015154,44,Male,Braga
15154,C015155,61,Male,Porto
15155,C015156,65,Male,Braga
15156,C015157,60,Male,Coimbra
15157,C015158,61,Other,Faro
15158,C015159,37,Male,Faro
15159,C015160,37,Other,Porto
15160,C015161,37,Female,Faro
15161,C015162,41,Male,Coimbra
15162,C015163,67,Female,Coimbra
15163,C015164,29,Female,Lisbon
15164,C015165,47,Other,Lisbon
15165,C015166,58,Other,Coimbra
15166,C015167,60,Other,Lisbon
15167,C015168,31,Male,Faro
15168,C015169,43,Other,Coimbra
15169,C015170,38,Female,Coimbra
15170,C015171,53,Female,Faro
15171,C015172,27,Male,Porto
15172,C015173,55,Other,Porto
15173,C015174,53,Unknown,Braga
15174,C015175,47,Other,Coimbra
15175,C015176,51,Other,Porto
15176,C015177,63,Male,Braga
15177,C015178,38,Male,Faro
15178,C015179,26,Male,Coimbra
15179,C015180,44,Other,Braga
15180,C015181,47,Male,Lisbon
15181,C015182,67,Female,Faro
15182,C015183,54,Male,Coimbra
15183,C015184,20,Male,Braga
15184,C015185,20,Female,Braga
15185,C015186,27,Other,Faro
15186,C015187,37,Female,Lisbon
15187,C015188,56,Female,Faro
15188,C015189,59,Female,Braga
15189,C015190,42,Female,Faro
15190,C015191,61,Female,Faro
15191,C015192,50,Other,Porto
15192,C015193,41,Female,Coimbra
15193,C015194,37,Female,Coimbra
15194,C015195,34,Male,Lisbon
15195,C015196,50,Male,Faro
15196,C015197,25,Other,Porto
15197,C015198,68,Other,Braga
15198,C015199,17,Female,Braga
15199,C015200,42,Other,Faro
15200,C015201,59,Female,Braga
15201,C015202,20,Male,Coimbra
15202,C015203,24,Male,Coimbra
15203,C015204,67,Male,Porto
15204,C015205,27,Other,Lisbon
15205,C015206,59,Male,Porto
15206,C015207,43,Male,Faro
15207,C015208,56,Other,Coimbra
15208,C015209,55,Male,Faro
15209,C015210,30,Female,Lisbon
15210,C015211,41,Male,Coimbra
15211,C015212,60,Other,Braga
15212,C015213,22,Female,Lisbon
15213,C015214,20,Male,Lisbon
15214,C015215,25,Female,Lisbon
15215,C015216,49,Female,Lisbon
15216,C015217,45,Other,Lisbon
15217,C015218,68,Female,Faro
15218,C015219,26,Other,Porto
15219,C015220,25,Female,Faro
15220,C015221,59,Other,Coimbra
15221,C015222,41,Female,Braga
15222,C015223,22,Other,Braga
15223,C015224,28,Male,Porto
15224,C015225,48,Other,Braga
15225,C015226,18,Male,Braga
15226,C015227,64,Female,Faro
15227,C015228,35,Male,Coimbra
15228,C015229,22,Female,Faro
15229,C015230,36,Female,Braga
15230,C015231,32,Other,Coimbra
15231,C015232,22,Other,Lisbon
15232,C015233,58,Female,Braga
15233,C015234,51,Male,Coimbra
15234,C015235,46,Male,Porto
15235,C015236,17,Male,Lisbon
15236,C015237,55,Male,Faro
15237,C015238,50,Other,Coimbra
15238,C015239,46,Other,Lisbon
15239,C015240,29,Female,Lisbon
15240,C015241,32,Male,Coimbra
15241,C015242,55,Other,Lisbon
15242,C015243,54,Other,Braga
15243,C015244,49,Other,Coimbra
15244,C015245,22,Male,Faro
15245,C015246,67,Female,Lisbon
15246,C015247,21,Female,Lisbon
15247,C015248,61,Other,Lisbon
15248,C015249,17,Female,Braga
15249,C015250,64,Other,Faro
15250,C015251,49,Female,Faro
15251,C015252,22,Other,Coimbra
15252,C015253,28,Male,Lisbon
15253,C015254,26,Other,Lisbon
15254,C015255,62,Female,Braga
15255,C015256,24,Female,Braga
15256,C015257,69,Male,Faro
15257,C015258,36,Female,Lisbon
15258,C015259,18,Male,Faro
15259,C015260,32,Male,Lisbon
15260,C015261,61,Male,Lisbon
15261,C015262,33,Unknown,Coimbra
15262,C015263,67,Female,Coimbra
15263,C015264,69,Other,Coimbra
15264,C015265,18,Other,Coimbra
15265,C015266,34,Other,Braga
15266,C015267,24,Female,Faro
15267,C015268,36,Female,Faro
15268,C015269,40,Female,Faro
15269,C015270,28,Female,Porto
15270,C015271,58,Other,Lisbon
15271,C015272,49,Male,Braga
15272,C015273,32,Female,Faro
15273,C015274,49,Male,Braga
15274,C015275,32,Male,Braga
15275,C015276,47,Female,Coimbra
15276,C015277,47,Male,Faro
15277,C015278,40,Female,Faro
15278,C015279,26,Female,Lisbon
15279,C015280,36,Other,Porto
15280,C015281,45,Other,Coimbra
15281,C015282,34,Male,Lisbon
15282,C015283,16,Other,Lisbon
15283,C015284,41,Male,Braga
15284,C015285,34,Female,Porto
15285,C015286,41,Male,Faro
15286,C015287,16,Male,Porto
15287,C015288,16,Other,Faro
15288,C015289,25,Male,Porto
15289,C015290,31,Male,Porto
15290,C015291,41,Other,Porto
15291,C015292,54,Female,Braga
15292,C015293,22,Other,Faro
15293,C015294,21,Other,Braga
15294,C015295,22,Male,Coimbra
15295,C015296,20,Female,Braga
15296,C015297,41,Male,Lisbon
15297,C015298,26,Female,Lisbon
15298,C015299,33,Male,Coimbra
15299,C015300,29,Male,Faro
15300,C015301,44,Male,Lisbon
15301,C015302,19,Male,Braga
15302,C015303,50,Male,Coimbra
15303,C015304,47,Male,Lisbon
15304,C015305,31,Male,Faro
15305,C015306,17,Female,Porto
15306,C015307,39,Female,Lisbon
15307,C015308,50,Male,Porto
15308,C015309,28,Other,Braga
15309,C015310,52,Female,Porto
15310,C015311,33,Male,Lisbon
15311,C015312,68,Female,Porto
15312,C015313,43,Male,Coimbra
15313,C015314,28,Female,Lisbon
15314,C015315,46,Male,Faro
15315,C015316,48,Male,Coimbra
15316,C015317,45,Male,Lisbon
15317,C015318,40,Male,Porto
15318,C015319,57,Male,Coimbra
15319,C015320,62,Male,Braga
15320,C015321,24,Other,Lisbon
15321,C015322,69,Female,Porto
15322,C015323,32,Other,Porto
15323,C015324,16,Other,Faro
15324,C015325,34,Male,Braga
15325,C015326,54,Other,Lisbon
15326,C015327,56,Other,Braga
15327,C015328,28,Other,Faro
15328,C015329,31,Male,Porto
15329,C015330,19,Female,Porto
15330,C015331,23,Female,Braga
15331,C015332,36,Male,Braga
15332,C015333,37,Other,Coimbra
15333,C015334,44,Male,Faro
15334,C015335,69,Male,Lisbon
15335,C015336,64,Male,Porto
15336,C015337,33,Other,Coimbra
15337,C015338,59,Male,Coimbra
15338,C015339,58,Female,Porto
15339,C015340,49,Other,Coimbra
15340,C015341,36,Other,Lisbon
15341,C015342,19,Male,Faro
15342,C015343,40,Male,Lisbon
15343,C015344,23,Male,Faro
15344,C015345,63,Female,Faro
15345,C015346,29,Female,Braga
15346,C015347,67,Female,Faro
15347,C015348,21,Female,Lisbon
15348,C015349,68,Other,Coimbra
15349,C015350,68,Unknown,Faro
15350,C015351,57,Other,Faro
15351,C015352,61,Other,Faro
15352,C015353,22,Female,Braga
15353,C015354,35,Female,Lisbon
15354,C015355,60,Female,Porto
15355,C015356,35,Other,Faro
15356,C015357,18,Female,Faro
15357,C015358,48,Male,Lisbon
15358,C015359,51,Other,Porto
15359,C015360,60,Other,Braga
15360,C015361,33,Female,Porto
15361,C015362,32,Male,Lisbon
15362,C015363,59,Male,Porto
15363,C015364,47,Other,Braga
15364,C015365,29,Male,Faro
15365,C015366,41,Other,Faro
15366,C015367,54,Female,Lisbon
15367,C015368,36,Female,Porto
15368,C015369,26,Female,Coimbra
15369,C015370,22,Male,Braga
15370,C015371,25,Female,Porto
15371,C015372,65,Female,Lisbon
15372,C015373,31,Female,Lisbon
15373,C015374,33,Other,Braga
15374,C015375,50,Male,Porto
15375,C015376,20,Female,Faro
15376,C015377,56,Other,Lisbon
15377,C015378,40,Other,Porto
15378,C015379,43,Other,Porto
15379,C015380,18,Other,Porto
15380,C015381,61,Male,Lisbon
15381,C015382,59,Female,Braga
15382,C015383,50,Female,Faro
15383,C015384,36,Male,Lisbon
15384,C015385,32,Female,Lisbon
15385,C015386,35,Other,Lisbon
15386,C015387,42,Other,Faro
15387,C015388,46,Male,Coimbra
15388,C015389,61,Male,Porto
15389,C015390,21,Male,Braga
15390,C015391,62,Female,Coimbra
15391,C015392,58,Male,Coimbra
15392,C015393,41,Other,Coimbra
15393,C015394,39,Female,Porto
15394,C015395,28,Other,Coimbra
15395,C015396,40,Female,Lisbon
15396,C015397,44,Other,Porto
15397,C015398,59,Female,Coimbra
15398,C015399,54,Female,Coimbra
15399,C015400,28,Other,Porto
15400,C015401,36,Female,Porto
15401,C015402,27,Other,Faro
15402,C015403,54,Other,Porto
15403,C015404,35,Other,Braga
15404,C015405,64,Other,Lisbon
15405,C015406,28,Female,Lisbon
15406,C015407,49,Other,Porto
15407,C015408,69,Other,Lisbon
15408,C015409,32,Male,Braga
15409,C015410,22,Other,Braga
15410,C015411,63,Other,Coimbra
15411,C015412,60,Male,Porto
15412,C015413,62,Other,Coimbra
15413,C015414,49,Male,Lisbon
15414,C015415,18,Female,Porto
15415,C015416,28,Female,Coimbra
15416,C015417,35,Other,Faro
15417,C015418,31,Female,Coimbra
15418,C015419,53,Other,Porto
15419,C015420,39,Other,Lisbon
15420,C015421,44,Female,Faro
15421,C015422,21,Female,Lisbon
15422,C015423,20,Unknown,Coimbra
15423,C015424,62,Other,Porto
15424,C015425,22,Female,Braga
15425,C015426,20,Female,Braga
15426,C015427,17,Other,Faro
15427,C015428,45,Female,Faro
15428,C015429,44,Male,Porto
15429,C015430,21,Male,Faro
15430,C015431,65,Female,Faro
15431,C015432,68,Male,Porto
15432,C015433,53,Female,Faro
15433,C015434,46,Female,Braga
15434,C015435,26,Other,Braga
15435,C015436,18,Female,Braga
15436,C015437,42,Male,Braga
15437,C015438,55,Female,Faro
15438,C015439,23,Female,Faro
15439,C015440,36,Female,Coimbra
15440,C015441,32,Male,Porto
15441,C015442,29,Female,Lisbon
15442,C015443,37,Male,Porto
15443,C015444,26,Female,Lisbon
15444,C015445,41,Female,Faro
15445,C015446,69,Other,Lisbon
15446,C015447,68,Unknown,Coimbra
15447,C015448,30,Female,Faro
15448,C015449,54,Other,Coimbra
15449,C015450,61,Female,Faro
15450,C015451,53,Male,Braga
15451,C015452,35,Female,Braga
15452,C015453,60,Male,Braga
15453,C015454,40,Female,Lisbon
15454,C015455,62,Female,Faro
15455,C015456,48,Female,Braga
15456,C015457,31,Other,Faro
15457,C015458,44,Male,Lisbon
15458,C015459,32,Male,Braga
15459,C015460,17,Female,Faro
15460,C015461,45,Male,Braga
15461,C015462,44,Male,Coimbra
15462,C015463,55,Female,Coimbra
15463,C015464,21,Other,Faro
15464,C015465,17,Female,Faro
15465,C015466,31,Female,Coimbra
15466,C015467,24,Other,Porto
15467,C015468,56,Female,Coimbra
15468,C015469,51,Male,Lisbon
15469,C015470,26,Female,Braga
15470,C015471,20,Female,Faro
15471,C015472,17,Female,Porto
15472,C015473,54,Female,Coimbra
15473,C015474,59,Other,Porto
15474,C015475,39,Other,Lisbon
15475,C015476,43,Other,Braga
15476,C015477,53,Female,Coimbra
15477,C015478,44,Male,Faro
15478,C015479,23,Other,Braga
15479,C015480,62,Female,Lisbon
15480,C015481,19,Male,Lisbon
15481,C015482,19,Other,Coimbra
15482,C015483,30,Other,Lisbon
15483,C015484,43,Female,Lisbon
15484,C015485,59,Male,Faro
15485,C015486,36,Other,Coimbra
15486,C015487,26,Male,Lisbon
15487,C015488,48,Other,Lisbon
15488,C015489,55,Other,Coimbra
15489,C015490,45,Female,Braga
15490,C015491,17,Male,Porto
15491,C015492,35,Female,Lisbon
15492,C015493,19,Other,Braga
15493,C015494,17,Female,Coimbra
15494,C015495,65,Female,Faro
15495,C015496,32,Male,Lisbon
15496,C015497,43,Male,Lisbon
15497,C015498,50,Female,Braga
15498,C015499,20,Other,Faro
15499,C015500,41,Female,Coimbra
15500,C015501,57,Female,Braga
15501,C015502,44,Other,Lisbon
15502,C015503,45,Female,Porto
15503,C015504,34,Male,Faro
15504,C015505,28,Female,Coimbra
15505,C015506,49,Female,Lisbon
15506,C015507,64,Male,Porto
15507,C015508,65,Other,Braga
15508,C015509,34,Male,Lisbon
15509,C015510,42,Other,Lisbon
15510,C015511,26,Female,Braga
15511,C015512,66,Other,Lisbon
15512,C015513,44,Other,Braga
15513,C015514,54,Male,Braga
15514,C015515,63,Other,Faro
15515,C015516,20,Female,Faro
15516,C015517,55,Other,Porto
15517,C015518,19,Other,Coimbra
15518,C015519,47,Female,Faro
15519,C015520,26,Other,Braga
15520,C015521,29,Other,Faro
15521,C015522,67,Male,Coimbra
15522,C015523,66,Female,Braga
15523,C015524,26,Other,Lisbon
15524,C015525,66,Male,Faro
15525,C015526,23,Female,Coimbra
15526,C015527,43,Male,Lisbon
15527,C015528,45,Female,Braga
15528,C015529,56,Female,Faro
15529,C015530,34,Female,Braga
15530,C015531,48,Female,Lisbon
15531,C015532,23,Other,Lisbon
15532,C015533,56,Female,Porto
15533,C015534,51,Other,Lisbon
15534,C015535,25,Female,Lisbon
15535,C015536,53,Other,Braga
15536,C015537,35,Female,Faro
15537,C015538,50,Other,Braga
15538,C015539,29,Other,Porto
15539,C015540,37,Male,Faro
15540,C015541,63,Female,Faro
15541,C015542,24,Female,Faro
15542,C015543,30,Male,Lisbon
15543,C015544,22,Other,Braga
15544,C015545,58,Male,Porto
15545,C015546,64,Male,Lisbon
15546,C015547,29,Other,Braga
15547,C015548,19,Other,Porto
15548,C015549,36,Female,Lisbon
15549,C015550,53,Female,Faro
15550,C015551,66,Male,Lisbon
15551,C015552,57,Female,Faro
15552,C015553,64,Other,Coimbra
15553,C015554,63,Male,Braga
15554,C015555,52,Other,Faro
15555,C015556,55,Male,Coimbra
15556,C015557,34,Male,Coimbra
15557,C015558,40,Female,Coimbra
15558,C015559,64,Male,Lisbon
15559,C015560,55,Male,Braga
15560,C015561,36,Female,Lisbon
15561,C015562,17,Other,Lisbon
15562,C015563,27,Male,Porto
15563,C015564,49,Female,Porto
15564,C015565,28,Male,Faro
15565,C015566,31,Other,Braga
15566,C015567,44,Other,Porto
15567,C015568,45,Male,Braga
15568,C015569,59,Other,Porto
15569,C015570,66,Male,Lisbon
15570,C015571,65,Female,Braga
15571,C015572,53,Other,Braga
15572,C015573,18,Female,Lisbon
15573,C015574,27,Male,Lisbon
15574,C015575,51,Other,Faro
15575,C015576,51,Female,Coimbra
15576,C015577,52,Female,Faro
15577,C015578,51,Other,Coimbra
15578,C015579,17,Female,Lisbon
15579,C015580,66,Other,Porto
15580,C015581,58,Male,Faro
15581,C015582,64,Other,Porto
15582,C015583,51,Other,Braga
15583,C015584,38,Male,Porto
15584,C015585,62,Male,Coimbra
15585,C015586,67,Male,Porto
15586,C015587,49,Female,Coimbra
15587,C015588,21,Male,Faro
15588,C015589,37,Male,Faro
15589,C015590,30,Male,Coimbra
15590,C015591,56,Female,Lisbon
15591,C015592,32,Female,Faro
15592,C015593,69,Other,Lisbon
15593,C015594,61,Female,Porto
15594,C015595,48,Female,Braga
15595,C015596,58,Male,Porto
15596,C015597,19,Female,Braga
15597,C015598,69,Female,Lisbon
15598,C015599,63,Female,Faro
15599,C015600,19,Male,Braga
15600,C015601,61,Male,Porto
15601,C015602,49,Male,Porto
15602,C015603,46,Female,Porto
15603,C015604,42,Other,Lisbon
15604,C015605,62,Female,Braga
15605,C015606,64,Female,Braga
15606,C015607,41,Other,Braga
15607,C015608,66,Female,Braga
15608,C015609,49,Female,Coimbra
15609,C015610,41,Female,Faro
15610,C015611,19,Male,Porto
15611,C015612,52,Other,Braga
15612,C015613,32,Female,Faro
15613,C015614,44,Male,Braga
15614,C015615,18,Female,Faro
15615,C015616,20,Female,Lisbon
15616,C015617,57,Female,Coimbra
15617,C015618,31,Male,Coimbra
15618,C015619,66,Female,Coimbra
15619,C015620,20,Female,Braga
15620,C015621,21,Male,Faro
15621,C015622,37,Female,Faro
15622,C015623,64,Female,Coimbra
15623,C015624,49,Male,Faro
15624,C015625,29,Male,Coimbra
15625,C015626,19,Female,Lisbon
15626,C015627,44,Male,Porto
15627,C015628,28,Female,Braga
15628,C015629,45,Other,Braga
15629,C015630,24,Female,Porto
15630,C015631,47,Other,Coimbra
15631,C015632,36,Other,Coimbra
15632,C015633,49,Female,Faro
15633,C015634,59,Female,Faro
15634,C015635,33,Male,Porto
15635,C015636,61,Male,Coimbra
15636,C015637,64,Other,Lisbon
15637,C015638,40,Male,Braga
15638,C015639,40,Female,Braga
15639,C015640,25,Other,Braga
15640,C015641,63,Other,Porto
15641,C015642,48,Other,Lisbon
15642,C015643,50,Male,Faro
15643,C015644,52,Male,Porto
15644,C015645,42,Male,Coimbra
15645,C015646,68,Other,Braga
15646,C015647,22,Female,Coimbra
15647,C015648,52,Female,Faro
15648,C015649,51,Male,Coimbra
15649,C015650,65,Other,Faro
15650,C015651,37,Other,Porto
15651,C015652,66,Female,Braga
15652,C015653,57,Other,Porto
15653,C015654,62,Male,Porto
15654,C015655,49,Other,Porto
15655,C015656,23,Other,Faro
15656,C015657,54,Male,Coimbra
15657,C015658,69,Male,Faro
15658,C015659,51,Male,Faro
15659,C015660,68,Other,Coimbra
15660,C015661,30,Female,Braga
15661,C015662,36,Female,Lisbon
15662,C015663,46,Female,Faro
15663,C015664,43,Other,Lisbon
15664,C015665,32,Other,Faro
15665,C015666,59,Female,Porto
15666,C015667,37,Female,Braga
15667,C015668,68,Female,Braga
15668,C015669,30,Male,Porto
15669,C015670,30,Other,Porto
15670,C015671,55,Other,Lisbon
15671,C015672,30,Female,Lisbon
15672,C015673,56,Male,Coimbra
15673,C015674,62,Male,Porto
15674,C015675,43,Male,Porto
15675,C015676,23,Other,Porto
15676,C015677,57,Other,Braga
15677,C015678,16,Male,Porto
15678,C015679,26,Other,Porto
15679,C015680,29,Male,Coimbra
15680,C015681,25,Female,Coimbra
15681,C015682,46,Other,Faro
15682,C015683,20,Female,Coimbra
15683,C015684,37,Male,Porto
15684,C015685,46,Other,Coimbra
15685,C015686,69,Female,Lisbon
15686,C015687,28,Male,Braga
15687,C015688,48,Other,Lisbon
15688,C015689,18,Male,Lisbon
15689,C015690,30,Male,Braga
15690,C015691,51,Other,Coimbra
15691,C015692,41,Male,Coimbra
15692,C015693,49,Male,Braga
15693,C015694,60,Male,Braga
15694,C015695,42,Female,Lisbon
15695,C015696,22,Other,Porto
15696,C015697,22,Male,Coimbra
15697,C015698,63,Male,Coimbra
15698,C015699,61,Female,Lisbon
15699,C015700,20,Female,Faro
15700,C015701,57,Other,Lisbon
15701,C015702,65,Male,Lisbon
15702,C015703,30,Male,Porto
15703,C015704,61,Female,Faro
15704,C015705,67,Other,Porto
15705,C015706,58,Other,Coimbra
15706,C015707,33,Male,Lisbon
15707,C015708,58,Other,Lisbon
15708,C015709,19,Female,Lisbon
15709,C015710,18,Female,Porto
15710,C015711,48,Other,Porto
15711,C015712,32,Male,Porto
15712,C015713,35,Male,Coimbra
15713,C015714,47,Other,Faro
15714,C015715,31,Female,Porto
15715,C015716,32,Male,Lisbon
15716,C015717,44,Male,Braga
15717,C015718,22,Male,Faro
15718,C015719,35,Other,Lisbon
15719,C015720,62,Female,Braga
15720,C015721,62,Female,Porto
15721,C015722,23,Other,Braga
15722,C015723,24,Male,Lisbon
15723,C015724,16,Male,Faro
15724,C015725,59,Female,Faro
15725,C015726,65,Male,Braga
15726,C015727,55,Male,Lisbon
15727,C015728,58,Male,Braga
15728,C015729,23,Male,Coimbra
15729,C015730,53,Female,Braga
15730,C015731,53,Male,Braga
15731,C015732,57,Other,Faro
15732,C015733,67,Female,Coimbra
15733,C015734,47,Other,Porto
15734,C015735,29,Male,Faro
15735,C015736,60,Male,Lisbon
15736,C015737,60,Female,Coimbra
15737,C015738,33,Other,Porto
15738,C015739,62,Male,Faro
15739,C015740,34,Female,Faro
15740,C015741,43,Other,Porto
15741,C015742,38,Male,Lisbon
15742,C015743,64,Female,Porto
15743,C015744,43,Other,Porto
15744,C015745,20,Female,Lisbon
15745,C015746,56,Male,Coimbra
15746,C015747,16,Male,Lisbon
15747,C015748,23,Other,Braga
15748,C015749,27,Other,Coimbra
15749,C015750,59,Female,Braga
15750,C015751,40,Female,Coimbra
15751,C015752,33,Male,Braga
15752,C015753,28,Female,Lisbon
15753,C015754,39,Female,Faro
15754,C015755,24,Other,Porto
15755,C015756,57,Male,Porto
15756,C015757,48,Other,Lisbon
15757,C015758,28,Female,Faro
15758,C015759,23,Male,Braga
15759,C015760,39,Female,Porto
15760,C015761,66,Male,Braga
15761,C015762,42,Female,Faro
15762,C015763,63,Female,Braga
15763,C015764,42,Other,Coimbra
15764,C015765,37,Other,Braga
15765,C015766,59,Male,Coimbra
15766,C015767,39,Male,Faro
15767,C015768,39,Female,Coimbra
15768,C015769,33,Other,Braga
15769,C015770,47,Other,Faro
15770,C015771,66,Other,Lisbon
15771,C015772,32,Other,Lisbon
15772,C015773,33,Male,Faro
15773,C015774,20,Male,Faro
15774,C015775,66,Other,Coimbra
15775,C015776,20,Male,Braga
15776,C015777,28,Other,Porto
15777,C015778,18,Other,Coimbra
15778,C015779,65,Female,Braga
15779,C015780,30,Female,Coimbra
15780,C015781,20,Male,Faro
15781,C015782,50,Male,Braga
15782,C015783,59,Other,Braga
15783,C015784,20,Female,Faro
15784,C015785,32,Other,Lisbon
15785,C015786,55,Other,Coimbra
15786,C015787,64,Male,Coimbra
15787,C015788,19,Female,Coimbra
15788,C015789,61,Female,Lisbon
15789,C015790,46,Other,Braga
15790,C015791,69,Male,Lisbon
15791,C015792,60,Other,Faro
15792,C015793,17,Female,Braga
15793,C015794,31,Male,Coimbra
15794,C015795,43,Female,Faro
15795,C015796,43,Male,Lisbon
15796,C015797,42,Other,Braga
15797,C015798,44,Female,Porto
15798,C015799,52,Other,Braga
15799,C015800,32,Female,Faro
15800,C015801,19,Female,Lisbon
15801,C015802,34,Other,Braga
15802,C015803,61,Other,Porto
15803,C015804,47,Male,Faro
15804,C015805,66,Male,Faro
15805,C015806,46,Male,Lisbon
15806,C015807,19,Male,Faro
15807,C015808,38,Other,Lisbon
15808,C015809,22,Male,Faro
15809,C015810,33,Female,Coimbra
15810,C015811,63,Male,Lisbon
15811,C015812,44,Other,Porto
15812,C015813,36,Female,Braga
15813,C015814,28,Female,Lisbon
15814,C015815,53,Male,Coimbra
15815,C015816,67,Other,Faro
15816,C015817,17,Female,Coimbra
15817,C015818,17,Male,Lisbon
15818,C015819,54,Other,Lisbon
15819,C015820,29,Male,Coimbra
15820,C015821,48,Other,Faro
15821,C015822,69,Male,Lisbon
15822,C015823,23,Female,Coimbra
15823,C015824,36,Female,Coimbra
15824,C015825,67,Male,Lisbon
15825,C015826,31,Female,Braga
15826,C015827,27,Male,Lisbon
15827,C015828,69,Male,Braga
15828,C015829,38,Other,Braga
15829,C015830,54,Male,Lisbon
15830,C015831,38,Male,Coimbra
15831,C015832,41,Female,Coimbra
15832,C015833,58,Female,Faro
15833,C015834,26,Male,Coimbra
15834,C015835,43,Female,Lisbon
15835,C015836,66,Male,Faro
15836,C015837,54,Female,Faro
15837,C015838,62,Male,Lisbon
15838,C015839,41,Other,Braga
15839,C015840,20,Female,Faro
15840,C015841,59,Male,Lisbon
15841,C015842,32,Female,Faro
15842,C015843,34,Female,Braga
15843,C015844,51,Female,Coimbra
15844,C015845,24,Female,Porto
15845,C015846,52,Other,Lisbon
15846,C015847,26,Male,Lisbon
15847,C015848,62,Other,Lisbon
15848,C015849,24,Female,Lisbon
15849,C015850,51,Female,Porto
15850,C015851,27,Female,Porto
15851,C015852,41,Other,Coimbra
15852,C015853,35,Male,Braga
15853,C015854,50,Female,Lisbon
15854,C015855,30,Other,Coimbra
15855,C015856,36,Other,Lisbon
15856,C015857,49,Female,Braga
15857,C015858,34,Other,Coimbra
15858,C015859,16,Male,Coimbra
15859,C015860,45,Female,Braga
15860,C015861,17,Other,Faro
15861,C015862,45,Male,Porto
15862,C015863,53,Other,Lisbon
15863,C015864,44,Male,Braga
15864,C015865,57,Female,Lisbon
15865,C015866,61,Other,Lisbon
15866,C015867,59,Female,Lisbon
15867,C015868,38,Other,Braga
15868,C015869,57,Female,Porto
15869,C015870,56,Female,Lisbon
15870,C015871,38,Male,Coimbra
15871,C015872,38,Other,Lisbon
15872,C015873,40,Female,Porto
15873,C015874,24,Male,Porto
15874,C015875,67,Male,Porto
15875,C015876,39,Male,Coimbra
15876,C015877,46,Female,Braga
15877,C015878,61,Male,Porto
15878,C015879,38,Other,Lisbon
15879,C015880,20,Female,Porto
15880,C015881,48,Female,Porto
15881,C015882,31,Male,Porto
15882,C015883,29,Male,Faro
15883,C015884,26,Other,Braga
15884,C015885,60,Female,Lisbon
15885,C015886,34,Female,Braga
15886,C015887,49,Other,Braga
15887,C015888,59,Other,Porto
15888,C015889,63,Other,Faro
15889,C015890,23,Female,Lisbon
15890,C015891,49,Other,Porto
15891,C015892,37,Other,Lisbon
15892,C015893,53,Unknown,Lisbon
15893,C015894,66,Other,Braga
15894,C015895,45,Male,Porto
15895,C015896,42,Male,Porto
15896,C015897,43,Male,Braga
15897,C015898,58,Other,Porto
15898,C015899,55,Female,Braga
15899,C015900,52,Male,Braga
15900,C015901,17,Other,Faro
15901,C015902,32,Female,Braga
15902,C015903,24,Other,Coimbra
15903,C015904,34,Other,Braga
15904,C015905,49,Other,Lisbon
15905,C015906,56,Other,Braga
15906,C015907,59,Other,Porto
15907,C015908,44,Female,Faro
15908,C015909,16,Male,Coimbra
15909,C015910,33,Male,Braga
15910,C015911,26,Female,Braga
15911,C015912,68,Female,Faro
15912,C015913,20,Female,Faro
15913,C015914,60,Male,Faro
15914,C015915,50,Female,Coimbra
15915,C015916,33,Female,Coimbra
15916,C015917,24,Male,Coimbra
15917,C015918,54,Female,Lisbon
15918,C015919,59,Male,Faro
15919,C015920,46,Male,Faro
15920,C015921,64,Other,Coimbra
15921,C015922,49,Other,Braga
15922,C015923,23,Other,Braga
15923,C015924,42,Female,Faro
15924,C015925,21,Female,Faro
15925,C015926,23,Other,Lisbon
15926,C015927,57,Other,Coimbra
15927,C015928,33,Male,Coimbra
15928,C015929,26,Female,Lisbon
15929,C015930,22,Other,Faro
15930,C015931,65,Other,Porto
15931,C015932,24,Female,Coimbra
15932,C015933,27,Female,Lisbon
15933,C015934,64,Other,Lisbon
15934,C015935,52,Female,Lisbon
15935,C015936,37,Other,Coimbra
15936,C015937,34,Other,Lisbon
15937,C015938,46,Female,Lisbon
15938,C015939,28,Other,Porto
15939,C015940,58,Female,Braga
15940,C015941,46,Other,Porto
15941,C015942,39,Male,Faro
15942,C015943,29,Female,Porto
15943,C015944,27,Female,Faro
15944,C015945,66,Female,Faro
15945,C015946,56,Male,Braga
15946,C015947,56,Female,Faro
15947,C015948,50,Male,Porto
15948,C015949,43,Female,Braga
15949,C015950,61,Female,Coimbra
15950,C015951,62,Female,Coimbra
15951,C015952,51,Male,Faro
15952,C015953,47,Other,Porto
15953,C015954,45,Male,Coimbra
15954,C015955,19,Other,Braga
15955,C015956,52,Other,Lisbon
15956,C015957,65,Female,Lisbon
15957,C015958,58,Other,Braga
15958,C015959,56,Male,Coimbra
15959,C015960,18,Other,Lisbon
15960,C015961,36,Female,Lisbon
15961,C015962,18,Male,Porto
15962,C015963,34,Other,Faro
15963,C015964,51,Other,Porto
15964,C015965,65,Other,Faro
15965,C015966,36,Male,Lisbon
15966,C015967,63,Male,Coimbra
15967,C015968,48,Other,Porto
15968,C015969,65,Male,Coimbra
15969,C015970,36,Other,Faro
15970,C015971,55,Other,Faro
15971,C015972,49,Other,Lisbon
15972,C015973,42,Female,Faro
15973,C015974,21,Female,Lisbon
15974,C015975,45,Male,Porto
15975,C015976,49,Male,Coimbra
15976,C015977,58,Female,Porto
15977,C015978,26,Other,Lisbon
15978,C015979,42,Male,Braga
15979,C015980,40,Female,Lisbon
15980,C015981,42,Other,Lisbon
15981,C015982,65,Male,Porto
15982,C015983,23,Male,Porto
15983,C015984,38,Other,Coimbra
15984,C015985,19,Other,Porto
15985,C015986,26,Other,Lisbon
15986,C015987,38,Female,Porto
15987,C015988,35,Male,Braga
15988,C015989,20,Other,Coimbra
15989,C015990,66,Female,Porto
15990,C015991,45,Male,Porto
15991,C015992,68,Male,Faro
15992,C015993,16,Female,Lisbon
15993,C015994,23,Male,Lisbon
15994,C015995,48,Male,Porto
15995,C015996,41,Other,Faro
15996,C015997,35,Male,Braga
15997,C015998,32,Female,Lisbon
15998,C015999,42,Male,Porto
15999,C016000,31,Other,Braga
16000,C016001,23,Male,Braga
16001,C016002,62,Male,Braga
16002,C016003,53,Other,Lisbon
16003,C016004,27,Male,Braga
16004,C016005,51,Male,Coimbra
16005,C016006,32,Female,Lisbon
16006,C016007,20,Other,Porto
16007,C016008,58,Male,Porto
16008,C016009,33,Other,Coimbra
16009,C016010,25,Male,Faro
16010,C016011,26,Male,Coimbra
16011,C016012,30,Female,Faro
16012,C016013,44,Male,Coimbra
16013,C016014,53,Male,Lisbon
16014,C016015,28,Male,Coimbra
16015,C016016,23,Male,Coimbra
16016,C016017,34,Other,Lisbon
16017,C016018,55,Other,Braga
16018,C016019,38,Male,Braga
16019,C016020,58,Female,Porto
16020,C016021,47,Female,Coimbra
16021,C016022,66,Female,Coimbra
16022,C016023,26,Female,Faro
16023,C016024,29,Male,Lisbon
16024,C016025,17,Other,Braga
16025,C016026,32,Female,Lisbon
16026,C016027,38,Male,Faro
16027,C016028,24,Male,Faro
16028,C016029,52,Female,Coimbra
16029,C016030,43,Female,Lisbon
16030,C016031,49,Other,Porto
16031,C016032,67,Female,Faro
16032,C016033,19,Other,Faro
16033,C016034,24,Male,Coimbra
16034,C016035,43,Other,Lisbon
16035,C016036,40,Male,Coimbra
16036,C016037,24,Male,Coimbra
16037,C016038,61,Female,Lisbon
16038,C016039,50,Male,Porto
16039,C016040,47,Female,Lisbon
16040,C016041,57,Other,Faro
16041,C016042,42,Female,Faro
16042,C016043,28,Female,Braga
16043,C016044,42,Other,Braga
16044,C016045,63,Male,Lisbon
16045,C016046,25,Male,Braga
16046,C016047,19,Male,Lisbon
16047,C016048,54,Other,Faro
16048,C016049,36,Female,Faro
16049,C016050,67,Other,Lisbon
16050,C016051,40,Female,Braga
16051,C016052,59,Other,Faro
16052,C016053,50,Male,Coimbra
16053,C016054,43,Male,Braga
16054,C016055,21,Female,Braga
16055,C016056,19,Male,Lisbon
16056,C016057,44,Male,Coimbra
16057,C016058,55,Other,Faro
16058,C016059,52,Female,Braga
16059,C016060,62,Other,Faro
16060,C016061,32,Other,Lisbon
16061,C016062,59,Male,Porto
16062,C016063,36,Female,Coimbra
16063,C016064,52,Other,Faro
16064,C016065,30,Female,Coimbra
16065,C016066,33,Male,Porto
16066,C016067,35,Male,Coimbra
16067,C016068,65,Female,Faro
16068,C016069,62,Female,Lisbon
16069,C016070,55,Other,Lisbon
16070,C016071,40,Other,Porto
16071,C016072,58,Other,Coimbra
16072,C016073,59,Female,Braga
16073,C016074,21,Other,Lisbon
16074,C016075,34,Male,Braga
16075,C016076,57,Other,Braga
16076,C016077,47,Other,Lisbon
16077,C016078,67,Male,Braga
16078,C016079,63,Other,Faro
16079,C016080,61,Other,Faro
16080,C016081,38,Female,Lisbon
16081,C016082,68,Female,Faro
16082,C016083,22,Male,Faro
16083,C016084,29,Other,Coimbra
16084,C016085,30,Other,Porto
16085,C016086,61,Other,Faro
16086,C016087,46,Female,Braga
16087,C016088,46,Other,Braga
16088,C016089,24,Female,Faro
16089,C016090,20,Other,Porto
16090,C016091,16,Other,Coimbra
16091,C016092,48,Other,Porto
16092,C016093,36,Other,Porto
16093,C016094,49,Male,Faro
16094,C016095,24,Female,Coimbra
16095,C016096,68,Male,Porto
16096,C016097,34,Male,Faro
16097,C016098,37,Male,Coimbra
16098,C016099,35,Female,Lisbon
16099,C016100,61,Male,Coimbra
16100,C016101,41,Female,Faro
16101,C016102,48,Male,Lisbon
16102,C016103,51,Other,Coimbra
16103,C016104,69,Other,Faro
16104,C016105,51,Female,Faro
16105,C016106,48,Other,Lisbon
16106,C016107,20,Female,Lisbon
16107,C016108,41,Female,Faro
16108,C016109,38,Other,Porto
16109,C016110,65,Female,Coimbra
16110,C016111,17,Other,Lisbon
16111,C016112,50,Male,Porto
16112,C016113,29,Female,Faro
16113,C016114,21,Male,Porto
16114,C016115,20,Male,Lisbon
16115,C016116,50,Female,Lisbon
16116,C016117,52,Other,Braga
16117,C016118,54,Female,Porto
16118,C016119,33,Male,Coimbra
16119,C016120,48,Female,Braga
16120,C016121,36,Other,Lisbon
16121,C016122,25,Female,Coimbra
16122,C016123,40,Male,Braga
16123,C016124,60,Other,Lisbon
16124,C016125,60,Male,Coimbra
16125,C016126,51,Other,Lisbon
16126,C016127,28,Male,Faro
16127,C016128,69,Female,Coimbra
16128,C016129,50,Male,Coimbra
16129,C016130,20,Male,Faro
16130,C016131,26,Male,Lisbon
16131,C016132,54,Other,Porto
16132,C016133,63,Other,Lisbon
16133,C016134,47,Female,Porto
16134,C016135,19,Other,Braga
16135,C016136,27,Male,Lisbon
16136,C016137,21,Other,Coimbra
16137,C016138,46,Female,Lisbon
16138,C016139,32,Other,Coimbra
16139,C016140,16,Other,Lisbon
16140,C016141,57,Male,Coimbra
16141,C016142,43,Female,Coimbra
16142,C016143,47,Female,Porto
16143,C016144,35,Female,Porto
16144,C016145,67,Female,Braga
16145,C016146,43,Other,Faro
16146,C016147,30,Other,Lisbon
16147,C016148,46,Male,Coimbra
16148,C016149,52,Male,Faro
16149,C016150,16,Male,Braga
16150,C016151,22,Female,Porto
16151,C016152,41,Male,Faro
16152,C016153,43,Female,Braga
16153,C016154,51,Male,Faro
16154,C016155,23,Male,Faro
16155,C016156,68,Male,Lisbon
16156,C016157,34,Female,Braga
16157,C016158,30,Female,Coimbra
16158,C016159,40,Male,Braga
16159,C016160,42,Female,Lisbon
16160,C016161,53,Other,Coimbra
16161,C016162,68,Other,Coimbra
16162,C016163,49,Female,Braga
16163,C016164,57,Male,Lisbon
16164,C016165,31,Female,Faro
16165,C016166,27,Male,Coimbra
16166,C016167,66,Male,Lisbon
16167,C016168,46,Male,Porto
16168,C016169,26,Other,Faro
16169,C016170,29,Other,Faro
16170,C016171,55,Other,Braga
16171,C016172,66,Other,Coimbra
16172,C016173,16,Other,Coimbra
16173,C016174,68,Male,Porto
16174,C016175,53,Other,Lisbon
16175,C016176,54,Female,Lisbon
16176,C016177,28,Male,Coimbra
16177,C016178,24,Female,Porto
16178,C016179,52,Male,Faro
16179,C016180,45,Male,Coimbra
16180,C016181,54,Female,Porto
16181,C016182,62,Female,Braga
16182,C016183,41,Male,Faro
16183,C016184,42,Male,Lisbon
16184,C016185,45,Female,Lisbon
16185,C016186,29,Male,Braga
16186,C016187,16,Male,Porto
16187,C016188,61,Other,Faro
16188,C016189,54,Other,Braga
16189,C016190,45,Female,Lisbon
16190,C016191,56,Other,Coimbra
16191,C016192,32,Other,Lisbon
16192,C016193,54,Female,Coimbra
16193,C016194,57,Male,Braga
16194,C016195,38,Female,Lisbon
16195,C016196,42,Male,Braga
16196,C016197,22,Female,Faro
16197,C016198,47,Male,Lisbon
16198,C016199,26,Female,Faro
16199,C016200,25,Other,Porto
16200,C016201,49,Male,Braga
16201,C016202,65,Male,Lisbon
16202,C016203,60,Other,Porto
16203,C016204,39,Male,Coimbra
16204,C016205,65,Female,Braga
16205,C016206,40,Other,Braga
16206,C016207,50,Male,Lisbon
16207,C016208,57,Other,Lisbon
16208,C016209,52,Male,Coimbra
16209,C016210,39,Male,Braga
16210,C016211,35,Male,Braga
16211,C016212,54,Female,Lisbon
16212,C016213,20,Female,Lisbon
16213,C016214,50,Male,Coimbra
16214,C016215,28,Other,Lisbon
16215,C016216,61,Female,Porto
16216,C016217,49,Female,Porto
16217,C016218,47,Female,Faro
16218,C016219,56,Female,Faro
16219,C016220,30,Female,Coimbra
16220,C016221,34,Male,Faro
16221,C016222,19,Male,Lisbon
16222,C016223,32,Female,Braga
16223,C016224,29,Male,Porto
16224,C016225,24,Female,Coimbra
16225,C016226,39,Other,Faro
16226,C016227,39,Male,Lisbon
16227,C016228,65,Other,Lisbon
16228,C016229,59,Male,Lisbon
16229,C016230,21,Male,Porto
16230,C016231,51,Female,Braga
16231,C016232,22,Other,Braga
16232,C016233,19,Female,Porto
16233,C016234,60,Other,Porto
16234,C016235,25,Other,Lisbon
16235,C016236,24,Other,Coimbra
16236,C016237,39,Other,Coimbra
16237,C016238,54,Other,Coimbra
16238,C016239,68,Other,Coimbra
16239,C016240,35,Other,Porto
16240,C016241,63,Male,Faro
16241,C016242,50,Other,Lisbon
16242,C016243,51,Female,Coimbra
16243,C016244,61,Other,Porto
16244,C016245,61,Other,Lisbon
16245,C016246,39,Other,Faro
16246,C016247,46,Female,Braga
16247,C016248,35,Other,Faro
16248,C016249,43,Other,Faro
16249,C016250,44,Female,Porto
16250,C016251,39,Other,Faro
16251,C016252,40,Female,Lisbon
16252,C016253,69,Female,Braga
16253,C016254,67,Female,Faro
16254,C016255,53,Female,Coimbra
16255,C016256,47,Other,Porto
16256,C016257,52,Other,Faro
16257,C016258,52,Female,Braga
16258,C016259,57,Female,Lisbon
16259,C016260,61,Female,Lisbon
16260,C016261,68,Female,Lisbon
16261,C016262,53,Male,Coimbra
16262,C016263,60,Female,Braga
16263,C016264,68,Female,Braga
16264,C016265,55,Female,Faro
16265,C016266,28,Female,Coimbra
16266,C016267,40,Other,Faro
16267,C016268,59,Female,Faro
16268,C016269,40,Female,Lisbon
16269,C016270,66,Male,Braga
16270,C016271,40,Male,Porto
16271,C016272,63,Male,Lisbon
16272,C016273,50,Other,Coimbra
16273,C016274,19,Male,Lisbon
16274,C016275,62,Female,Coimbra
16275,C016276,58,Male,Lisbon
16276,C016277,52,Other,Lisbon
16277,C016278,58,Unknown,Lisbon
16278,C016279,59,Female,Faro
16279,C016280,20,Female,Braga
16280,C016281,38,Male,Braga
16281,C016282,25,Male,Porto
16282,C016283,17,Female,Porto
16283,C016284,36,Male,Coimbra
16284,C016285,45,Male,Braga
16285,C016286,40,Female,Coimbra
16286,C016287,25,Male,Faro
16287,C016288,38,Other,Lisbon
16288,C016289,47,Other,Faro
16289,C016290,36,Female,Coimbra
16290,C016291,19,Male,Lisbon
16291,C016292,50,Male,Coimbra
16292,C016293,65,Male,Lisbon
16293,C016294,17,Female,Coimbra
16294,C016295,43,Female,Braga
16295,C016296,44,Male,Porto
16296,C016297,35,Female,Porto
16297,C016298,24,Male,Porto
16298,C016299,26,Female,Porto
16299,C016300,28,Female,Coimbra
16300,C016301,21,Male,Faro
16301,C016302,61,Female,Faro
16302,C016303,43,Female,Lisbon
16303,C016304,37,Female,Lisbon
16304,C016305,31,Female,Faro
16305,C016306,69,Other,Faro
16306,C016307,33,Male,Braga
16307,C016308,55,Other,Porto
16308,C016309,55,Other,Lisbon
16309,C016310,56,Female,Braga
16310,C016311,61,Female,Porto
16311,C016312,56,Male,Braga
16312,C016313,39,Male,Braga
16313,C016314,43,Male,Faro
16314,C016315,26,Female,Coimbra
16315,C016316,61,Other,Lisbon
16316,C016317,30,Female,Faro
16317,C016318,64,Female,Coimbra
16318,C016319,27,Female,Braga
16319,C016320,67,Other,Braga
16320,C016321,27,Female,Porto
16321,C016322,39,Other,Lisbon
16322,C016323,21,Female,Lisbon
16323,C016324,19,Male,Faro
16324,C016325,49,Other,Faro
16325,C016326,27,Other,Lisbon
16326,C016327,50,Male,Porto
16327,C016328,47,Female,Porto
16328,C016329,69,Other,Coimbra
16329,C016330,29,Male,Faro
16330,C016331,18,Female,Porto
16331,C016332,46,Other,Faro
16332,C016333,69,Other,Faro
16333,C016334,64,Female,Faro
16334,C016335,40,Female,Porto
16335,C016336,60,Male,Lisbon
16336,C016337,55,Male,Faro
16337,C016338,47,Male,Porto
16338,C016339,66,Other,Braga
16339,C016340,32,Female,Lisbon
16340,C016341,40,Female,Braga
16341,C016342,68,Female,Faro
16342,C016343,37,Male,Faro
16343,C016344,41,Other,Coimbra
16344,C016345,21,Male,Faro
16345,C016346,59,Other,Coimbra
16346,C016347,22,Other,Faro
16347,C016348,60,Other,Porto
16348,C016349,59,Female,Coimbra
16349,C016350,28,Other,Braga
16350,C016351,32,Female,Lisbon
16351,C016352,19,Female,Faro
16352,C016353,27,Male,Braga
16353,C016354,69,Other,Braga
16354,C016355,16,Other,Lisbon
16355,C016356,19,Male,Braga
16356,C016357,32,Female,Coimbra
16357,C016358,57,Male,Porto
16358,C016359,23,Female,Faro
16359,C016360,30,Male,Coimbra
16360,C016361,31,Other,Faro
16361,C016362,59,Female,Faro
16362,C016363,55,Unknown,Faro
16363,C016364,52,Female,Faro
16364,C016365,56,Male,Coimbra
16365,C016366,33,Male,Porto
16366,C016367,58,Male,Faro
16367,C016368,64,Other,Coimbra
16368,C016369,36,Male,Coimbra
16369,C016370,68,Male,Porto
16370,C016371,43,Male,Porto
16371,C016372,23,Male,Faro
16372,C016373,32,Other,Braga
16373,C016374,48,Female,Porto
16374,C016375,25,Female,Lisbon
16375,C016376,49,Male,Porto
16376,C016377,53,Male,Lisbon
16377,C016378,35,Female,Faro
16378,C016379,34,Female,Faro
16379,C016380,31,Other,Lisbon
16380,C016381,40,Male,Braga
16381,C016382,31,Other,Coimbra
16382,C016383,57,Female,Faro
16383,C016384,26,Other,Coimbra
16384,C016385,25,Female,Porto
16385,C016386,42,Other,Faro
16386,C016387,37,Other,Coimbra
16387,C016388,64,Male,Braga
16388,C016389,36,Female,Coimbra
16389,C016390,21,Other,Braga
16390,C016391,63,Other,Faro
16391,C016392,66,Other,Braga
16392,C016393,60,Other,Coimbra
16393,C016394,36,Female,Porto
16394,C016395,25,Other,Lisbon
16395,C016396,40,Other,Porto
16396,C016397,27,Other,Lisbon
16397,C016398,47,Female,Lisbon
16398,C016399,46,Other,Lisbon
16399,C016400,40,Female,Coimbra
16400,C016401,39,Male,Faro
16401,C016402,37,Male,Coimbra
16402,C016403,45,Female,Lisbon
16403,C016404,55,Other,Lisbon
16404,C016405,31,Other,Faro
16405,C016406,45,Other,Coimbra
16406,C016407,46,Female,Porto
16407,C016408,60,Male,Braga
16408,C016409,32,Male,Porto
16409,C016410,16,Male,Faro
16410,C016411,48,Other,Lisbon
16411,C016412,26,Female,Porto
16412,C016413,46,Male,Braga
16413,C016414,17,Male,Faro
16414,C016415,55,Female,Coimbra
16415,C016416,17,Male,Lisbon
16416,C016417,33,Female,Coimbra
16417,C016418,39,Other,Braga
16418,C016419,54,Other,Coimbra
16419,C016420,66,Other,Faro
16420,C016421,26,Other,Porto
16421,C016422,55,Male,Porto
16422,C016423,33,Male,Faro
16423,C016424,54,Other,Porto
16424,C016425,19,Other,Faro
16425,C016426,44,Female,Braga
16426,C016427,45,Other,Coimbra
16427,C016428,20,Female,Braga
16428,C016429,65,Female,Porto
16429,C016430,18,Other,Faro
16430,C016431,19,Female,Lisbon
16431,C016432,65,Female,Coimbra
16432,C016433,34,Male,Coimbra
16433,C016434,64,Other,Lisbon
16434,C016435,18,Male,Faro
16435,C016436,38,Other,Faro
16436,C016437,69,Other,Coimbra
16437,C016438,47,Male,Faro
16438,C016439,60,Female,Porto
16439,C016440,34,Male,Lisbon
16440,C016441,57,Female,Braga
16441,C016442,35,Female,Faro
16442,C016443,23,Female,Faro
16443,C016444,45,Male,Faro
16444,C016445,57,Other,Braga
16445,C016446,56,Female,Faro
16446,C016447,33,Other,Coimbra
16447,C016448,27,Female,Porto
16448,C016449,29,Male,Faro
16449,C016450,40,Female,Lisbon
16450,C016451,41,Male,Porto
16451,C016452,22,Other,Braga
16452,C016453,29,Female,Coimbra
16453,C016454,32,Female,Faro
16454,C016455,63,Female,Braga
16455,C016456,53,Female,Lisbon
16456,C016457,66,Male,Coimbra
16457,C016458,66,Female,Porto
16458,C016459,31,Other,Faro
16459,C016460,26,Other,Braga
16460,C016461,19,Female,Braga
16461,C016462,22,Male,Faro
16462,C016463,62,Female,Porto
16463,C016464,54,Female,Lisbon
16464,C016465,66,Other,Lisbon
16465,C016466,37,Other,Lisbon
16466,C016467,41,Male,Lisbon
16467,C016468,35,Male,Coimbra
16468,C016469,64,Male,Faro
16469,C016470,29,Other,Lisbon
16470,C016471,31,Male,Coimbra
16471,C016472,35,Female,Faro
16472,C016473,62,Male,Porto
16473,C016474,66,Other,Coimbra
16474,C016475,38,Female,Braga
16475,C016476,57,Other,Lisbon
16476,C016477,48,Female,Porto
16477,C016478,58,Other,Coimbra
16478,C016479,34,Other,Coimbra
16479,C016480,37,Other,Lisbon
16480,C016481,35,Female,Braga
16481,C016482,36,Male,Lisbon
16482,C016483,31,Female,Braga
16483,C016484,56,Male,Faro
16484,C016485,69,Other,Coimbra
16485,C016486,28,Other,Lisbon
16486,C016487,16,Other,Faro
16487,C016488,42,Male,Faro
16488,C016489,42,Male,Braga
16489,C016490,26,Other,Braga
16490,C016491,24,Other,Faro
16491,C016492,16,Male,Coimbra
16492,C016493,60,Female,Faro
16493,C016494,17,Other,Coimbra
16494,C016495,44,Female,Porto
16495,C016496,56,Male,Porto
16496,C016497,20,Other,Braga
16497,C016498,35,Male,Coimbra
16498,C016499,36,Other,Porto
16499,C016500,59,Other,Coimbra
16500,C016501,63,Unknown,Faro
16501,C016502,41,Female,Faro
16502,C016503,25,Female,Faro
16503,C016504,28,Female,Braga
16504,C016505,55,Female,Faro
16505,C016506,30,Female,Coimbra
16506,C016507,63,Other,Braga
16507,C016508,22,Other,Coimbra
16508,C016509,60,Other,Braga
16509,C016510,53,Other,Faro
16510,C016511,32,Male,Braga
16511,C016512,32,Female,Coimbra
16512,C016513,62,Other,Coimbra
16513,C016514,32,Male,Coimbra
16514,C016515,47,Other,Coimbra
16515,C016516,68,Other,Porto
16516,C016517,24,Other,Lisbon
16517,C016518,28,Other,Lisbon
16518,C016519,34,Male,Faro
16519,C016520,24,Male,Lisbon
16520,C016521,30,Female,Faro
16521,C016522,51,Male,Faro
16522,C016523,38,Male,Coimbra
16523,C016524,30,Male,Braga
16524,C016525,29,Male,Lisbon
16525,C016526,40,Other,Porto
16526,C016527,57,Female,Porto
16527,C016528,59,Other,Braga
16528,C016529,18,Female,Coimbra
16529,C016530,69,Male,Faro
16530,C016531,48,Other,Braga
16531,C016532,54,Male,Porto
16532,C016533,48,Female,Coimbra
16533,C016534,44,Female,Faro
16534,C016535,19,Female,Lisbon
16535,C016536,62,Female,Coimbra
16536,C016537,23,Other,Porto
16537,C016538,32,Male,Coimbra
16538,C016539,43,Other,Braga
16539,C016540,27,Female,Coimbra
16540,C016541,25,Female,Porto
16541,C016542,57,Other,Coimbra
16542,C016543,39,Other,Braga
16543,C016544,24,Other,Porto
16544,C016545,25,Male,Braga
16545,C016546,49,Male,Porto
16546,C016547,26,Male,Lisbon
16547,C016548,25,Female,Faro
16548,C016549,49,Other,Faro
16549,C016550,60,Other,Faro
16550,C016551,33,Other,Braga
16551,C016552,60,Male,Lisbon
16552,C016553,45,Other,Lisbon
16553,C016554,41,Male,Porto
16554,C016555,19,Male,Faro
16555,C016556,64,Male,Braga
16556,C016557,16,Other,Coimbra
16557,C016558,50,Other,Faro
16558,C016559,58,Other,Lisbon
16559,C016560,18,Female,Lisbon
16560,C016561,61,Female,Porto
16561,C016562,66,Other,Braga
16562,C016563,38,Female,Braga
16563,C016564,20,Female,Braga
16564,C016565,32,Female,Coimbra
16565,C016566,43,Other,Porto
16566,C016567,36,Female,Lisbon
16567,C016568,58,Female,Braga
16568,C016569,53,Other,Porto
16569,C016570,29,Other,Porto
16570,C016571,29,Female,Coimbra
16571,C016572,38,Male,Lisbon
16572,C016573,30,Male,Braga
16573,C016574,29,Male,Lisbon
16574,C016575,68,Unknown,Faro
16575,C016576,65,Male,Braga
16576,C016577,26,Female,Lisbon
16577,C016578,67,Female,Coimbra
16578,C016579,30,Female,Lisbon
16579,C016580,43,Other,Lisbon
16580,C016581,21,Female,Coimbra
16581,C016582,23,Female,Braga
16582,C016583,46,Female,Coimbra
16583,C016584,49,Female,Porto
16584,C016585,18,Female,Braga
16585,C016586,23,Unknown,Braga
16586,C016587,16,Female,Braga
16587,C016588,32,Female,Porto
16588,C016589,63,Male,Coimbra
16589,C016590,44,Male,Coimbra
16590,C016591,66,Female,Coimbra
16591,C016592,56,Female,Coimbra
16592,C016593,24,Female,Lisbon
16593,C016594,38,Male,Coimbra
16594,C016595,21,Female,Coimbra
16595,C016596,30,Other,Porto
16596,C016597,35,Unknown,Faro
16597,C016598,43,Other,Faro
16598,C016599,42,Male,Lisbon
16599,C016600,65,Male,Lisbon
16600,C016601,45,Other,Faro
16601,C016602,63,Other,Porto
16602,C016603,47,Male,Porto
16603,C016604,45,Other,Lisbon
16604,C016605,21,Other,Coimbra
16605,C016606,46,Male,Lisbon
16606,C016607,32,Male,Braga
16607,C016608,43,Male,Braga
16608,C016609,54,Other,Braga
16609,C016610,51,Other,Porto
16610,C016611,27,Other,Lisbon
16611,C016612,46,Female,Faro
16612,C016613,30,Other,Braga
16613,C016614,18,Female,Lisbon
16614,C016615,26,Other,Faro
16615,C016616,36,Other,Lisbon
16616,C016617,16,Male,Faro
16617,C016618,64,Female,Porto
16618,C016619,50,Female,Lisbon
16619,C016620,58,Female,Braga
16620,C016621,39,Other,Coimbra
16621,C016622,61,Male,Faro
16622,C016623,17,Male,Porto
16623,C016624,39,Female,Faro
16624,C016625,69,Male,Braga
16625,C016626,44,Female,Coimbra
16626,C016627,48,Female,Braga
16627,C016628,26,Male,Porto
16628,C016629,44,Other,Coimbra
16629,C016630,35,Male,Porto
16630,C016631,31,Female,Braga
16631,C016632,16,Male,Faro
16632,C016633,25,Other,Faro
16633,C016634,48,Male,Coimbra
16634,C016635,31,Male,Porto
16635,C016636,58,Female,Faro
16636,C016637,52,Other,Braga
16637,C016638,32,Male,Braga
16638,C016639,54,Female,Porto
16639,C016640,19,Other,Faro
16640,C016641,23,Other,Lisbon
16641,C016642,60,Other,Lisbon
16642,C016643,37,Other,Faro
16643,C016644,57,Male,Faro
16644,C016645,30,Female,Faro
16645,C016646,18,Female,Coimbra
16646,C016647,68,Male,Lisbon
16647,C016648,23,Other,Braga
16648,C016649,45,Male,Braga
16649,C016650,49,Other,Faro
16650,C016651,54,Female,Coimbra
16651,C016652,60,Male,Coimbra
16652,C016653,55,Male,Braga
16653,C016654,61,Male,Porto
16654,C016655,50,Female,Braga
16655,C016656,45,Female,Coimbra
16656,C016657,47,Female,Porto
16657,C016658,61,Male,Porto
16658,C016659,24,Other,Braga
16659,C016660,50,Female,Braga
16660,C016661,54,Female,Faro
16661,C016662,54,Male,Coimbra
16662,C016663,38,Male,Faro
16663,C016664,45,Male,Lisbon
16664,C016665,43,Female,Coimbra
16665,C016666,26,Male,Lisbon
16666,C016667,25,Other,Faro
16667,C016668,46,Other,Braga
16668,C016669,38,Male,Braga
16669,C016670,18,Male,Lisbon
16670,C016671,49,Other,Braga
16671,C016672,27,Female,Coimbra
16672,C016673,50,Female,Coimbra
16673,C016674,49,Other,Braga
16674,C016675,23,Other,Braga
16675,C016676,61,Other,Coimbra
16676,C016677,19,Male,Faro
16677,C016678,27,Male,Porto
16678,C016679,23,Other,Coimbra
16679,C016680,44,Other,Braga
16680,C016681,18,Other,Faro
16681,C016682,48,Male,Lisbon
16682,C016683,26,Female,Braga
16683,C016684,49,Other,Porto
16684,C016685,59,Female,Lisbon
16685,C016686,47,Male,Porto
16686,C016687,37,Other,Porto
16687,C016688,28,Other,Lisbon
16688,C016689,38,Male,Faro
16689,C016690,20,Female,Coimbra
16690,C016691,23,Other,Faro
16691,C016692,21,Male,Braga
16692,C016693,19,Male,Coimbra
16693,C016694,43,Other,Braga
16694,C016695,33,Other,Faro
16695,C016696,66,Female,Braga
16696,C016697,40,Other,Lisbon
16697,C016698,58,Female,Coimbra
16698,C016699,60,Female,Porto
16699,C016700,49,Other,Porto
16700,C016701,57,Other,Lisbon
16701,C016702,59,Other,Braga
16702,C016703,65,Other,Braga
16703,C016704,44,Female,Faro
16704,C016705,29,Other,Braga
16705,C016706,66,Female,Lisbon
16706,C016707,44,Male,Coimbra
16707,C016708,41,Female,Braga
16708,C016709,22,Other,Lisbon
16709,C016710,37,Other,Lisbon
16710,C016711,19,Other,Porto
16711,C016712,66,Female,Lisbon
16712,C016713,62,Female,Lisbon
16713,C016714,47,Female,Coimbra
16714,C016715,28,Other,Coimbra
16715,C016716,43,Female,Lisbon
16716,C016717,16,Other,Coimbra
16717,C016718,42,Male,Coimbra
16718,C016719,45,Other,Lisbon
16719,C016720,48,Other,Coimbra
16720,C016721,43,Male,Coimbra
16721,C016722,60,Female,Porto
16722,C016723,28,Male,Faro
16723,C016724,38,Other,Coimbra
16724,C016725,29,Male,Lisbon
16725,C016726,42,Male,Braga
16726,C016727,22,Female,Porto
16727,C016728,67,Female,Porto
16728,C016729,59,Female,Lisbon
16729,C016730,56,Female,Coimbra
16730,C016731,59,Female,Braga
16731,C016732,62,Other,Lisbon
16732,C016733,25,Female,Lisbon
16733,C016734,58,Other,Faro
16734,C016735,24,Female,Faro
16735,C016736,20,Female,Braga
16736,C016737,55,Male,Coimbra
16737,C016738,38,Male,Braga
16738,C016739,40,Female,Lisbon
16739,C016740,33,Other,Porto
16740,C016741,21,Unknown,Porto
16741,C016742,67,Other,Lisbon
16742,C016743,41,Other,Faro
16743,C016744,31,Female,Faro
16744,C016745,16,Female,Lisbon
16745,C016746,38,Other,Coimbra
16746,C016747,40,Other,Faro
16747,C016748,46,Male,Braga
16748,C016749,36,Male,Braga
16749,C016750,46,Male,Porto
16750,C016751,21,Male,Porto
16751,C016752,24,Other,Faro
16752,C016753,21,Male,Coimbra
16753,C016754,64,Female,Faro
16754,C016755,53,Female,Porto
16755,C016756,66,Male,Braga
16756,C016757,29,Other,Faro
16757,C016758,20,Female,Lisbon
16758,C016759,49,Male,Faro
16759,C016760,32,Other,Porto
16760,C016761,43,Other,Porto
16761,C016762,43,Other,Faro
16762,C016763,65,Other,Porto
16763,C016764,48,Male,Lisbon
16764,C016765,34,Male,Faro
16765,C016766,55,Female,Braga
16766,C016767,35,Male,Lisbon
16767,C016768,68,Unknown,Coimbra
16768,C016769,47,Female,Braga
16769,C016770,52,Female,Lisbon
16770,C016771,50,Other,Porto
16771,C016772,17,Female,Faro
16772,C016773,34,Male,Porto
16773,C016774,48,Other,Porto
16774,C016775,44,Female,Porto
16775,C016776,41,Other,Braga
16776,C016777,55,Other,Coimbra
16777,C016778,50,Male,Braga
16778,C016779,19,Male,Faro
16779,C016780,16,Male,Faro
16780,C016781,20,Other,Coimbra
16781,C016782,42,Female,Porto
16782,C016783,45,Male,Faro
16783,C016784,49,Female,Faro
16784,C016785,48,Other,Faro
16785,C016786,57,Male,Braga
16786,C016787,56,Other,Braga
16787,C016788,26,Male,Braga
16788,C016789,62,Other,Lisbon
16789,C016790,18,Female,Porto
16790,C016791,54,Other,Lisbon
16791,C016792,29,Other,Coimbra
16792,C016793,38,Other,Porto
16793,C016794,31,Female,Faro
16794,C016795,45,Other,Lisbon
16795,C016796,37,Other,Braga
16796,C016797,20,Female,Faro
16797,C016798,50,Other,Porto
16798,C016799,19,Female,Coimbra
16799,C016800,33,Other,Coimbra
16800,C016801,17,Female,Faro
16801,C016802,35,Female,Braga
16802,C016803,43,Female,Coimbra
16803,C016804,43,Male,Faro
16804,C016805,66,Male,Faro
16805,C016806,60,Male,Porto
16806,C016807,66,Male,Lisbon
16807,C016808,63,Female,Braga
16808,C016809,42,Female,Faro
16809,C016810,60,Male,Lisbon
16810,C016811,34,Other,Faro
16811,C016812,49,Female,Faro
16812,C016813,51,Male,Braga
16813,C016814,52,Male,Lisbon
16814,C016815,24,Female,Faro
16815,C016816,45,Female,Lisbon
16816,C016817,61,Male,Porto
16817,C016818,40,Male,Lisbon
16818,C016819,61,Female,Porto
16819,C016820,21,Male,Faro
16820,C016821,49,Female,Lisbon
16821,C016822,19,Male,Faro
16822,C016823,29,Male,Coimbra
16823,C016824,25,Other,Braga
16824,C016825,23,Male,Coimbra
16825,C016826,57,Male,Coimbra
16826,C016827,27,Male,Braga
16827,C016828,21,Other,Porto
16828,C016829,26,Female,Braga
16829,C016830,62,Other,Porto
16830,C016831,40,Other,Lisbon
16831,C016832,23,Female,Lisbon
16832,C016833,41,Other,Braga
16833,C016834,68,Male,Lisbon
16834,C016835,30,Male,Coimbra
16835,C016836,20,Male,Lisbon
16836,C016837,20,Other,Lisbon
16837,C016838,32,Other,Lisbon
16838,C016839,18,Male,Faro
16839,C016840,36,Other,Porto
16840,C016841,20,Female,Braga
16841,C016842,36,Male,Coimbra
16842,C016843,19,Other,Porto
16843,C016844,37,Male,Braga
16844,C016845,53,Other,Braga
16845,C016846,46,Female,Coimbra
16846,C016847,54,Male,Lisbon
16847,C016848,45,Male,Porto
16848,C016849,36,Female,Braga
16849,C016850,27,Male,Porto
16850,C016851,69,Male,Braga
16851,C016852,37,Female,Braga
16852,C016853,56,Female,Coimbra
16853,C016854,49,Male,Braga
16854,C016855,16,Female,Coimbra
16855,C016856,47,Other,Faro
16856,C016857,20,Male,Lisbon
16857,C016858,20,Female,Braga
16858,C016859,31,Male,Faro
16859,C016860,47,Female,Faro
16860,C016861,43,Female,Coimbra
16861,C016862,66,Other,Lisbon
16862,C016863,61,Female,Porto
16863,C016864,36,Other,Coimbra
16864,C016865,48,Male,Coimbra
16865,C016866,67,Other,Braga
16866,C016867,48,Female,Porto
16867,C016868,65,Other,Porto
16868,C016869,17,Other,Coimbra
16869,C016870,23,Male,Coimbra
16870,C016871,19,Male,Faro
16871,C016872,50,Female,Lisbon
16872,C016873,41,Other,Coimbra
16873,C016874,38,Female,Lisbon
16874,C016875,58,Male,Porto
16875,C016876,28,Male,Faro
16876,C016877,57,Male,Faro
16877,C016878,25,Male,Porto
16878,C016879,19,Female,Porto
16879,C016880,66,Other,Braga
16880,C016881,16,Female,Lisbon
16881,C016882,44,Male,Coimbra
16882,C016883,33,Male,Porto
16883,C016884,41,Male,Braga
16884,C016885,38,Male,Braga
16885,C016886,45,Female,Coimbra
16886,C016887,62,Other,Lisbon
16887,C016888,38,Female,Braga
16888,C016889,29,Male,Braga
16889,C016890,60,Male,Braga
16890,C016891,60,Male,Faro
16891,C016892,54,Other,Lisbon
16892,C016893,45,Female,Lisbon
16893,C016894,68,Other,Braga
16894,C016895,55,Male,Braga
16895,C016896,68,Other,Coimbra
16896,C016897,24,Female,Porto
16897,C016898,67,Other,Braga
16898,C016899,33,Other,Lisbon
16899,C016900,29,Female,Braga
16900,C016901,49,Male,Coimbra
16901,C016902,16,Other,Porto
16902,C016903,39,Other,Porto
16903,C016904,37,Male,Lisbon
16904,C016905,35,Other,Porto
16905,C016906,31,Male,Porto
16906,C016907,69,Male,Lisbon
16907,C016908,46,Female,Porto
16908,C016909,50,Other,Coimbra
16909,C016910,40,Male,Braga
16910,C016911,41,Male,Porto
16911,C016912,45,Other,Faro
16912,C016913,30,Male,Lisbon
16913,C016914,50,Male,Coimbra
16914,C016915,56,Female,Braga
16915,C016916,43,Male,Lisbon
16916,C016917,29,Male,Braga
16917,C016918,58,Other,Porto
16918,C016919,48,Other,Faro
16919,C016920,62,Other,Faro
16920,C016921,52,Other,Braga
16921,C016922,20,Female,Coimbra
16922,C016923,43,Other,Faro
16923,C016924,20,Other,Faro
16924,C016925,52,Other,Porto
16925,C016926,51,Female,Lisbon
16926,C016927,31,Female,Porto
16927,C016928,26,Male,Coimbra
16928,C016929,30,Other,Lisbon
16929,C016930,34,Female,Lisbon
16930,C016931,69,Female,Braga
16931,C016932,46,Female,Lisbon
16932,C016933,48,Male,Porto
16933,C016934,40,Female,Lisbon
16934,C016935,23,Unknown,Braga
16935,C016936,67,Other,Porto
16936,C016937,18,Male,Lisbon
16937,C016938,44,Female,Coimbra
16938,C016939,55,Male,Braga
16939,C016940,33,Other,Faro
16940,C016941,48,Female,Braga
16941,C016942,54,Male,Coimbra
16942,C016943,23,Male,Faro
16943,C016944,58,Other,Braga
16944,C016945,55,Female,Braga
16945,C016946,27,Female,Lisbon
16946,C016947,37,Male,Faro
16947,C016948,20,Female,Coimbra
16948,C016949,34,Female,Coimbra
16949,C016950,42,Other,Faro
16950,C016951,31,Female,Lisbon
16951,C016952,45,Male,Coimbra
16952,C016953,23,Other,Porto
16953,C016954,59,Female,Porto
16954,C016955,36,Male,Porto
16955,C016956,17,Other,Porto
16956,C016957,60,Female,Lisbon
16957,C016958,19,Other,Braga
16958,C016959,41,Male,Braga
16959,C016960,44,Female,Faro
16960,C016961,44,Female,Coimbra
16961,C016962,59,Female,Lisbon
16962,C016963,30,Male,Faro
16963,C016964,47,Other,Braga
16964,C016965,40,Male,Braga
16965,C016966,59,Other,Faro
16966,C016967,16,Other,Coimbra
16967,C016968,32,Female,Coimbra
16968,C016969,52,Other,Faro
16969,C016970,32,Male,Porto
16970,C016971,27,Female,Braga
16971,C016972,29,Male,Coimbra
16972,C016973,23,Female,Braga
16973,C016974,42,Female,Porto
16974,C016975,52,Other,Lisbon
16975,C016976,30,Male,Coimbra
16976,C016977,65,Other,Coimbra
16977,C016978,69,Male,Faro
16978,C016979,54,Other,Braga
16979,C016980,58,Male,Braga
16980,C016981,57,Female,Lisbon
16981,C016982,58,Female,Faro
16982,C016983,55,Male,Braga
16983,C016984,20,Female,Faro
16984,C016985,55,Female,Lisbon
16985,C016986,34,Female,Lisbon
16986,C016987,67,Female,Porto
16987,C016988,22,Male,Braga
16988,C016989,46,Female,Lisbon
16989,C016990,68,Female,Lisbon
16990,C016991,36,Unknown,Faro
16991,C016992,33,Other,Braga
16992,C016993,48,Male,Coimbra
16993,C016994,19,Male,Braga
16994,C016995,57,Other,Lisbon
16995,C016996,69,Other,Porto
16996,C016997,37,Male,Lisbon
16997,C016998,38,Other,Coimbra
16998,C016999,18,Other,Braga
16999,C017000,57,Male,Porto
17000,C017001,27,Male,Lisbon
17001,C017002,16,Other,Porto
17002,C017003,60,Male,Faro
17003,C017004,35,Other,Coimbra
17004,C017005,64,Female,Lisbon
17005,C017006,31,Other,Porto
17006,C017007,63,Female,Faro
17007,C017008,47,Male,Coimbra
17008,C017009,16,Female,Braga
17009,C017010,69,Male,Coimbra
17010,C017011,33,Other,Faro
17011,C017012,29,Other,Braga
17012,C017013,65,Female,Lisbon
17013,C017014,51,Female,Lisbon
17014,C017015,60,Female,Coimbra
17015,C017016,47,Male,Braga
17016,C017017,46,Other,Coimbra
17017,C017018,34,Male,Lisbon
17018,C017019,50,Male,Braga
17019,C017020,49,Male,Coimbra
17020,C017021,51,Other,Braga
17021,C017022,38,Other,Coimbra
17022,C017023,37,Male,Faro
17023,C017024,19,Other,Braga
17024,C017025,33,Female,Braga
17025,C017026,37,Male,Faro
17026,C017027,54,Female,Braga
17027,C017028,55,Other,Lisbon
17028,C017029,36,Female,Braga
17029,C017030,26,Male,Faro
17030,C017031,17,Other,Coimbra
17031,C017032,27,Other,Coimbra
17032,C017033,50,Female,Coimbra
17033,C017034,18,Female,Porto
17034,C017035,24,Male,Faro
17035,C017036,22,Other,Faro
17036,C017037,18,Female,Lisbon
17037,C017038,38,Male,Lisbon
17038,C017039,45,Other,Lisbon
17039,C017040,30,Male,Porto
17040,C017041,50,Other,Porto
17041,C017042,43,Female,Lisbon
17042,C017043,17,Other,Braga
17043,C017044,18,Male,Faro
17044,C017045,31,Other,Porto
17045,C017046,25,Male,Lisbon
17046,C017047,66,Female,Braga
17047,C017048,58,Male,Faro
17048,C017049,50,Other,Braga
17049,C017050,38,Other,Coimbra
17050,C017051,45,Female,Faro
17051,C017052,41,Female,Porto
17052,C017053,38,Female,Porto
17053,C017054,17,Other,Faro
17054,C017055,42,Male,Porto
17055,C017056,63,Other,Braga
17056,C017057,58,Female,Braga
17057,C017058,16,Other,Faro
17058,C017059,63,Male,Coimbra
17059,C017060,18,Male,Coimbra
17060,C017061,61,Other,Faro
17061,C017062,16,Female,Porto
17062,C017063,38,Female,Faro
17063,C017064,19,Female,Coimbra
17064,C017065,66,Female,Coimbra
17065,C017066,45,Other,Porto
17066,C017067,16,Other,Porto
17067,C017068,16,Female,Coimbra
17068,C017069,31,Female,Braga
17069,C017070,67,Other,Faro
17070,C017071,55,Other,Lisbon
17071,C017072,67,Female,Faro
17072,C017073,26,Other,Braga
17073,C017074,20,Male,Faro
17074,C017075,47,Female,Coimbra
17075,C017076,55,Female,Porto
17076,C017077,49,Male,Lisbon
17077,C017078,60,Other,Faro
17078,C017079,34,Other,Porto
17079,C017080,69,Female,Lisbon
17080,C017081,52,Female,Lisbon
17081,C017082,54,Female,Coimbra
17082,C017083,27,Female,Coimbra
17083,C017084,57,Other,Lisbon
17084,C017085,37,Female,Porto
17085,C017086,64,Female,Lisbon
17086,C017087,52,Male,Coimbra
17087,C017088,20,Other,Braga
17088,C017089,23,Female,Porto
17089,C017090,62,Male,Lisbon
17090,C017091,17,Male,Braga
17091,C017092,16,Other,Faro
17092,C017093,19,Male,Faro
17093,C017094,46,Other,Braga
17094,C017095,34,Other,Porto
17095,C017096,69,Female,Coimbra
17096,C017097,53,Female,Coimbra
17097,C017098,20,Male,Porto
17098,C017099,51,Male,Porto
17099,C017100,26,Other,Porto
17100,C017101,60,Female,Porto
17101,C017102,50,Other,Lisbon
17102,C017103,39,Male,Porto
17103,C017104,26,Male,Faro
17104,C017105,44,Male,Coimbra
17105,C017106,50,Other,Faro
17106,C017107,41,Other,Lisbon
17107,C017108,58,Female,Lisbon
17108,C017109,26,Other,Porto
17109,C017110,46,Female,Porto
17110,C017111,63,Other,Lisbon
17111,C017112,34,Male,Lisbon
17112,C017113,45,Female,Porto
17113,C017114,45,Male,Lisbon
17114,C017115,22,Female,Faro
17115,C017116,41,Other,Faro
17116,C017117,22,Other,Porto
17117,C017118,39,Male,Braga
17118,C017119,32,Other,Coimbra
17119,C017120,44,Female,Faro
17120,C017121,24,Other,Faro
17121,C017122,34,Other,Porto
17122,C017123,19,Female,Braga
17123,C017124,21,Male,Porto
17124,C017125,35,Other,Faro
17125,C017126,43,Other,Lisbon
17126,C017127,58,Male,Lisbon
17127,C017128,69,Other,Porto
17128,C017129,17,Female,Coimbra
17129,C017130,49,Male,Coimbra
17130,C017131,27,Other,Faro
17131,C017132,35,Male,Coimbra
17132,C017133,19,Female,Lisbon
17133,C017134,40,Other,Coimbra
17134,C017135,60,Female,Lisbon
17135,C017136,51,Other,Braga
17136,C017137,40,Male,Porto
17137,C017138,65,Female,Faro
17138,C017139,34,Female,Lisbon
17139,C017140,21,Male,Coimbra
17140,C017141,53,Female,Lisbon
17141,C017142,68,Female,Lisbon
17142,C017143,16,Female,Braga
17143,C017144,30,Other,Faro
17144,C017145,68,Male,Coimbra
17145,C017146,39,Other,Lisbon
17146,C017147,36,Other,Porto
17147,C017148,27,Other,Porto
17148,C017149,19,Other,Coimbra
17149,C017150,39,Female,Coimbra
17150,C017151,50,Other,Braga
17151,C017152,40,Unknown,Lisbon
17152,C017153,63,Other,Porto
17153,C017154,41,Other,Braga
17154,C017155,46,Female,Porto
17155,C017156,37,Female,Braga
17156,C017157,21,Male,Porto
17157,C017158,33,Other,Porto
17158,C017159,34,Female,Porto
17159,C017160,22,Female,Coimbra
17160,C017161,43,Female,Lisbon
17161,C017162,25,Other,Coimbra
17162,C017163,25,Male,Lisbon
17163,C017164,58,Male,Porto
17164,C017165,68,Female,Lisbon
17165,C017166,41,Other,Faro
17166,C017167,66,Male,Braga
17167,C017168,55,Male,Coimbra
17168,C017169,20,Other,Porto
17169,C017170,65,Male,Lisbon
17170,C017171,23,Other,Lisbon
17171,C017172,22,Female,Porto
17172,C017173,29,Male,Porto
17173,C017174,69,Male,Coimbra
17174,C017175,53,Female,Braga
17175,C017176,20,Female,Porto
17176,C017177,51,Female,Braga
17177,C017178,42,Female,Porto
17178,C017179,52,Male,Coimbra
17179,C017180,30,Female,Coimbra
17180,C017181,22,Female,Faro
17181,C017182,46,Female,Braga
17182,C017183,31,Male,Lisbon
17183,C017184,61,Male,Lisbon
17184,C017185,20,Unknown,Porto
17185,C017186,69,Other,Faro
17186,C017187,19,Other,Porto
17187,C017188,29,Other,Faro
17188,C017189,52,Female,Coimbra
17189,C017190,68,Male,Coimbra
17190,C017191,54,Female,Lisbon
17191,C017192,37,Female,Coimbra
17192,C017193,19,Female,Faro
17193,C017194,20,Male,Braga
17194,C017195,51,Other,Porto
17195,C017196,66,Female,Coimbra
17196,C017197,31,Other,Braga
17197,C017198,25,Male,Faro
17198,C017199,33,Male,Lisbon
17199,C017200,42,Other,Faro
17200,C017201,45,Other,Braga
17201,C017202,20,Other,Lisbon
17202,C017203,36,Other,Porto
17203,C017204,27,Female,Lisbon
17204,C017205,61,Male,Coimbra
17205,C017206,20,Female,Porto
17206,C017207,49,Male,Lisbon
17207,C017208,31,Female,Porto
17208,C017209,32,Unknown,Faro
17209,C017210,35,Male,Faro
17210,C017211,50,Other,Faro
17211,C017212,66,Male,Faro
17212,C017213,51,Other,Braga
17213,C017214,42,Female,Porto
17214,C017215,28,Other,Coimbra
17215,C017216,55,Male,Lisbon
17216,C017217,22,Other,Braga
17217,C017218,46,Male,Lisbon
17218,C017219,59,Male,Porto
17219,C017220,40,Other,Porto
17220,C017221,36,Male,Lisbon
17221,C017222,35,Male,Lisbon
17222,C017223,55,Female,Coimbra
17223,C017224,45,Other,Porto
17224,C017225,49,Male,Coimbra
17225,C017226,51,Female,Coimbra
17226,C017227,21,Female,Lisbon
17227,C017228,26,Female,Faro
17228,C017229,36,Female,Faro
17229,C017230,49,Female,Porto
17230,C017231,58,Other,Lisbon
17231,C017232,69,Female,Faro
17232,C017233,53,Male,Faro
17233,C017234,55,Female,Braga
17234,C017235,52,Male,Porto
17235,C017236,30,Other,Faro
17236,C017237,47,Other,Faro
17237,C017238,27,Male,Braga
17238,C017239,40,Other,Coimbra
17239,C017240,37,Female,Braga
17240,C017241,25,Male,Faro
17241,C017242,33,Female,Faro
17242,C017243,26,Male,Porto
17243,C017244,37,Female,Coimbra
17244,C017245,65,Other,Porto
17245,C017246,45,Female,Lisbon
17246,C017247,40,Female,Coimbra
17247,C017248,41,Other,Coimbra
17248,C017249,23,Other,Lisbon
17249,C017250,42,Male,Faro
17250,C017251,25,Male,Faro
17251,C017252,44,Male,Faro
17252,C017253,68,Male,Coimbra
17253,C017254,39,Other,Porto
17254,C017255,54,Male,Coimbra
17255,C017256,54,Female,Faro
17256,C017257,64,Male,Braga
17257,C017258,34,Other,Braga
17258,C017259,37,Male,Porto
17259,C017260,22,Male,Coimbra
17260,C017261,37,Male,Braga
17261,C017262,64,Female,Lisbon
17262,C017263,64,Male,Coimbra
17263,C017264,31,Female,Lisbon
17264,C017265,48,Male,Braga
17265,C017266,32,Male,Braga
17266,C017267,33,Male,Braga
17267,C017268,44,Male,Faro
17268,C017269,69,Other,Faro
17269,C017270,35,Female,Lisbon
17270,C017271,16,Male,Braga
17271,C017272,48,Other,Coimbra
17272,C017273,25,Male,Braga
17273,C017274,39,Male,Porto
17274,C017275,27,Other,Lisbon
17275,C017276,55,Male,Braga
17276,C017277,62,Female,Lisbon
17277,C017278,49,Female,Porto
17278,C017279,16,Female,Braga
17279,C017280,44,Male,Lisbon
17280,C017281,33,Female,Braga
17281,C017282,50,Male,Lisbon
17282,C017283,41,Female,Lisbon
17283,C017284,48,Other,Porto
17284,C017285,24,Female,Lisbon
17285,C017286,40,Other,Braga
17286,C017287,57,Female,Lisbon
17287,C017288,19,Female,Coimbra
17288,C017289,19,Other,Porto
17289,C017290,26,Other,Braga
17290,C017291,27,Female,Lisbon
17291,C017292,24,Male,Porto
17292,C017293,53,Other,Lisbon
17293,C017294,38,Male,Coimbra
17294,C017295,51,Other,Porto
17295,C017296,50,Female,Lisbon
17296,C017297,20,Male,Faro
17297,C017298,47,Other,Porto
17298,C017299,40,Other,Faro
17299,C017300,29,Other,Porto
17300,C017301,66,Male,Porto
17301,C017302,30,Other,Faro
17302,C017303,66,Female,Lisbon
17303,C017304,60,Female,Porto
17304,C017305,22,Female,Lisbon
17305,C017306,65,Male,Porto
17306,C017307,35,Male,Porto
17307,C017308,52,Female,Porto
17308,C017309,43,Male,Braga
17309,C017310,43,Male,Faro
17310,C017311,27,Male,Faro
17311,C017312,52,Male,Porto
17312,C017313,20,Other,Braga
17313,C017314,33,Male,Braga
17314,C017315,53,Other,Faro
17315,C017316,65,Male,Faro
17316,C017317,54,Male,Lisbon
17317,C017318,23,Female,Faro
17318,C017319,39,Male,Coimbra
17319,C017320,32,Other,Coimbra
17320,C017321,30,Other,Braga
17321,C017322,32,Female,Coimbra
17322,C017323,44,Male,Porto
17323,C017324,61,Male,Braga
17324,C017325,24,Other,Braga
17325,C017326,32,Male,Faro
17326,C017327,66,Male,Porto
17327,C017328,26,Female,Faro
17328,C017329,68,Female,Braga
17329,C017330,44,Male,Lisbon
17330,C017331,53,Female,Braga
17331,C017332,40,Female,Porto
17332,C017333,49,Other,Lisbon
17333,C017334,34,Other,Braga
17334,C017335,40,Female,Lisbon
17335,C017336,69,Male,Faro
17336,C017337,53,Male,Coimbra
17337,C017338,63,Female,Coimbra
17338,C017339,25,Female,Lisbon
17339,C017340,58,Female,Braga
17340,C017341,45,Male,Faro
17341,C017342,23,Male,Lisbon
17342,C017343,23,Female,Braga
17343,C017344,58,Male,Faro
17344,C017345,56,Male,Braga
17345,C017346,51,Male,Faro
17346,C017347,52,Male,Faro
17347,C017348,41,Female,Porto
17348,C017349,60,Male,Faro
17349,C017350,25,Other,Porto
17350,C017351,51,Other,Braga
17351,C017352,57,Female,Porto
17352,C017353,46,Female,Faro
17353,C017354,23,Other,Braga
17354,C017355,40,Male,Braga
17355,C017356,66,Male,Lisbon
17356,C017357,55,Male,Coimbra
17357,C017358,53,Other,Coimbra
17358,C017359,19,Male,Faro
17359,C017360,58,Other,Porto
17360,C017361,59,Male,Lisbon
17361,C017362,17,Male,Porto
17362,C017363,32,Female,Lisbon
17363,C017364,39,Other,Coimbra
17364,C017365,23,Female,Porto
17365,C017366,38,Other,Braga
17366,C017367,18,Male,Braga
17367,C017368,26,Male,Faro
17368,C017369,23,Female,Coimbra
17369,C017370,42,Female,Lisbon
17370,C017371,21,Male,Lisbon
17371,C017372,51,Other,Faro
17372,C017373,35,Other,Coimbra
17373,C017374,36,Female,Braga
17374,C017375,34,Male,Braga
17375,C017376,21,Male,Braga
17376,C017377,39,Other,Lisbon
17377,C017378,22,Other,Braga
17378,C017379,36,Female,Braga
17379,C017380,63,Female,Faro
17380,C017381,45,Male,Porto
17381,C017382,31,Male,Faro
17382,C017383,52,Female,Porto
17383,C017384,41,Male,Faro
17384,C017385,68,Male,Coimbra
17385,C017386,20,Male,Faro
17386,C017387,26,Female,Porto
17387,C017388,58,Female,Porto
17388,C017389,19,Male,Porto
17389,C017390,24,Other,Coimbra
17390,C017391,33,Other,Coimbra
17391,C017392,35,Other,Braga
17392,C017393,60,Male,Faro
17393,C017394,40,Male,Lisbon
17394,C017395,28,Other,Faro
17395,C017396,36,Female,Faro
17396,C017397,55,Male,Faro
17397,C017398,29,Male,Coimbra
17398,C017399,61,Female,Coimbra
17399,C017400,66,Other,Porto
17400,C017401,64,Male,Porto
17401,C017402,16,Male,Coimbra
17402,C017403,61,Female,Lisbon
17403,C017404,23,Female,Faro
17404,C017405,45,Male,Porto
17405,C017406,44,Male,Lisbon
17406,C017407,44,Other,Faro
17407,C017408,43,Female,Coimbra
17408,C017409,41,Male,Porto
17409,C017410,48,Male,Braga
17410,C017411,24,Other,Coimbra
17411,C017412,62,Male,Faro
17412,C017413,46,Other,Porto
17413,C017414,49,Other,Coimbra
17414,C017415,62,Female,Faro
17415,C017416,30,Other,Lisbon
17416,C017417,63,Other,Faro
17417,C017418,63,Male,Lisbon
17418,C017419,18,Other,Porto
17419,C017420,23,Other,Faro
17420,C017421,31,Female,Lisbon
17421,C017422,26,Other,Lisbon
17422,C017423,20,Female,Porto
17423,C017424,47,Other,Braga
17424,C017425,48,Other,Faro
17425,C017426,20,Other,Faro
17426,C017427,40,Female,Coimbra
17427,C017428,25,Male,Coimbra
17428,C017429,21,Female,Braga
17429,C017430,46,Other,Coimbra
17430,C017431,26,Female,Porto
17431,C017432,68,Unknown,Lisbon
17432,C017433,30,Male,Coimbra
17433,C017434,18,Other,Porto
17434,C017435,65,Male,Braga
17435,C017436,23,Other,Lisbon
17436,C017437,54,Male,Porto
17437,C017438,41,Male,Braga
17438,C017439,61,Other,Porto
17439,C017440,34,Other,Porto
17440,C017441,41,Male,Faro
17441,C017442,53,Female,Lisbon
17442,C017443,28,Male,Porto
17443,C017444,66,Female,Coimbra
17444,C017445,48,Male,Braga
17445,C017446,55,Female,Braga
17446,C017447,32,Female,Porto
17447,C017448,40,Male,Porto
17448,C017449,56,Male,Lisbon
17449,C017450,41,Other,Porto
17450,C017451,68,Female,Braga
17451,C017452,29,Other,Braga
17452,C017453,42,Other,Porto
17453,C017454,59,Female,Braga
17454,C017455,54,Male,Porto
17455,C017456,22,Other,Porto
17456,C017457,57,Unknown,Faro
17457,C017458,69,Other,Porto
17458,C017459,59,Male,Lisbon
17459,C017460,58,Male,Braga
17460,C017461,20,Other,Porto
17461,C017462,37,Male,Braga
17462,C017463,49,Female,Faro
17463,C017464,51,Other,Braga
17464,C017465,40,Female,Porto
17465,C017466,35,Other,Faro
17466,C017467,56,Female,Coimbra
17467,C017468,41,Female,Faro
17468,C017469,27,Other,Lisbon
17469,C017470,23,Other,Braga
17470,C017471,37,Other,Lisbon
17471,C017472,47,Male,Lisbon
17472,C017473,36,Female,Faro
17473,C017474,44,Female,Faro
17474,C017475,37,Female,Lisbon
17475,C017476,54,Male,Coimbra
17476,C017477,28,Male,Lisbon
17477,C017478,32,Other,Faro
17478,C017479,18,Female,Lisbon
17479,C017480,50,Male,Braga
17480,C017481,58,Female,Faro
17481,C017482,56,Other,Lisbon
17482,C017483,39,Other,Faro
17483,C017484,68,Male,Porto
17484,C017485,22,Other,Porto
17485,C017486,57,Male,Braga
17486,C017487,48,Female,Faro
17487,C017488,18,Male,Porto
17488,C017489,35,Other,Coimbra
17489,C017490,51,Female,Faro
17490,C017491,54,Female,Porto
17491,C017492,18,Male,Porto
17492,C017493,59,Other,Faro
17493,C017494,52,Other,Faro
17494,C017495,30,Other,Lisbon
17495,C017496,27,Female,Faro
17496,C017497,39,Other,Braga
17497,C017498,55,Male,Faro
17498,C017499,65,Female,Braga
17499,C017500,65,Other,Porto
17500,C017501,34,Female,Coimbra
17501,C017502,35,Other,Lisbon
17502,C017503,21,Unknown,Faro
17503,C017504,17,Female,Coimbra
17504,C017505,47,Male,Braga
17505,C017506,57,Male,Lisbon
17506,C017507,42,Male,Faro
17507,C017508,37,Female,Braga
17508,C017509,39,Female,Faro
17509,C017510,40,Male,Braga
17510,C017511,23,Other,Lisbon
17511,C017512,21,Male,Faro
17512,C017513,28,Other,Lisbon
17513,C017514,52,Male,Braga
17514,C017515,28,Male,Coimbra
17515,C017516,18,Male,Coimbra
17516,C017517,48,Other,Lisbon
17517,C017518,44,Other,Braga
17518,C017519,25,Other,Porto
17519,C017520,65,Female,Faro
17520,C017521,34,Other,Braga
17521,C017522,24,Other,Faro
17522,C017523,33,Female,Coimbra
17523,C017524,31,Male,Lisbon
17524,C017525,28,Male,Porto
17525,C017526,20,Other,Lisbon
17526,C017527,41,Male,Faro
17527,C017528,58,Male,Coimbra
17528,C017529,32,Male,Coimbra
17529,C017530,63,Other,Faro
17530,C017531,39,Male,Faro
17531,C017532,16,Male,Faro
17532,C017533,64,Female,Faro
17533,C017534,36,Other,Faro
17534,C017535,28,Female,Lisbon
17535,C017536,48,Male,Porto
17536,C017537,29,Other,Braga
17537,C017538,28,Other,Coimbra
17538,C017539,38,Unknown,Porto
17539,C017540,64,Female,Lisbon
17540,C017541,36,Female,Coimbra
17541,C017542,28,Other,Faro
17542,C017543,59,Female,Porto
17543,C017544,31,Female,Porto
17544,C017545,17,Male,Coimbra
17545,C017546,29,Female,Lisbon
17546,C017547,17,Female,Faro
17547,C017548,20,Female,Coimbra
17548,C017549,44,Other,Braga
17549,C017550,45,Other,Porto
17550,C017551,37,Male,Coimbra
17551,C017552,63,Male,Braga
17552,C017553,68,Other,Porto
17553,C017554,35,Male,Coimbra
17554,C017555,23,Male,Braga
17555,C017556,21,Male,Faro
17556,C017557,54,Other,Faro
17557,C017558,17,Male,Lisbon
17558,C017559,25,Female,Porto
17559,C017560,48,Male,Lisbon
17560,C017561,34,Female,Coimbra
17561,C017562,38,Male,Coimbra
17562,C017563,52,Female,Braga
17563,C017564,19,Male,Porto
17564,C017565,55,Female,Braga
17565,C017566,56,Other,Braga
17566,C017567,59,Female,Faro
17567,C017568,24,Unknown,Faro
17568,C017569,37,Female,Coimbra
17569,C017570,34,Male,Coimbra
17570,C017571,43,Male,Porto
17571,C017572,42,Other,Lisbon
17572,C017573,41,Male,Faro
17573,C017574,68,Female,Faro
17574,C017575,58,Female,Braga
17575,C017576,44,Male,Braga
17576,C017577,48,Male,Porto
17577,C017578,52,Female,Lisbon
17578,C017579,54,Other,Porto
17579,C017580,44,Male,Lisbon
17580,C017581,20,Female,Faro
17581,C017582,60,Other,Coimbra
17582,C017583,54,Female,Lisbon
17583,C017584,25,Male,Faro
17584,C017585,57,Female,Coimbra
17585,C017586,34,Female,Faro
17586,C017587,42,Other,Faro
17587,C017588,55,Female,Faro
17588,C017589,35,Male,Faro
17589,C017590,39,Female,Porto
17590,C017591,22,Other,Coimbra
17591,C017592,34,Female,Coimbra
17592,C017593,59,Other,Braga
17593,C017594,35,Male,Braga
17594,C017595,66,Other,Braga
17595,C017596,18,Other,Porto
17596,C017597,34,Other,Lisbon
17597,C017598,16,Male,Lisbon
17598,C017599,41,Female,Porto
17599,C017600,21,Other,Coimbra
17600,C017601,18,Female,Faro
17601,C017602,17,Female,Porto
17602,C017603,64,Male,Coimbra
17603,C017604,47,Unknown,Lisbon
17604,C017605,30,Female,Lisbon
17605,C017606,64,Female,Lisbon
17606,C017607,23,Male,Lisbon
17607,C017608,46,Male,Faro
17608,C017609,63,Other,Porto
17609,C017610,26,Male,Coimbra
17610,C017611,56,Other,Coimbra
17611,C017612,53,Other,Lisbon
17612,C017613,18,Female,Braga
17613,C017614,60,Other,Braga
17614,C017615,45,Male,Coimbra
17615,C017616,18,Male,Lisbon
17616,C017617,48,Female,Porto
17617,C017618,32,Female,Faro
17618,C017619,59,Female,Coimbra
17619,C017620,27,Other,Lisbon
17620,C017621,51,Other,Faro
17621,C017622,67,Male,Lisbon
17622,C017623,19,Other,Lisbon
17623,C017624,20,Female,Faro
17624,C017625,59,Male,Coimbra
17625,C017626,22,Male,Coimbra
17626,C017627,22,Other,Braga
17627,C017628,18,Female,Porto
17628,C017629,16,Male,Porto
17629,C017630,41,Other,Porto
17630,C017631,23,Other,Lisbon
17631,C017632,49,Other,Lisbon
17632,C017633,32,Other,Coimbra
17633,C017634,54,Female,Porto
17634,C017635,30,Other,Porto
17635,C017636,53,Other,Faro
17636,C017637,29,Other,Faro
17637,C017638,32,Male,Coimbra
17638,C017639,35,Other,Faro
17639,C017640,63,Other,Lisbon
17640,C017641,36,Other,Braga
17641,C017642,18,Female,Lisbon
17642,C017643,34,Other,Coimbra
17643,C017644,26,Male,Faro
17644,C017645,27,Female,Faro
17645,C017646,24,Female,Faro
17646,C017647,69,Other,Coimbra
17647,C017648,46,Other,Lisbon
17648,C017649,30,Female,Coimbra
17649,C017650,25,Other,Braga
17650,C017651,45,Other,Lisbon
17651,C017652,21,Other,Braga
17652,C017653,46,Other,Coimbra
17653,C017654,44,Male,Porto
17654,C017655,68,Other,Coimbra
17655,C017656,63,Male,Coimbra
17656,C017657,64,Other,Coimbra
17657,C017658,49,Female,Faro
17658,C017659,49,Other,Faro
17659,C017660,33,Male,Coimbra
17660,C017661,38,Other,Braga
17661,C017662,55,Female,Lisbon
17662,C017663,61,Other,Lisbon
17663,C017664,59,Other,Coimbra
17664,C017665,46,Other,Faro
17665,C017666,45,Other,Porto
17666,C017667,24,Female,Braga
17667,C017668,21,Female,Porto
17668,C017669,32,Female,Coimbra
17669,C017670,27,Male,Porto
17670,C017671,20,Other,Lisbon
17671,C017672,31,Male,Faro
17672,C017673,68,Female,Porto
17673,C017674,61,Other,Porto
17674,C017675,16,Male,Coimbra
17675,C017676,26,Female,Lisbon
17676,C017677,31,Female,Porto
17677,C017678,25,Female,Coimbra
17678,C017679,23,Female,Porto
17679,C017680,66,Male,Faro
17680,C017681,17,Male,Braga
17681,C017682,45,Other,Coimbra
17682,C017683,23,Male,Braga
17683,C017684,54,Female,Porto
17684,C017685,51,Other,Lisbon
17685,C017686,64,Female,Braga
17686,C017687,57,Male,Faro
17687,C017688,40,Female,Porto
17688,C017689,63,Other,Faro
17689,C017690,67,Other,Braga
17690,C017691,53,Male,Porto
17691,C017692,21,Male,Lisbon
17692,C017693,51,Male,Faro
17693,C017694,46,Female,Porto
17694,C017695,60,Male,Coimbra
17695,C017696,67,Other,Faro
17696,C017697,38,Other,Porto
17697,C017698,61,Other,Lisbon
17698,C017699,55,Other,Coimbra
17699,C017700,63,Female,Porto
17700,C017701,30,Male,Lisbon
17701,C017702,26,Male,Coimbra
17702,C017703,57,Male,Lisbon
17703,C017704,38,Male,Braga
17704,C017705,36,Female,Coimbra
17705,C017706,45,Female,Lisbon
17706,C017707,43,Other,Porto
17707,C017708,68,Female,Coimbra
17708,C017709,53,Other,Coimbra
17709,C017710,26,Female,Coimbra
17710,C017711,53,Other,Coimbra
17711,C017712,39,Female,Porto
17712,C017713,19,Male,Coimbra
17713,C017714,55,Other,Faro
17714,C017715,36,Male,Lisbon
17715,C017716,39,Other,Lisbon
17716,C017717,46,Female,Coimbra
17717,C017718,58,Other,Faro
17718,C017719,64,Other,Coimbra
17719,C017720,40,Other,Porto
17720,C017721,43,Male,Lisbon
17721,C017722,46,Female,Faro
17722,C017723,17,Female,Lisbon
17723,C017724,53,Male,Braga
17724,C017725,68,Male,Porto
17725,C017726,47,Female,Porto
17726,C017727,31,Other,Coimbra
17727,C017728,29,Other,Braga
17728,C017729,67,Male,Braga
17729,C017730,47,Other,Braga
17730,C017731,50,Female,Coimbra
17731,C017732,52,Female,Lisbon
17732,C017733,24,Female,Faro
17733,C017734,61,Male,Faro
17734,C017735,43,Other,Lisbon
17735,C017736,48,Male,Porto
17736,C017737,68,Female,Lisbon
17737,C017738,42,Male,Porto
17738,C017739,53,Male,Faro
17739,C017740,55,Other,Lisbon
17740,C017741,46,Female,Faro
17741,C017742,25,Male,Faro
17742,C017743,60,Other,Porto
17743,C017744,32,Male,Porto
17744,C017745,33,Female,Faro
17745,C017746,23,Male,Porto
17746,C017747,29,Male,Coimbra
17747,C017748,34,Male,Coimbra
17748,C017749,16,Female,Braga
17749,C017750,20,Other,Braga
17750,C017751,24,Female,Coimbra
17751,C017752,34,Other,Porto
17752,C017753,42,Male,Lisbon
17753,C017754,51,Female,Coimbra
17754,C017755,41,Female,Coimbra
17755,C017756,24,Female,Lisbon
17756,C017757,25,Male,Porto
17757,C017758,64,Male,Braga
17758,C017759,20,Female,Braga
17759,C017760,63,Other,Porto
17760,C017761,26,Male,Coimbra
17761,C017762,20,Other,Braga
17762,C017763,40,Female,Lisbon
17763,C017764,26,Female,Braga
17764,C017765,38,Male,Lisbon
17765,C017766,27,Unknown,Lisbon
17766,C017767,18,Male,Braga
17767,C017768,69,Other,Lisbon
17768,C017769,63,Other,Lisbon
17769,C017770,37,Other,Porto
17770,C017771,63,Other,Faro
17771,C017772,44,Male,Braga
17772,C017773,55,Male,Coimbra
17773,C017774,24,Other,Lisbon
17774,C017775,44,Female,Faro
17775,C017776,17,Male,Braga
17776,C017777,56,Female,Faro
17777,C017778,69,Female,Coimbra
17778,C017779,51,Other,Porto
17779,C017780,50,Male,Faro
17780,C017781,32,Female,Lisbon
17781,C017782,40,Male,Porto
17782,C017783,25,Other,Porto
17783,C017784,27,Male,Porto
17784,C017785,52,Other,Braga
17785,C017786,25,Other,Coimbra
17786,C017787,21,Other,Braga
17787,C017788,20,Female,Coimbra
17788,C017789,53,Female,Coimbra
17789,C017790,50,Female,Faro
17790,C017791,67,Male,Faro
17791,C017792,57,Other,Coimbra
17792,C017793,20,Female,Porto
17793,C017794,62,Male,Lisbon
17794,C017795,33,Other,Porto
17795,C017796,57,Other,Coimbra
17796,C017797,50,Male,Lisbon
17797,C017798,29,Other,Coimbra
17798,C017799,65,Other,Lisbon
17799,C017800,31,Male,Faro
17800,C017801,50,Male,Porto
17801,C017802,63,Female,Coimbra
17802,C017803,30,Male,Coimbra
17803,C017804,58,Other,Coimbra
17804,C017805,68,Other,Lisbon
17805,C017806,30,Other,Coimbra
17806,C017807,51,Other,Porto
17807,C017808,16,Male,Coimbra
17808,C017809,39,Male,Braga
17809,C017810,38,Male,Coimbra
17810,C017811,42,Female,Braga
17811,C017812,68,Other,Porto
17812,C017813,22,Other,Braga
17813,C017814,67,Other,Coimbra
17814,C017815,44,Other,Faro
17815,C017816,49,Other,Lisbon
17816,C017817,35,Male,Braga
17817,C017818,64,Female,Lisbon
17818,C017819,61,Female,Faro
17819,C017820,30,Female,Faro
17820,C017821,29,Male,Porto
17821,C017822,47,Female,Faro
17822,C017823,41,Male,Faro
17823,C017824,34,Female,Coimbra
17824,C017825,42,Other,Lisbon
17825,C017826,34,Male,Porto
17826,C017827,45,Male,Coimbra
17827,C017828,21,Female,Porto
17828,C017829,24,Male,Faro
17829,C017830,24,Female,Faro
17830,C017831,29,Male,Lisbon
17831,C017832,40,Male,Lisbon
17832,C017833,63,Female,Braga
17833,C017834,20,Female,Faro
17834,C017835,22,Male,Porto
17835,C017836,53,Other,Coimbra
17836,C017837,22,Female,Lisbon
17837,C017838,38,Female,Coimbra
17838,C017839,49,Other,Lisbon
17839,C017840,53,Female,Faro
17840,C017841,28,Unknown,Faro
17841,C017842,30,Male,Braga
17842,C017843,30,Female,Braga
17843,C017844,16,Other,Faro
17844,C017845,51,Other,Porto
17845,C017846,67,Unknown,Coimbra
17846,C017847,21,Female,Lisbon
17847,C017848,37,Female,Faro
17848,C017849,50,Other,Faro
17849,C017850,48,Male,Porto
17850,C017851,27,Other,Braga
17851,C017852,28,Male,Coimbra
17852,C017853,29,Other,Coimbra
17853,C017854,35,Other,Porto
17854,C017855,22,Female,Coimbra
17855,C017856,38,Female,Porto
17856,C017857,32,Male,Braga
17857,C017858,31,Other,Braga
17858,C017859,35,Female,Braga
17859,C017860,21,Other,Lisbon
17860,C017861,18,Other,Coimbra
17861,C017862,43,Other,Faro
17862,C017863,35,Female,Lisbon
17863,C017864,57,Male,Braga
17864,C017865,35,Female,Faro
17865,C017866,40,Other,Porto
17866,C017867,36,Other,Lisbon
17867,C017868,21,Other,Braga
17868,C017869,55,Other,Porto
17869,C017870,49,Other,Faro
17870,C017871,46,Other,Lisbon
17871,C017872,46,Male,Lisbon
17872,C017873,64,Other,Faro
17873,C017874,26,Male,Faro
17874,C017875,21,Female,Lisbon
17875,C017876,17,Male,Braga
17876,C017877,56,Other,Lisbon
17877,C017878,55,Male,Coimbra
17878,C017879,44,Female,Lisbon
17879,C017880,39,Male,Faro
17880,C017881,38,Unknown,Coimbra
17881,C017882,59,Male,Faro
17882,C017883,53,Male,Lisbon
17883,C017884,59,Female,Porto
17884,C017885,45,Other,Braga
17885,C017886,61,Female,Porto
17886,C017887,67,Female,Lisbon
17887,C017888,50,Male,Coimbra
17888,C017889,25,Male,Braga
17889,C017890,42,Male,Lisbon
17890,C017891,66,Male,Lisbon
17891,C017892,28,Female,Faro
17892,C017893,40,Female,Porto
17893,C017894,16,Male,Porto
17894,C017895,47,Male,Porto
17895,C017896,48,Male,Braga
17896,C017897,24,Male,Coimbra
17897,C017898,33,Female,Lisbon
17898,C017899,17,Female,Porto
17899,C017900,40,Female,Lisbon
17900,C017901,32,Female,Faro
17901,C017902,21,Male,Coimbra
17902,C017903,27,Female,Lisbon
17903,C017904,53,Female,Porto
17904,C017905,28,Other,Braga
17905,C017906,47,Male,Coimbra
17906,C017907,34,Other,Lisbon
17907,C017908,16,Other,Porto
17908,C017909,47,Female,Lisbon
17909,C017910,60,Male,Braga
17910,C017911,52,Female,Porto
17911,C017912,41,Male,Faro
17912,C017913,51,Other,Braga
17913,C017914,59,Other,Braga
17914,C017915,52,Male,Porto
17915,C017916,22,Other,Lisbon
17916,C017917,68,Other,Faro
17917,C017918,57,Other,Braga
17918,C017919,42,Male,Faro
17919,C017920,28,Male,Lisbon
17920,C017921,67,Male,Braga
17921,C017922,30,Other,Lisbon
17922,C017923,69,Other,Lisbon
17923,C017924,38,Female,Coimbra
17924,C017925,32,Male,Braga
17925,C017926,40,Other,Coimbra
17926,C017927,67,Other,Braga
17927,C017928,58,Male,Porto
17928,C017929,28,Male,Porto
17929,C017930,19,Male,Porto
17930,C017931,16,Female,Porto
17931,C017932,63,Other,Lisbon
17932,C017933,52,Male,Porto
17933,C017934,48,Female,Porto
17934,C017935,29,Female,Porto
17935,C017936,37,Other,Porto
17936,C017937,29,Male,Porto
17937,C017938,18,Other,Porto
17938,C017939,58,Other,Porto
17939,C017940,22,Female,Coimbra
17940,C017941,19,Other,Faro
17941,C017942,42,Other,Coimbra
17942,C017943,27,Other,Coimbra
17943,C017944,46,Male,Coimbra
17944,C017945,56,Other,Porto
17945,C017946,39,Male,Lisbon
17946,C017947,64,Other,Lisbon
17947,C017948,34,Female,Porto
17948,C017949,59,Other,Braga
17949,C017950,43,Other,Porto
17950,C017951,48,Female,Porto
17951,C017952,17,Other,Faro
17952,C017953,49,Other,Lisbon
17953,C017954,34,Female,Faro
17954,C017955,65,Female,Faro
17955,C017956,32,Other,Faro
17956,C017957,58,Other,Coimbra
17957,C017958,51,Male,Braga
17958,C017959,24,Unknown,Lisbon
17959,C017960,49,Female,Braga
17960,C017961,20,Other,Porto
17961,C017962,61,Female,Lisbon
17962,C017963,39,Male,Faro
17963,C017964,20,Male,Coimbra
17964,C017965,58,Other,Lisbon
17965,C017966,28,Other,Porto
17966,C017967,54,Female,Coimbra
17967,C017968,65,Other,Braga
17968,C017969,60,Female,Coimbra
17969,C017970,49,Male,Braga
17970,C017971,28,Male,Porto
17971,C017972,34,Female,Coimbra
17972,C017973,21,Other,Faro
17973,C017974,27,Male,Coimbra
17974,C017975,36,Other,Braga
17975,C017976,42,Male,Faro
17976,C017977,18,Female,Braga
17977,C017978,56,Female,Coimbra
17978,C017979,34,Male,Lisbon
17979,C017980,18,Female,Braga
17980,C017981,28,Other,Braga
17981,C017982,49,Male,Coimbra
17982,C017983,16,Male,Faro
17983,C017984,34,Male,Lisbon
17984,C017985,16,Female,Braga
17985,C017986,33,Male,Lisbon
17986,C017987,65,Female,Coimbra
17987,C017988,36,Female,Braga
17988,C017989,39,Other,Braga
17989,C017990,68,Other,Faro
17990,C017991,33,Other,Lisbon
17991,C017992,39,Male,Porto
17992,C017993,58,Female,Lisbon
17993,C017994,49,Female,Porto
17994,C017995,38,Other,Porto
17995,C017996,18,Other,Coimbra
17996,C017997,37,Unknown,Braga
17997,C017998,52,Other,Braga
17998,C017999,63,Other,Braga
17999,C018000,53,Male,Faro
18000,C018001,18,Female,Porto
18001,C018002,59,Male,Braga
18002,C018003,64,Female,Braga
18003,C018004,27,Other,Porto
18004,C018005,21,Other,Porto
18005,C018006,26,Female,Faro
18006,C018007,55,Female,Porto
18007,C018008,66,Male,Porto
18008,C018009,56,Other,Lisbon
18009,C018010,47,Female,Coimbra
18010,C018011,66,Female,Porto
18011,C018012,68,Male,Lisbon
18012,C018013,21,Male,Porto
18013,C018014,31,Female,Braga
18014,C018015,56,Female,Lisbon
18015,C018016,36,Other,Lisbon
18016,C018017,51,Male,Braga
18017,C018018,32,Male,Faro
18018,C018019,20,Female,Porto
18019,C018020,49,Male,Faro
18020,C018021,29,Female,Coimbra
18021,C018022,41,Female,Coimbra
18022,C018023,41,Male,Lisbon
18023,C018024,20,Female,Braga
18024,C018025,49,Female,Lisbon
18025,C018026,63,Other,Braga
18026,C018027,41,Female,Lisbon
18027,C018028,54,Male,Lisbon
18028,C018029,21,Female,Porto
18029,C018030,49,Female,Lisbon
18030,C018031,16,Male,Braga
18031,C018032,17,Female,Coimbra
18032,C018033,67,Female,Lisbon
18033,C018034,19,Male,Braga
18034,C018035,33,Male,Porto
18035,C018036,27,Male,Faro
18036,C018037,23,Female,Faro
18037,C018038,30,Other,Braga
18038,C018039,56,Other,Faro
18039,C018040,32,Female,Braga
18040,C018041,56,Other,Braga
18041,C018042,58,Other,Lisbon
18042,C018043,64,Female,Coimbra
18043,C018044,26,Male,Faro
18044,C018045,61,Female,Faro
18045,C018046,17,Female,Braga
18046,C018047,56,Female,Braga
18047,C018048,20,Male,Porto
18048,C018049,38,Female,Braga
18049,C018050,42,Male,Braga
18050,C018051,65,Male,Lisbon
18051,C018052,51,Male,Coimbra
18052,C018053,65,Female,Lisbon
18053,C018054,48,Female,Coimbra
18054,C018055,55,Male,Coimbra
18055,C018056,57,Other,Coimbra
18056,C018057,44,Female,Braga
18057,C018058,48,Other,Braga
18058,C018059,27,Female,Coimbra
18059,C018060,63,Other,Lisbon
18060,C018061,57,Other,Porto
18061,C018062,68,Male,Lisbon
18062,C018063,23,Other,Coimbra
18063,C018064,24,Male,Braga
18064,C018065,36,Female,Porto
18065,C018066,42,Male,Porto
18066,C018067,63,Other,Porto
18067,C018068,41,Female,Lisbon
18068,C018069,45,Female,Coimbra
18069,C018070,35,Male,Porto
18070,C018071,42,Other,Braga
18071,C018072,50,Other,Coimbra
18072,C018073,27,Male,Porto
18073,C018074,20,Other,Lisbon
18074,C018075,17,Male,Porto
18075,C018076,18,Female,Lisbon
18076,C018077,27,Other,Braga
18077,C018078,54,Other,Coimbra
18078,C018079,25,Other,Faro
18079,C018080,37,Other,Lisbon
18080,C018081,68,Female,Faro
18081,C018082,31,Female,Coimbra
18082,C018083,69,Male,Lisbon
18083,C018084,58,Unknown,Faro
18084,C018085,35,Male,Faro
18085,C018086,61,Female,Faro
18086,C018087,17,Other,Coimbra
18087,C018088,52,Male,Lisbon
18088,C018089,63,Other,Porto
18089,C018090,32,Other,Braga
18090,C018091,32,Other,Lisbon
18091,C018092,51,Other,Porto
18092,C018093,65,Female,Faro
18093,C018094,33,Other,Faro
18094,C018095,44,Male,Porto
18095,C018096,26,Other,Porto
18096,C018097,32,Male,Faro
18097,C018098,39,Male,Lisbon
18098,C018099,28,Male,Coimbra
18099,C018100,22,Male,Porto
18100,C018101,19,Other,Porto
18101,C018102,64,Female,Braga
18102,C018103,16,Male,Coimbra
18103,C018104,35,Male,Lisbon
18104,C018105,22,Male,Porto
18105,C018106,20,Other,Lisbon
18106,C018107,57,Other,Faro
18107,C018108,67,Other,Faro
18108,C018109,60,Female,Braga
18109,C018110,34,Male,Porto
18110,C018111,19,Female,Coimbra
18111,C018112,23,Female,Coimbra
18112,C018113,63,Other,Coimbra
18113,C018114,56,Other,Lisbon
18114,C018115,16,Female,Lisbon
18115,C018116,42,Female,Lisbon
18116,C018117,53,Female,Coimbra
18117,C018118,67,Male,Porto
18118,C018119,41,Other,Faro
18119,C018120,35,Male,Braga
18120,C018121,17,Male,Coimbra
18121,C018122,56,Female,Faro
18122,C018123,33,Male,Lisbon
18123,C018124,32,Female,Porto
18124,C018125,21,Other,Porto
18125,C018126,64,Female,Braga
18126,C018127,63,Other,Faro
18127,C018128,37,Other,Coimbra
18128,C018129,16,Male,Faro
18129,C018130,39,Other,Porto
18130,C018131,30,Male,Braga
18131,C018132,27,Female,Lisbon
18132,C018133,23,Female,Lisbon
18133,C018134,48,Female,Porto
18134,C018135,48,Male,Lisbon
18135,C018136,27,Female,Coimbra
18136,C018137,62,Male,Porto
18137,C018138,26,Female,Braga
18138,C018139,64,Female,Coimbra
18139,C018140,28,Male,Lisbon
18140,C018141,60,Male,Porto
18141,C018142,25,Female,Lisbon
18142,C018143,50,Other,Braga
18143,C018144,66,Male,Coimbra
18144,C018145,28,Other,Coimbra
18145,C018146,55,Male,Coimbra
18146,C018147,42,Female,Lisbon
18147,C018148,40,Male,Lisbon
18148,C018149,56,Female,Porto
18149,C018150,22,Other,Lisbon
18150,C018151,52,Female,Coimbra
18151,C018152,49,Other,Faro
18152,C018153,67,Other,Braga
18153,C018154,66,Female,Faro
18154,C018155,46,Female,Porto
18155,C018156,65,Other,Braga
18156,C018157,51,Other,Braga
18157,C018158,36,Female,Coimbra
18158,C018159,69,Other,Faro
18159,C018160,29,Male,Coimbra
18160,C018161,37,Male,Lisbon
18161,C018162,35,Other,Porto
18162,C018163,25,Other,Porto
18163,C018164,36,Other,Braga
18164,C018165,35,Female,Porto
18165,C018166,16,Other,Lisbon
18166,C018167,24,Male,Coimbra
18167,C018168,23,Female,Lisbon
18168,C018169,68,Male,Faro
18169,C018170,22,Female,Coimbra
18170,C018171,56,Other,Braga
18171,C018172,54,Female,Braga
18172,C018173,67,Male,Porto
18173,C018174,43,Male,Braga
18174,C018175,29,Female,Lisbon
18175,C018176,38,Female,Porto
18176,C018177,41,Male,Lisbon
18177,C018178,54,Female,Lisbon
18178,C018179,68,Male,Coimbra
18179,C018180,52,Female,Porto
18180,C018181,18,Other,Braga
18181,C018182,43,Other,Braga
18182,C018183,49,Female,Lisbon
18183,C018184,34,Female,Porto
18184,C018185,65,Male,Coimbra
18185,C018186,57,Male,Lisbon
18186,C018187,29,Male,Lisbon
18187,C018188,37,Male,Braga
18188,C018189,40,Female,Lisbon
18189,C018190,57,Female,Faro
18190,C018191,63,Female,Braga
18191,C018192,59,Female,Porto
18192,C018193,28,Male,Faro
18193,C018194,69,Other,Coimbra
18194,C018195,58,Other,Faro
18195,C018196,35,Male,Porto
18196,C018197,23,Male,Coimbra
18197,C018198,49,Other,Porto
18198,C018199,25,Female,Porto
18199,C018200,66,Female,Lisbon
18200,C018201,21,Other,Lisbon
18201,C018202,23,Other,Faro
18202,C018203,30,Male,Lisbon
18203,C018204,44,Other,Lisbon
18204,C018205,62,Female,Coimbra
18205,C018206,45,Male,Faro
18206,C018207,16,Other,Braga
18207,C018208,54,Male,Porto
18208,C018209,42,Male,Faro
18209,C018210,62,Male,Porto
18210,C018211,65,Male,Braga
18211,C018212,66,Male,Porto
18212,C018213,57,Other,Braga
18213,C018214,44,Other,Porto
18214,C018215,42,Other,Lisbon
18215,C018216,35,Other,Faro
18216,C018217,38,Female,Porto
18217,C018218,19,Male,Lisbon
18218,C018219,68,Unknown,Faro
18219,C018220,34,Female,Lisbon
18220,C018221,62,Male,Braga
18221,C018222,51,Other,Lisbon
18222,C018223,42,Other,Porto
18223,C018224,39,Female,Coimbra
18224,C018225,61,Other,Braga
18225,C018226,42,Male,Faro
18226,C018227,37,Other,Braga
18227,C018228,50,Male,Porto
18228,C018229,51,Male,Porto
18229,C018230,21,Male,Porto
18230,C018231,21,Other,Lisbon
18231,C018232,57,Other,Faro
18232,C018233,17,Female,Braga
18233,C018234,66,Female,Faro
18234,C018235,21,Female,Faro
18235,C018236,49,Other,Braga
18236,C018237,57,Female,Lisbon
18237,C018238,45,Female,Lisbon
18238,C018239,44,Male,Faro
18239,C018240,19,Female,Faro
18240,C018241,43,Other,Braga
18241,C018242,59,Female,Porto
18242,C018243,32,Female,Braga
18243,C018244,17,Other,Faro
18244,C018245,64,Other,Braga
18245,C018246,65,Male,Lisbon
18246,C018247,47,Male,Lisbon
18247,C018248,23,Male,Lisbon
18248,C018249,36,Female,Braga
18249,C018250,39,Other,Coimbra
18250,C018251,24,Male,Porto
18251,C018252,27,Male,Lisbon
18252,C018253,64,Other,Braga
18253,C018254,24,Male,Coimbra
18254,C018255,21,Male,Lisbon
18255,C018256,38,Male,Porto
18256,C018257,50,Other,Porto
18257,C018258,18,Other,Faro
18258,C018259,57,Female,Porto
18259,C018260,18,Unknown,Braga
18260,C018261,35,Other,Lisbon
18261,C018262,54,Female,Braga
18262,C018263,51,Male,Coimbra
18263,C018264,58,Female,Coimbra
18264,C018265,39,Female,Braga
18265,C018266,30,Female,Coimbra
18266,C018267,46,Other,Faro
18267,C018268,45,Other,Lisbon
18268,C018269,41,Female,Braga
18269,C018270,61,Male,Porto
18270,C018271,34,Female,Lisbon
18271,C018272,30,Female,Coimbra
18272,C018273,20,Male,Faro
18273,C018274,22,Male,Coimbra
18274,C018275,55,Female,Porto
18275,C018276,42,Male,Braga
18276,C018277,29,Other,Braga
18277,C018278,54,Male,Porto
18278,C018279,62,Other,Faro
18279,C018280,38,Male,Lisbon
18280,C018281,43,Male,Faro
18281,C018282,33,Other,Braga
18282,C018283,61,Other,Braga
18283,C018284,31,Female,Porto
18284,C018285,33,Other,Coimbra
18285,C018286,36,Female,Lisbon
18286,C018287,66,Male,Coimbra
18287,C018288,51,Male,Lisbon
18288,C018289,20,Female,Lisbon
18289,C018290,27,Female,Coimbra
18290,C018291,36,Male,Coimbra
18291,C018292,60,Male,Braga
18292,C018293,42,Female,Faro
18293,C018294,54,Male,Lisbon
18294,C018295,37,Male,Porto
18295,C018296,43,Female,Faro
18296,C018297,50,Female,Faro
18297,C018298,57,Female,Porto
18298,C018299,29,Female,Porto
18299,C018300,33,Other,Coimbra
18300,C018301,40,Male,Braga
18301,C018302,18,Other,Porto
18302,C018303,43,Male,Porto
18303,C018304,60,Other,Coimbra
18304,C018305,57,Other,Porto
18305,C018306,39,Female,Lisbon
18306,C018307,67,Male,Faro
18307,C018308,56,Other,Porto
18308,C018309,34,Other,Coimbra
18309,C018310,68,Other,Porto
18310,C018311,33,Other,Braga
18311,C018312,67,Male,Braga
18312,C018313,52,Male,Faro
18313,C018314,47,Other,Faro
18314,C018315,43,Female,Faro
18315,C018316,36,Other,Braga
18316,C018317,20,Other,Porto
18317,C018318,57,Male,Lisbon
18318,C018319,53,Female,Lisbon
18319,C018320,56,Female,Braga
18320,C018321,41,Female,Lisbon
18321,C018322,52,Other,Faro
18322,C018323,63,Female,Lisbon
18323,C018324,16,Male,Faro
18324,C018325,17,Male,Porto
18325,C018326,21,Other,Faro
18326,C018327,69,Male,Faro
18327,C018328,24,Other,Lisbon
18328,C018329,27,Male,Braga
18329,C018330,57,Female,Braga
18330,C018331,25,Male,Faro
18331,C018332,17,Male,Porto
18332,C018333,49,Other,Faro
18333,C018334,49,Female,Braga
18334,C018335,26,Female,Lisbon
18335,C018336,41,Female,Porto
18336,C018337,52,Female,Lisbon
18337,C018338,30,Male,Faro
18338,C018339,51,Other,Porto
18339,C018340,54,Male,Coimbra
18340,C018341,18,Other,Porto
18341,C018342,24,Other,Coimbra
18342,C018343,45,Female,Faro
18343,C018344,56,Unknown,Faro
18344,C018345,66,Other,Porto
18345,C018346,55,Other,Porto
18346,C018347,49,Other,Braga
18347,C018348,38,Male,Lisbon
18348,C018349,66,Female,Lisbon
18349,C018350,50,Other,Faro
18350,C018351,54,Male,Porto
18351,C018352,24,Female,Faro
18352,C018353,54,Female,Braga
18353,C018354,41,Male,Coimbra
18354,C018355,23,Female,Porto
18355,C018356,30,Female,Porto
18356,C018357,26,Male,Lisbon
18357,C018358,45,Female,Braga
18358,C018359,21,Male,Porto
18359,C018360,68,Other,Faro
18360,C018361,34,Female,Braga
18361,C018362,27,Male,Coimbra
18362,C018363,28,Female,Coimbra
18363,C018364,37,Male,Braga
18364,C018365,40,Male,Porto
18365,C018366,66,Male,Coimbra
18366,C018367,57,Male,Lisbon
18367,C018368,23,Female,Porto
18368,C018369,41,Other,Faro
18369,C018370,58,Male,Lisbon
18370,C018371,42,Female,Braga
18371,C018372,29,Male,Coimbra
18372,C018373,32,Male,Braga
18373,C018374,51,Other,Braga
18374,C018375,53,Female,Coimbra
18375,C018376,49,Male,Lisbon
18376,C018377,19,Other,Coimbra
18377,C018378,69,Other,Braga
18378,C018379,31,Female,Faro
18379,C018380,18,Other,Coimbra
18380,C018381,27,Other,Porto
18381,C018382,46,Other,Braga
18382,C018383,56,Other,Braga
18383,C018384,19,Other,Faro
18384,C018385,36,Male,Coimbra
18385,C018386,52,Male,Faro
18386,C018387,62,Other,Braga
18387,C018388,36,Female,Lisbon
18388,C018389,35,Female,Braga
18389,C018390,48,Female,Braga
18390,C018391,61,Male,Coimbra
18391,C018392,24,Male,Braga
18392,C018393,44,Female,Porto
18393,C018394,69,Other,Braga
18394,C018395,36,Female,Braga
18395,C018396,22,Female,Faro
18396,C018397,67,Female,Faro
18397,C018398,66,Male,Lisbon
18398,C018399,59,Female,Lisbon
18399,C018400,45,Female,Porto
18400,C018401,53,Other,Braga
18401,C018402,45,Female,Faro
18402,C018403,25,Female,Faro
18403,C018404,69,Other,Porto
18404,C018405,60,Female,Braga
18405,C018406,30,Female,Braga
18406,C018407,66,Other,Coimbra
18407,C018408,69,Other,Porto
18408,C018409,29,Other,Faro
18409,C018410,52,Female,Faro
18410,C018411,25,Female,Braga
18411,C018412,67,Female,Lisbon
18412,C018413,66,Male,Coimbra
18413,C018414,16,Female,Braga
18414,C018415,64,Other,Faro
18415,C018416,66,Male,Faro
18416,C018417,51,Female,Braga
18417,C018418,34,Other,Braga
18418,C018419,52,Female,Porto
18419,C018420,69,Other,Porto
18420,C018421,50,Other,Faro
18421,C018422,28,Other,Faro
18422,C018423,41,Female,Lisbon
18423,C018424,65,Other,Braga
18424,C018425,27,Male,Lisbon
18425,C018426,49,Other,Coimbra
18426,C018427,18,Other,Braga
18427,C018428,58,Female,Porto
18428,C018429,62,Other,Porto
18429,C018430,41,Male,Lisbon
18430,C018431,29,Female,Lisbon
18431,C018432,33,Other,Porto
18432,C018433,27,Other,Coimbra
18433,C018434,22,Female,Faro
18434,C018435,39,Male,Faro
18435,C018436,53,Other,Faro
18436,C018437,21,Female,Lisbon
18437,C018438,66,Male,Lisbon
18438,C018439,63,Male,Coimbra
18439,C018440,64,Other,Porto
18440,C018441,60,Male,Lisbon
18441,C018442,26,Male,Faro
18442,C018443,26,Female,Braga
18443,C018444,43,Male,Braga
18444,C018445,28,Male,Coimbra
18445,C018446,42,Female,Porto
18446,C018447,54,Other,Faro
18447,C018448,56,Male,Faro
18448,C018449,39,Unknown,Coimbra
18449,C018450,24,Male,Porto
18450,C018451,30,Other,Lisbon
18451,C018452,27,Female,Coimbra
18452,C018453,47,Male,Lisbon
18453,C018454,29,Female,Porto
18454,C018455,17,Male,Porto
18455,C018456,59,Other,Coimbra
18456,C018457,31,Female,Porto
18457,C018458,43,Other,Braga
18458,C018459,18,Other,Braga
18459,C018460,29,Male,Coimbra
18460,C018461,17,Other,Braga
18461,C018462,32,Female,Porto
18462,C018463,22,Female,Lisbon
18463,C018464,52,Female,Porto
18464,C018465,16,Other,Braga
18465,C018466,42,Female,Braga
18466,C018467,44,Female,Coimbra
18467,C018468,61,Female,Faro
18468,C018469,28,Male,Lisbon
18469,C018470,69,Female,Porto
18470,C018471,57,Other,Faro
18471,C018472,41,Male,Faro
18472,C018473,67,Other,Coimbra
18473,C018474,17,Male,Coimbra
18474,C018475,38,Other,Coimbra
18475,C018476,22,Female,Braga
18476,C018477,27,Female,Coimbra
18477,C018478,26,Male,Coimbra
18478,C018479,43,Other,Porto
18479,C018480,59,Male,Faro
18480,C018481,61,Other,Porto
18481,C018482,21,Male,Lisbon
18482,C018483,22,Female,Braga
18483,C018484,65,Other,Braga
18484,C018485,33,Male,Braga
18485,C018486,41,Female,Porto
18486,C018487,58,Female,Coimbra
18487,C018488,22,Other,Braga
18488,C018489,53,Female,Faro
18489,C018490,58,Male,Braga
18490,C018491,22,Male,Braga
18491,C018492,67,Other,Faro
18492,C018493,48,Female,Braga
18493,C018494,16,Male,Coimbra
18494,C018495,59,Male,Braga
18495,C018496,35,Female,Coimbra
18496,C018497,34,Female,Porto
18497,C018498,17,Male,Braga
18498,C018499,24,Male,Braga
18499,C018500,42,Female,Faro
18500,C018501,23,Male,Faro
18501,C018502,16,Female,Lisbon
18502,C018503,48,Male,Porto
18503,C018504,22,Unknown,Porto
18504,C018505,43,Other,Porto
18505,C018506,22,Male,Porto
18506,C018507,65,Other,Braga
18507,C018508,67,Other,Lisbon
18508,C018509,33,Other,Coimbra
18509,C018510,54,Other,Porto
18510,C018511,18,Other,Lisbon
18511,C018512,22,Female,Faro
18512,C018513,55,Other,Porto
18513,C018514,68,Other,Coimbra
18514,C018515,68,Male,Braga
18515,C018516,40,Female,Faro
18516,C018517,51,Male,Braga
18517,C018518,49,Other,Coimbra
18518,C018519,64,Male,Faro
18519,C018520,27,Female,Lisbon
18520,C018521,49,Other,Porto
18521,C018522,67,Other,Faro
18522,C018523,58,Female,Faro
18523,C018524,45,Other,Porto
18524,C018525,30,Male,Porto
18525,C018526,17,Female,Faro
18526,C018527,33,Female,Lisbon
18527,C018528,42,Female,Lisbon
18528,C018529,50,Other,Lisbon
18529,C018530,52,Female,Porto
18530,C018531,31,Female,Coimbra
18531,C018532,53,Male,Braga
18532,C018533,64,Female,Braga
18533,C018534,34,Male,Lisbon
18534,C018535,38,Male,Coimbra
18535,C018536,52,Male,Lisbon
18536,C018537,54,Male,Braga
18537,C018538,38,Male,Lisbon
18538,C018539,64,Other,Coimbra
18539,C018540,20,Male,Lisbon
18540,C018541,57,Other,Faro
18541,C018542,41,Other,Lisbon
18542,C018543,55,Male,Coimbra
18543,C018544,44,Other,Braga
18544,C018545,41,Male,Coimbra
18545,C018546,67,Female,Braga
18546,C018547,25,Other,Coimbra
18547,C018548,22,Unknown,Faro
18548,C018549,21,Male,Lisbon
18549,C018550,25,Female,Coimbra
18550,C018551,25,Other,Porto
18551,C018552,59,Male,Braga
18552,C018553,58,Female,Faro
18553,C018554,64,Other,Coimbra
18554,C018555,31,Male,Coimbra
18555,C018556,30,Female,Faro
18556,C018557,37,Female,Porto
18557,C018558,35,Other,Coimbra
18558,C018559,59,Male,Braga
18559,C018560,16,Male,Porto
18560,C018561,23,Female,Faro
18561,C018562,61,Other,Coimbra
18562,C018563,49,Male,Porto
18563,C018564,52,Female,Coimbra
18564,C018565,64,Male,Lisbon
18565,C018566,37,Female,Braga
18566,C018567,33,Female,Coimbra
18567,C018568,49,Male,Porto
18568,C018569,51,Female,Porto
18569,C018570,43,Female,Faro
18570,C018571,38,Unknown,Porto
18571,C018572,30,Male,Porto
18572,C018573,63,Male,Faro
18573,C018574,33,Male,Coimbra
18574,C018575,30,Other,Porto
18575,C018576,29,Other,Porto
18576,C018577,41,Male,Braga
18577,C018578,25,Male,Faro
18578,C018579,32,Female,Faro
18579,C018580,31,Female,Coimbra
18580,C018581,39,Other,Porto
18581,C018582,23,Other,Lisbon
18582,C018583,30,Other,Lisbon
18583,C018584,37,Female,Coimbra
18584,C018585,53,Other,Braga
18585,C018586,17,Male,Faro
18586,C018587,46,Male,Braga
18587,C018588,48,Female,Braga
18588,C018589,45,Male,Braga
18589,C018590,60,Male,Lisbon
18590,C018591,36,Female,Coimbra
18591,C018592,42,Female,Lisbon
18592,C018593,43,Other,Coimbra
18593,C018594,61,Female,Faro
18594,C018595,26,Female,Braga
18595,C018596,33,Female,Porto
18596,C018597,40,Female,Braga
18597,C018598,66,Male,Coimbra
18598,C018599,42,Other,Faro
18599,C018600,38,Other,Faro
18600,C018601,29,Other,Lisbon
18601,C018602,23,Other,Coimbra
18602,C018603,67,Female,Coimbra
18603,C018604,55,Female,Porto
18604,C018605,41,Female,Braga
18605,C018606,57,Other,Faro
18606,C018607,25,Female,Faro
18607,C018608,56,Other,Porto
18608,C018609,35,Other,Faro
18609,C018610,51,Male,Porto
18610,C018611,19,Male,Faro
18611,C018612,48,Female,Braga
18612,C018613,42,Female,Faro
18613,C018614,54,Female,Coimbra
18614,C018615,27,Other,Porto
18615,C018616,57,Female,Porto
18616,C018617,56,Male,Lisbon
18617,C018618,48,Female,Porto
18618,C018619,62,Male,Porto
18619,C018620,47,Other,Faro
18620,C018621,29,Male,Porto
18621,C018622,63,Other,Coimbra
18622,C018623,62,Male,Porto
18623,C018624,51,Male,Faro
18624,C018625,67,Male,Porto
18625,C018626,19,Female,Porto
18626,C018627,54,Other,Coimbra
18627,C018628,23,Female,Coimbra
18628,C018629,24,Male,Lisbon
18629,C018630,59,Male,Coimbra
18630,C018631,38,Other,Porto
18631,C018632,16,Male,Faro
18632,C018633,34,Female,Faro
18633,C018634,54,Male,Porto
18634,C018635,45,Other,Porto
18635,C018636,51,Male,Braga
18636,C018637,42,Male,Porto
18637,C018638,31,Female,Coimbra
18638,C018639,19,Male,Braga
18639,C018640,67,Male,Braga
18640,C018641,35,Female,Faro
18641,C018642,38,Other,Faro
18642,C018643,47,Other,Lisbon
18643,C018644,24,Male,Coimbra
18644,C018645,41,Female,Lisbon
18645,C018646,68,Female,Coimbra
18646,C018647,24,Female,Braga
18647,C018648,18,Female,Braga
18648,C018649,63,Female,Faro
18649,C018650,16,Male,Braga
18650,C018651,36,Other,Porto
18651,C018652,24,Male,Braga
18652,C018653,27,Male,Faro
18653,C018654,32,Male,Braga
18654,C018655,68,Female,Coimbra
18655,C018656,17,Female,Coimbra
18656,C018657,49,Unknown,Braga
18657,C018658,55,Female,Porto
18658,C018659,16,Other,Lisbon
18659,C018660,38,Male,Lisbon
18660,C018661,33,Female,Braga
18661,C018662,36,Other,Porto
18662,C018663,32,Other,Braga
18663,C018664,62,Male,Faro
18664,C018665,19,Other,Braga
18665,C018666,57,Female,Coimbra
18666,C018667,63,Unknown,Lisbon
18667,C018668,60,Other,Porto
18668,C018669,18,Male,Braga
18669,C018670,16,Female,Porto
18670,C018671,64,Other,Coimbra
18671,C018672,25,Other,Braga
18672,C018673,36,Other,Faro
18673,C018674,64,Other,Braga
18674,C018675,58,Male,Braga
18675,C018676,50,Male,Faro
18676,C018677,58,Male,Lisbon
18677,C018678,26,Other,Lisbon
18678,C018679,27,Other,Lisbon
18679,C018680,36,Female,Porto
18680,C018681,63,Female,Braga
18681,C018682,60,Unknown,Lisbon
18682,C018683,23,Male,Lisbon
18683,C018684,35,Male,Coimbra
18684,C018685,54,Other,Porto
18685,C018686,18,Other,Porto
18686,C018687,22,Male,Braga
18687,C018688,40,Male,Faro
18688,C018689,68,Other,Lisbon
18689,C018690,37,Female,Porto
18690,C018691,69,Male,Coimbra
18691,C018692,18,Male,Coimbra
18692,C018693,27,Other,Coimbra
18693,C018694,61,Male,Porto
18694,C018695,57,Other,Lisbon
18695,C018696,51,Other,Coimbra
18696,C018697,57,Other,Coimbra
18697,C018698,35,Other,Porto
18698,C018699,24,Male,Coimbra
18699,C018700,41,Female,Lisbon
18700,C018701,49,Other,Faro
18701,C018702,61,Other,Lisbon
18702,C018703,49,Male,Coimbra
18703,C018704,17,Other,Coimbra
18704,C018705,28,Male,Lisbon
18705,C018706,43,Male,Faro
18706,C018707,21,Other,Braga
18707,C018708,45,Male,Coimbra
18708,C018709,35,Male,Coimbra
18709,C018710,39,Male,Lisbon
18710,C018711,40,Female,Lisbon
18711,C018712,30,Other,Braga
18712,C018713,48,Other,Porto
18713,C018714,46,Other,Coimbra
18714,C018715,23,Male,Coimbra
18715,C018716,45,Male,Lisbon
18716,C018717,46,Male,Porto
18717,C018718,62,Male,Porto
18718,C018719,28,Female,Porto
18719,C018720,61,Male,Faro
18720,C018721,53,Other,Faro
18721,C018722,22,Other,Coimbra
18722,C018723,21,Female,Braga
18723,C018724,46,Female,Faro
18724,C018725,36,Other,Braga
18725,C018726,43,Other,Porto
18726,C018727,27,Male,Braga
18727,C018728,18,Other,Braga
18728,C018729,68,Female,Lisbon
18729,C018730,68,Female,Coimbra
18730,C018731,55,Female,Faro
18731,C018732,24,Male,Coimbra
18732,C018733,56,Male,Braga
18733,C018734,43,Male,Porto
18734,C018735,37,Female,Coimbra
18735,C018736,69,Male,Braga
18736,C018737,33,Male,Faro
18737,C018738,65,Male,Lisbon
18738,C018739,29,Male,Coimbra
18739,C018740,60,Other,Lisbon
18740,C018741,56,Male,Porto
18741,C018742,25,Unknown,Faro
18742,C018743,64,Other,Faro
18743,C018744,21,Male,Faro
18744,C018745,35,Male,Coimbra
18745,C018746,28,Male,Faro
18746,C018747,62,Male,Lisbon
18747,C018748,27,Other,Coimbra
18748,C018749,26,Other,Braga
18749,C018750,58,Female,Porto
18750,C018751,37,Other,Coimbra
18751,C018752,66,Other,Faro
18752,C018753,44,Male,Faro
18753,C018754,37,Other,Faro
18754,C018755,66,Male,Faro
18755,C018756,35,Male,Coimbra
18756,C018757,66,Other,Faro
18757,C018758,68,Other,Braga
18758,C018759,25,Female,Braga
18759,C018760,47,Other,Porto
18760,C018761,53,Female,Braga
18761,C018762,58,Other,Porto
18762,C018763,60,Female,Lisbon
18763,C018764,38,Female,Faro
18764,C018765,58,Male,Porto
18765,C018766,66,Male,Faro
18766,C018767,48,Male,Porto
18767,C018768,21,Female,Lisbon
18768,C018769,69,Female,Braga
18769,C018770,28,Other,Porto
18770,C018771,54,Other,Lisbon
18771,C018772,19,Female,Porto
18772,C018773,44,Female,Faro
18773,C018774,56,Female,Coimbra
18774,C018775,29,Male,Braga
18775,C018776,63,Other,Lisbon
18776,C018777,35,Male,Coimbra
18777,C018778,38,Male,Coimbra
18778,C018779,33,Other,Braga
18779,C018780,29,Other,Faro
18780,C018781,35,Male,Faro
18781,C018782,20,Other,Faro
18782,C018783,46,Male,Faro
18783,C018784,30,Female,Porto
18784,C018785,24,Female,Lisbon
18785,C018786,47,Male,Braga
18786,C018787,27,Female,Coimbra
18787,C018788,67,Female,Faro
18788,C018789,50,Other,Porto
18789,C018790,32,Other,Braga
18790,C018791,17,Female,Porto
18791,C018792,43,Female,Lisbon
18792,C018793,66,Other,Coimbra
18793,C018794,30,Other,Coimbra
18794,C018795,62,Male,Braga
18795,C018796,36,Other,Braga
18796,C018797,48,Other,Faro
18797,C018798,69,Male,Lisbon
18798,C018799,48,Other,Porto
18799,C018800,26,Other,Braga
18800,C018801,47,Male,Lisbon
18801,C018802,28,Male,Coimbra
18802,C018803,47,Other,Porto
18803,C018804,21,Other,Faro
18804,C018805,60,Female,Coimbra
18805,C018806,32,Other,Porto
18806,C018807,30,Male,Braga
18807,C018808,24,Male,Faro
18808,C018809,22,Female,Lisbon
18809,C018810,38,Female,Coimbra
18810,C018811,17,Other,Lisbon
18811,C018812,32,Female,Braga
18812,C018813,23,Male,Faro
18813,C018814,19,Female,Coimbra
18814,C018815,29,Male,Coimbra
18815,C018816,44,Unknown,Faro
18816,C018817,17,Female,Coimbra
18817,C018818,22,Female,Faro
18818,C018819,58,Female,Faro
18819,C018820,30,Male,Coimbra
18820,C018821,49,Male,Lisbon
18821,C018822,45,Other,Braga
18822,C018823,23,Male,Lisbon
18823,C018824,20,Female,Coimbra
18824,C018825,55,Male,Lisbon
18825,C018826,62,Male,Lisbon
18826,C018827,62,Other,Lisbon
18827,C018828,55,Female,Braga
18828,C018829,33,Female,Faro
18829,C018830,19,Female,Coimbra
18830,C018831,31,Male,Faro
18831,C018832,52,Other,Coimbra
18832,C018833,35,Male,Coimbra
18833,C018834,54,Male,Coimbra
18834,C018835,45,Other,Braga
18835,C018836,57,Male,Coimbra
18836,C018837,35,Other,Braga
18837,C018838,34,Female,Coimbra
18838,C018839,50,Female,Faro
18839,C018840,25,Other,Braga
18840,C018841,37,Male,Braga
18841,C018842,58,Male,Faro
18842,C018843,43,Female,Porto
18843,C018844,27,Male,Braga
18844,C018845,21,Female,Braga
18845,C018846,59,Male,Porto
18846,C018847,49,Female,Coimbra
18847,C018848,37,Female,Lisbon
18848,C018849,38,Female,Porto
18849,C018850,53,Male,Lisbon
18850,C018851,65,Other,Braga
18851,C018852,39,Male,Lisbon
18852,C018853,55,Female,Faro
18853,C018854,34,Other,Coimbra
18854,C018855,35,Other,Braga
18855,C018856,55,Male,Porto
18856,C018857,45,Female,Faro
18857,C018858,44,Female,Coimbra
18858,C018859,39,Female,Lisbon
18859,C018860,56,Other,Porto
18860,C018861,62,Female,Faro
18861,C018862,53,Other,Braga
18862,C018863,39,Male,Braga
18863,C018864,61,Other,Lisbon
18864,C018865,34,Female,Faro
18865,C018866,47,Female,Coimbra
18866,C018867,48,Female,Porto
18867,C018868,22,Male,Coimbra
18868,C018869,20,Female,Coimbra
18869,C018870,42,Male,Braga
18870,C018871,64,Other,Coimbra
18871,C018872,18,Male,Porto
18872,C018873,37,Other,Lisbon
18873,C018874,62,Other,Coimbra
18874,C018875,41,Female,Porto
18875,C018876,58,Male,Coimbra
18876,C018877,34,Other,Porto
18877,C018878,61,Female,Braga
18878,C018879,63,Female,Coimbra
18879,C018880,47,Other,Faro
18880,C018881,33,Female,Lisbon
18881,C018882,21,Male,Faro
18882,C018883,24,Female,Porto
18883,C018884,42,Female,Faro
18884,C018885,46,Male,Faro
18885,C018886,19,Female,Lisbon
18886,C018887,22,Female,Porto
18887,C018888,61,Other,Porto
18888,C018889,61,Male,Faro
18889,C018890,37,Male,Coimbra
18890,C018891,64,Female,Lisbon
18891,C018892,43,Female,Coimbra
18892,C018893,25,Female,Lisbon
18893,C018894,46,Female,Braga
18894,C018895,61,Female,Faro
18895,C018896,31,Other,Lisbon
18896,C018897,25,Male,Lisbon
18897,C018898,26,Female,Braga
18898,C018899,25,Male,Porto
18899,C018900,57,Male,Porto
18900,C018901,50,Female,Porto
18901,C018902,35,Female,Lisbon
18902,C018903,59,Male,Faro
18903,C018904,35,Other,Porto
18904,C018905,23,Female,Porto
18905,C018906,47,Female,Lisbon
18906,C018907,64,Unknown,Coimbra
18907,C018908,28,Female,Faro
18908,C018909,66,Other,Porto
18909,C018910,34,Male,Coimbra
18910,C018911,25,Male,Faro
18911,C018912,49,Other,Braga
18912,C018913,50,Male,Coimbra
18913,C018914,41,Female,Porto
18914,C018915,40,Female,Porto
18915,C018916,51,Female,Porto
18916,C018917,51,Female,Faro
18917,C018918,30,Other,Faro
18918,C018919,38,Other,Coimbra
18919,C018920,37,Female,Faro
18920,C018921,41,Male,Coimbra
18921,C018922,61,Other,Coimbra
18922,C018923,40,Other,Coimbra
18923,C018924,48,Other,Braga
18924,C018925,58,Male,Coimbra
18925,C018926,39,Other,Coimbra
18926,C018927,63,Female,Braga
18927,C018928,32,Other,Lisbon
18928,C018929,16,Male,Faro
18929,C018930,62,Other,Lisbon
18930,C018931,56,Female,Coimbra
18931,C018932,42,Male,Lisbon
18932,C018933,48,Male,Porto
18933,C018934,22,Other,Lisbon
18934,C018935,25,Male,Lisbon
18935,C018936,64,Female,Faro
18936,C018937,17,Female,Coimbra
18937,C018938,67,Other,Porto
18938,C018939,37,Other,Braga
18939,C018940,36,Male,Porto
18940,C018941,49,Male,Coimbra
18941,C018942,54,Male,Porto
18942,C018943,40,Female,Faro
18943,C018944,21,Other,Lisbon
18944,C018945,32,Male,Braga
18945,C018946,53,Female,Lisbon
18946,C018947,58,Other,Coimbra
18947,C018948,32,Other,Faro
18948,C018949,60,Male,Lisbon
18949,C018950,57,Other,Lisbon
18950,C018951,50,Male,Coimbra
18951,C018952,16,Male,Coimbra
18952,C018953,51,Female,Faro
18953,C018954,43,Other,Porto
18954,C018955,61,Other,Porto
18955,C018956,35,Other,Lisbon
18956,C018957,62,Female,Braga
18957,C018958,53,Male,Coimbra
18958,C018959,22,Other,Porto
18959,C018960,28,Male,Braga
18960,C018961,67,Female,Coimbra
18961,C018962,68,Other,Lisbon
18962,C018963,46,Other,Braga
18963,C018964,20,Male,Lisbon
18964,C018965,35,Female,Porto
18965,C018966,48,Female,Coimbra
18966,C018967,51,Female,Porto
18967,C018968,44,Female,Faro
18968,C018969,30,Other,Porto
18969,C018970,35,Male,Lisbon
18970,C018971,42,Other,Faro
18971,C018972,67,Other,Lisbon
18972,C018973,44,Female,Faro
18973,C018974,43,Female,Faro
18974,C018975,54,Other,Coimbra
18975,C018976,68,Other,Coimbra
18976,C018977,64,Male,Faro
18977,C018978,30,Other,Faro
18978,C018979,55,Female,Faro
18979,C018980,22,Female,Faro
18980,C018981,68,Male,Coimbra
18981,C018982,59,Other,Porto
18982,C018983,69,Other,Coimbra
18983,C018984,24,Other,Coimbra
18984,C018985,23,Male,Braga
18985,C018986,57,Female,Faro
18986,C018987,33,Other,Porto
18987,C018988,65,Other,Braga
18988,C018989,48,Other,Lisbon
18989,C018990,35,Female,Porto
18990,C018991,34,Female,Braga
18991,C018992,54,Male,Faro
18992,C018993,54,Female,Coimbra
18993,C018994,54,Female,Lisbon
18994,C018995,21,Male,Braga
18995,C018996,50,Other,Lisbon
18996,C018997,36,Female,Coimbra
18997,C018998,24,Female,Coimbra
18998,C018999,28,Female,Porto
18999,C019000,42,Male,Faro
19000,C019001,33,Other,Faro
19001,C019002,44,Female,Lisbon
19002,C019003,62,Female,Coimbra
19003,C019004,34,Male,Faro
19004,C019005,45,Other,Faro
19005,C019006,63,Female,Lisbon
19006,C019007,41,Male,Lisbon
19007,C019008,51,Female,Coimbra
19008,C019009,24,Male,Faro
19009,C019010,40,Female,Faro
19010,C019011,67,Male,Porto
19011,C019012,61,Other,Porto
19012,C019013,54,Other,Coimbra
19013,C019014,44,Other,Faro
19014,C019015,64,Other,Braga
19015,C019016,52,Other,Faro
19016,C019017,61,Other,Coimbra
19017,C019018,63,Male,Porto
19018,C019019,27,Female,Faro
19019,C019020,34,Unknown,Faro
19020,C019021,27,Female,Porto
19021,C019022,20,Other,Braga
19022,C019023,26,Other,Porto
19023,C019024,22,Female,Braga
19024,C019025,52,Male,Coimbra
19025,C019026,53,Male,Porto
19026,C019027,42,Male,Coimbra
19027,C019028,29,Other,Braga
19028,C019029,19,Female,Porto
19029,C019030,65,Male,Lisbon
19030,C019031,28,Female,Braga
19031,C019032,63,Female,Faro
19032,C019033,37,Male,Lisbon
19033,C019034,17,Other,Faro
19034,C019035,30,Other,Lisbon
19035,C019036,38,Other,Faro
19036,C019037,65,Other,Coimbra
19037,C019038,52,Other,Porto
19038,C019039,55,Female,Faro
19039,C019040,32,Female,Braga
19040,C019041,28,Other,Faro
19041,C019042,25,Female,Braga
19042,C019043,31,Other,Lisbon
19043,C019044,60,Other,Porto
19044,C019045,54,Female,Porto
19045,C019046,47,Unknown,Porto
19046,C019047,63,Female,Lisbon
19047,C019048,18,Male,Lisbon
19048,C019049,25,Female,Lisbon
19049,C019050,55,Other,Braga
19050,C019051,59,Other,Coimbra
19051,C019052,25,Other,Lisbon
19052,C019053,43,Male,Lisbon
19053,C019054,36,Female,Porto
19054,C019055,50,Male,Lisbon
19055,C019056,69,Other,Lisbon
19056,C019057,27,Other,Faro
19057,C019058,64,Male,Faro
19058,C019059,30,Unknown,Braga
19059,C019060,47,Other,Braga
19060,C019061,41,Other,Coimbra
19061,C019062,67,Other,Lisbon
19062,C019063,19,Other,Porto
19063,C019064,26,Other,Faro
19064,C019065,66,Other,Faro
19065,C019066,34,Other,Braga
19066,C019067,42,Male,Porto
19067,C019068,67,Female,Coimbra
19068,C019069,43,Female,Lisbon
19069,C019070,53,Male,Braga
19070,C019071,47,Female,Braga
19071,C019072,27,Male,Porto
19072,C019073,42,Female,Coimbra
19073,C019074,20,Male,Braga
19074,C019075,25,Female,Coimbra
19075,C019076,53,Male,Lisbon
19076,C019077,54,Other,Coimbra
19077,C019078,69,Male,Lisbon
19078,C019079,67,Other,Faro
19079,C019080,45,Female,Faro
19080,C019081,33,Male,Coimbra
19081,C019082,62,Male,Braga
19082,C019083,58,Female,Coimbra
19083,C019084,35,Other,Faro
19084,C019085,37,Male,Lisbon
19085,C019086,67,Other,Coimbra
19086,C019087,39,Other,Lisbon
19087,C019088,44,Male,Coimbra
19088,C019089,16,Other,Braga
19089,C019090,21,Other,Lisbon
19090,C019091,31,Female,Porto
19091,C019092,67,Female,Lisbon
19092,C019093,16,Other,Faro
19093,C019094,69,Other,Coimbra
19094,C019095,65,Other,Faro
19095,C019096,41,Female,Faro
19096,C019097,59,Female,Porto
19097,C019098,50,Other,Faro
19098,C019099,42,Male,Braga
19099,C019100,53,Female,Porto
19100,C019101,20,Female,Coimbra
19101,C019102,42,Other,Faro
19102,C019103,66,Female,Porto
19103,C019104,58,Male,Coimbra
19104,C019105,36,Male,Lisbon
19105,C019106,36,Female,Faro
19106,C019107,47,Other,Lisbon
19107,C019108,50,Other,Porto
19108,C019109,56,Female,Lisbon
19109,C019110,41,Other,Faro
19110,C019111,22,Other,Faro
19111,C019112,68,Male,Braga
19112,C019113,42,Other,Lisbon
19113,C019114,50,Female,Faro
19114,C019115,49,Male,Porto
19115,C019116,23,Male,Porto
19116,C019117,43,Female,Coimbra
19117,C019118,37,Other,Faro
19118,C019119,21,Female,Coimbra
19119,C019120,52,Female,Porto
19120,C019121,34,Other,Faro
19121,C019122,33,Other,Lisbon
19122,C019123,19,Other,Coimbra
19123,C019124,38,Female,Coimbra
19124,C019125,56,Male,Braga
19125,C019126,40,Other,Porto
19126,C019127,68,Other,Faro
19127,C019128,60,Male,Braga
19128,C019129,64,Other,Lisbon
19129,C019130,28,Other,Coimbra
19130,C019131,27,Other,Coimbra
19131,C019132,56,Female,Braga
19132,C019133,48,Female,Porto
19133,C019134,65,Male,Lisbon
19134,C019135,69,Female,Porto
19135,C019136,69,Other,Lisbon
19136,C019137,56,Male,Lisbon
19137,C019138,37,Other,Braga
19138,C019139,45,Female,Faro
19139,C019140,53,Male,Coimbra
19140,C019141,50,Female,Braga
19141,C019142,53,Other,Coimbra
19142,C019143,43,Male,Faro
19143,C019144,31,Male,Faro
19144,C019145,54,Female,Porto
19145,C019146,29,Male,Faro
19146,C019147,67,Male,Coimbra
19147,C019148,49,Female,Lisbon
19148,C019149,42,Male,Coimbra
19149,C019150,62,Other,Braga
19150,C019151,39,Male,Braga
19151,C019152,27,Male,Lisbon
19152,C019153,62,Other,Porto
19153,C019154,21,Female,Coimbra
19154,C019155,21,Other,Coimbra
19155,C019156,18,Male,Porto
19156,C019157,17,Female,Coimbra
19157,C019158,52,Male,Lisbon
19158,C019159,38,Male,Coimbra
19159,C019160,65,Male,Porto
19160,C019161,54,Male,Lisbon
19161,C019162,49,Male,Faro
19162,C019163,18,Male,Faro
19163,C019164,52,Male,Braga
19164,C019165,60,Male,Porto
19165,C019166,44,Male,Braga
19166,C019167,42,Other,Porto
19167,C019168,52,Other,Faro
19168,C019169,65,Female,Lisbon
19169,C019170,16,Other,Porto
19170,C019171,35,Other,Coimbra
19171,C019172,29,Female,Porto
19172,C019173,40,Female,Braga
19173,C019174,25,Male,Lisbon
19174,C019175,30,Other,Braga
19175,C019176,20,Other,Faro
19176,C019177,17,Other,Braga
19177,C019178,56,Female,Lisbon
19178,C019179,24,Female,Porto
19179,C019180,31,Other,Porto
19180,C019181,53,Female,Coimbra
19181,C019182,30,Male,Coimbra
19182,C019183,29,Female,Porto
19183,C019184,48,Female,Coimbra
19184,C019185,17,Male,Faro
19185,C019186,68,Male,Porto
19186,C019187,46,Other,Lisbon
19187,C019188,27,Other,Coimbra
19188,C019189,41,Male,Faro
19189,C019190,20,Male,Coimbra
19190,C019191,69,Male,Braga
19191,C019192,27,Unknown,Faro
19192,C019193,44,Male,Braga
19193,C019194,68,Other,Braga
19194,C019195,23,Other,Lisbon
19195,C019196,31,Female,Coimbra
19196,C019197,29,Male,Lisbon
19197,C019198,27,Male,Coimbra
19198,C019199,63,Other,Faro
19199,C019200,39,Male,Porto
19200,C019201,47,Male,Porto
19201,C019202,45,Female,Porto
19202,C019203,56,Male,Porto
19203,C019204,54,Other,Porto
19204,C019205,67,Other,Lisbon
19205,C019206,26,Female,Braga
19206,C019207,17,Other,Coimbra
19207,C019208,59,Female,Braga
19208,C019209,31,Other,Braga
19209,C019210,51,Other,Faro
19210,C019211,66,Female,Coimbra
19211,C019212,29,Male,Lisbon
19212,C019213,25,Female,Braga
19213,C019214,42,Female,Braga
19214,C019215,23,Other,Braga
19215,C019216,54,Male,Faro
19216,C019217,60,Female,Lisbon
19217,C019218,20,Female,Braga
19218,C019219,33,Male,Faro
19219,C019220,16,Other,Coimbra
19220,C019221,55,Female,Braga
19221,C019222,31,Male,Faro
19222,C019223,38,Other,Faro
19223,C019224,18,Female,Braga
19224,C019225,66,Other,Porto
19225,C019226,41,Female,Lisbon
19226,C019227,22,Other,Braga
19227,C019228,20,Other,Coimbra
19228,C019229,69,Female,Braga
19229,C019230,35,Female,Porto
19230,C019231,53,Male,Porto
19231,C019232,43,Other,Lisbon
19232,C019233,52,Male,Coimbra
19233,C019234,60,Male,Lisbon
19234,C019235,41,Female,Coimbra
19235,C019236,50,Other,Lisbon
19236,C019237,68,Female,Coimbra
19237,C019238,56,Male,Braga
19238,C019239,18,Male,Lisbon
19239,C019240,38,Female,Braga
19240,C019241,46,Unknown,Faro
19241,C019242,23,Female,Faro
19242,C019243,39,Other,Faro
19243,C019244,61,Male,Coimbra
19244,C019245,24,Female,Faro
19245,C019246,29,Other,Coimbra
19246,C019247,42,Other,Braga
19247,C019248,60,Other,Lisbon
19248,C019249,69,Male,Lisbon
19249,C019250,68,Other,Lisbon
19250,C019251,28,Other,Coimbra
19251,C019252,35,Male,Braga
19252,C019253,40,Male,Porto
19253,C019254,28,Other,Porto
19254,C019255,17,Female,Porto
19255,C019256,32,Male,Braga
19256,C019257,67,Female,Braga
19257,C019258,68,Other,Coimbra
19258,C019259,28,Female,Braga
19259,C019260,58,Other,Coimbra
19260,C019261,41,Female,Porto
19261,C019262,45,Female,Porto
19262,C019263,23,Male,Faro
19263,C019264,32,Other,Coimbra
19264,C019265,35,Female,Faro
19265,C019266,50,Female,Braga
19266,C019267,38,Female,Lisbon
19267,C019268,32,Other,Lisbon
19268,C019269,19,Male,Lisbon
19269,C019270,65,Other,Faro
19270,C019271,19,Male,Coimbra
19271,C019272,61,Male,Porto
19272,C019273,53,Other,Faro
19273,C019274,35,Female,Faro
19274,C019275,49,Female,Coimbra
19275,C019276,45,Male,Faro
19276,C019277,44,Other,Porto
19277,C019278,55,Male,Porto
19278,C019279,69,Other,Lisbon
19279,C019280,28,Female,Faro
19280,C019281,60,Male,Braga
19281,C019282,36,Other,Braga
19282,C019283,39,Male,Lisbon
19283,C019284,64,Other,Porto
19284,C019285,29,Other,Braga
19285,C019286,59,Other,Coimbra
19286,C019287,43,Female,Porto
19287,C019288,27,Other,Coimbra
19288,C019289,19,Other,Lisbon
19289,C019290,45,Male,Coimbra
19290,C019291,19,Female,Coimbra
19291,C019292,44,Female,Faro
19292,C019293,19,Female,Faro
19293,C019294,16,Male,Lisbon
19294,C019295,65,Male,Lisbon
19295,C019296,50,Male,Porto
19296,C019297,54,Male,Braga
19297,C019298,57,Male,Coimbra
19298,C019299,64,Male,Braga
19299,C019300,62,Female,Porto
19300,C019301,22,Male,Porto
19301,C019302,67,Other,Lisbon
19302,C019303,42,Male,Braga
19303,C019304,34,Male,Braga
19304,C019305,46,Male,Lisbon
19305,C019306,57,Female,Porto
19306,C019307,43,Male,Faro
19307,C019308,50,Unknown,Braga
19308,C019309,49,Female,Braga
19309,C019310,68,Other,Lisbon
19310,C019311,67,Male,Braga
19311,C019312,64,Other,Porto
19312,C019313,19,Male,Porto
19313,C019314,46,Male,Braga
19314,C019315,59,Female,Coimbra
19315,C019316,42,Unknown,Coimbra
19316,C019317,37,Other,Lisbon
19317,C019318,24,Male,Faro
19318,C019319,17,Male,Faro
19319,C019320,39,Other,Lisbon
19320,C019321,68,Male,Coimbra
19321,C019322,65,Female,Porto
19322,C019323,69,Other,Porto
19323,C019324,54,Male,Braga
19324,C019325,40,Female,Coimbra
19325,C019326,42,Male,Porto
19326,C019327,43,Other,Lisbon
19327,C019328,60,Other,Braga
19328,C019329,23,Female,Coimbra
19329,C019330,31,Other,Porto
19330,C019331,48,Male,Braga
19331,C019332,48,Other,Lisbon
19332,C019333,66,Female,Porto
19333,C019334,58,Female,Braga
19334,C019335,58,Female,Lisbon
19335,C019336,49,Other,Braga
19336,C019337,38,Male,Coimbra
19337,C019338,37,Male,Porto
19338,C019339,49,Male,Faro
19339,C019340,65,Female,Braga
19340,C019341,46,Female,Braga
19341,C019342,38,Female,Faro
19342,C019343,40,Male,Coimbra
19343,C019344,34,Other,Faro
19344,C019345,51,Male,Coimbra
19345,C019346,33,Female,Braga
19346,C019347,23,Female,Coimbra
19347,C019348,64,Male,Coimbra
19348,C019349,33,Male,Coimbra
19349,C019350,58,Other,Lisbon
19350,C019351,32,Male,Lisbon
19351,C019352,57,Male,Lisbon
19352,C019353,47,Other,Lisbon
19353,C019354,35,Male,Porto
19354,C019355,33,Female,Braga
19355,C019356,19,Male,Faro
19356,C019357,42,Other,Braga
19357,C019358,26,Male,Lisbon
19358,C019359,35,Female,Faro
19359,C019360,16,Unknown,Porto
19360,C019361,48,Other,Lisbon
19361,C019362,64,Male,Coimbra
19362,C019363,22,Other,Lisbon
19363,C019364,64,Female,Faro
19364,C019365,37,Other,Braga
19365,C019366,30,Male,Faro
19366,C019367,68,Other,Braga
19367,C019368,36,Male,Porto
19368,C019369,69,Female,Faro
19369,C019370,66,Other,Faro
19370,C019371,44,Other,Coimbra
19371,C019372,21,Male,Porto
19372,C019373,33,Male,Coimbra
19373,C019374,35,Other,Faro
19374,C019375,50,Female,Lisbon
19375,C019376,63,Other,Lisbon
19376,C019377,20,Female,Faro
19377,C019378,34,Other,Porto
19378,C019379,22,Female,Coimbra
19379,C019380,65,Other,Lisbon
19380,C019381,64,Male,Braga
19381,C019382,35,Other,Coimbra
19382,C019383,41,Female,Coimbra
19383,C019384,57,Female,Lisbon
19384,C019385,34,Male,Faro
19385,C019386,45,Male,Porto
19386,C019387,61,Male,Porto
19387,C019388,44,Other,Coimbra
19388,C019389,18,Male,Braga
19389,C019390,35,Female,Lisbon
19390,C019391,53,Other,Porto
19391,C019392,60,Other,Braga
19392,C019393,37,Other,Coimbra
19393,C019394,21,Male,Porto
19394,C019395,23,Female,Lisbon
19395,C019396,45,Male,Lisbon
19396,C019397,64,Female,Lisbon
19397,C019398,20,Female,Lisbon
19398,C019399,45,Female,Faro
19399,C019400,55,Other,Porto
19400,C019401,22,Other,Lisbon
19401,C019402,35,Male,Lisbon
19402,C019403,54,Female,Faro
19403,C019404,32,Male,Coimbra
19404,C019405,20,Female,Faro
19405,C019406,56,Other,Lisbon
19406,C019407,34,Male,Lisbon
19407,C019408,48,Female,Faro
19408,C019409,48,Other,Braga
19409,C019410,65,Male,Braga
19410,C019411,45,Female,Coimbra
19411,C019412,31,Female,Braga
19412,C019413,51,Male,Faro
19413,C019414,46,Other,Lisbon
19414,C019415,61,Female,Faro
19415,C019416,17,Unknown,Faro
19416,C019417,33,Male,Coimbra
19417,C019418,51,Female,Coimbra
19418,C019419,64,Male,Lisbon
19419,C019420,36,Male,Faro
19420,C019421,36,Female,Porto
19421,C019422,64,Other,Lisbon
19422,C019423,18,Male,Braga
19423,C019424,45,Female,Coimbra
19424,C019425,21,Other,Coimbra
19425,C019426,37,Male,Porto
19426,C019427,69,Female,Porto
19427,C019428,50,Other,Braga
19428,C019429,49,Other,Coimbra
19429,C019430,53,Other,Braga
19430,C019431,40,Other,Braga
19431,C019432,27,Other,Faro
19432,C019433,50,Male,Lisbon
19433,C019434,36,Male,Braga
19434,C019435,40,Other,Porto
19435,C019436,47,Male,Faro
19436,C019437,43,Female,Coimbra
19437,C019438,54,Male,Braga
19438,C019439,51,Other,Faro
19439,C019440,34,Other,Braga
19440,C019441,34,Male,Faro
19441,C019442,19,Male,Lisbon
19442,C019443,19,Male,Lisbon
19443,C019444,62,Male,Lisbon
19444,C019445,36,Other,Braga
19445,C019446,47,Male,Braga
19446,C019447,53,Other,Braga
19447,C019448,22,Female,Coimbra
19448,C019449,18,Female,Lisbon
19449,C019450,51,Male,Braga
19450,C019451,49,Female,Coimbra
19451,C019452,69,Female,Coimbra
19452,C019453,58,Male,Porto
19453,C019454,36,Other,Coimbra
19454,C019455,42,Male,Coimbra
19455,C019456,43,Other,Faro
19456,C019457,54,Female,Lisbon
19457,C019458,66,Male,Coimbra
19458,C019459,43,Female,Lisbon
19459,C019460,57,Male,Porto
19460,C019461,68,Other,Faro
19461,C019462,56,Female,Lisbon
19462,C019463,38,Female,Porto
19463,C019464,20,Other,Braga
19464,C019465,37,Male,Porto
19465,C019466,18,Other,Braga
19466,C019467,32,Female,Porto
19467,C019468,29,Female,Braga
19468,C019469,17,Other,Braga
19469,C019470,33,Other,Coimbra
19470,C019471,53,Other,Lisbon
19471,C019472,29,Other,Lisbon
19472,C019473,55,Female,Braga
19473,C019474,40,Other,Faro
19474,C019475,61,Female,Braga
19475,C019476,60,Male,Porto
19476,C019477,16,Other,Lisbon
19477,C019478,38,Female,Faro
19478,C019479,28,Male,Coimbra
19479,C019480,57,Male,Faro
19480,C019481,53,Male,Lisbon
19481,C019482,39,Female,Coimbra
19482,C019483,50,Other,Braga
19483,C019484,60,Female,Faro
19484,C019485,21,Other,Lisbon
19485,C019486,60,Female,Braga
19486,C019487,55,Other,Braga
19487,C019488,61,Male,Coimbra
19488,C019489,56,Other,Lisbon
19489,C019490,63,Unknown,Braga
19490,C019491,64,Female,Lisbon
19491,C019492,28,Other,Coimbra
19492,C019493,34,Female,Porto
19493,C019494,42,Male,Faro
19494,C019495,42,Female,Braga
19495,C019496,26,Other,Faro
19496,C019497,58,Other,Coimbra
19497,C019498,44,Other,Porto
19498,C019499,40,Female,Coimbra
19499,C019500,56,Female,Porto
19500,C019501,28,Male,Porto
19501,C019502,16,Other,Braga
19502,C019503,23,Female,Coimbra
19503,C019504,55,Female,Faro
19504,C019505,18,Female,Coimbra
19505,C019506,24,Other,Coimbra
19506,C019507,64,Male,Porto
19507,C019508,27,Male,Lisbon
19508,C019509,39,Other,Faro
19509,C019510,39,Male,Braga
19510,C019511,30,Other,Faro
19511,C019512,58,Female,Faro
19512,C019513,54,Male,Porto
19513,C019514,54,Male,Faro
19514,C019515,26,Male,Braga
19515,C019516,55,Other,Porto
19516,C019517,46,Other,Coimbra
19517,C019518,62,Female,Porto
19518,C019519,28,Female,Lisbon
19519,C019520,23,Male,Lisbon
19520,C019521,56,Male,Porto
19521,C019522,27,Female,Porto
19522,C019523,24,Female,Faro
19523,C019524,37,Other,Coimbra
19524,C019525,56,Other,Braga
19525,C019526,30,Male,Lisbon
19526,C019527,26,Female,Faro
19527,C019528,43,Other,Faro
19528,C019529,22,Male,Faro
19529,C019530,26,Male,Coimbra
19530,C019531,62,Male,Braga
19531,C019532,24,Male,Coimbra
19532,C019533,52,Other,Coimbra
19533,C019534,17,Other,Faro
19534,C019535,38,Male,Braga
19535,C019536,65,Male,Braga
19536,C019537,58,Female,Porto
19537,C019538,18,Male,Coimbra
19538,C019539,20,Female,Coimbra
19539,C019540,28,Male,Braga
19540,C019541,35,Female,Braga
19541,C019542,39,Male,Coimbra
19542,C019543,24,Female,Porto
19543,C019544,38,Other,Braga
19544,C019545,66,Male,Braga
19545,C019546,63,Other,Faro
19546,C019547,27,Female,Braga
19547,C019548,40,Female,Coimbra
19548,C019549,40,Other,Porto
19549,C019550,21,Male,Coimbra
19550,C019551,58,Male,Lisbon
19551,C019552,36,Female,Faro
19552,C019553,45,Female,Braga
19553,C019554,43,Female,Coimbra
19554,C019555,46,Female,Porto
19555,C019556,29,Female,Lisbon
19556,C019557,36,Female,Faro
19557,C019558,33,Female,Porto
19558,C019559,17,Female,Braga
19559,C019560,31,Other,Lisbon
19560,C019561,65,Male,Porto
19561,C019562,69,Other,Braga
19562,C019563,58,Male,Lisbon
19563,C019564,31,Other,Porto
19564,C019565,69,Other,Faro
19565,C019566,63,Other,Porto
19566,C019567,32,Other,Faro
19567,C019568,21,Other,Porto
19568,C019569,56,Other,Braga
19569,C019570,64,Female,Faro
19570,C019571,30,Other,Lisbon
19571,C019572,49,Female,Braga
19572,C019573,55,Male,Coimbra
19573,C019574,40,Female,Coimbra
19574,C019575,51,Male,Faro
19575,C019576,66,Male,Faro
19576,C019577,53,Female,Porto
19577,C019578,44,Other,Braga
19578,C019579,62,Female,Porto
19579,C019580,43,Other,Porto
19580,C019581,19,Other,Lisbon
19581,C019582,65,Female,Braga
19582,C019583,36,Other,Lisbon
19583,C019584,65,Female,Braga
19584,C019585,55,Other,Braga
19585,C019586,33,Male,Coimbra
19586,C019587,47,Other,Braga
19587,C019588,23,Other,Porto
19588,C019589,57,Female,Coimbra
19589,C019590,58,Other,Braga
19590,C019591,45,Female,Braga
19591,C019592,48,Other,Lisbon
19592,C019593,45,Male,Porto
19593,C019594,27,Male,Faro
19594,C019595,39,Male,Faro
19595,C019596,19,Other,Faro
19596,C019597,16,Other,Lisbon
19597,C019598,55,Other,Porto
19598,C019599,45,Other,Braga
19599,C019600,66,Male,Porto
19600,C019601,65,Other,Lisbon
19601,C019602,47,Female,Lisbon
19602,C019603,39,Other,Faro
19603,C019604,21,Male,Porto
19604,C019605,27,Other,Lisbon
19605,C019606,62,Female,Braga
19606,C019607,24,Other,Coimbra
19607,C019608,23,Male,Lisbon
19608,C019609,40,Male,Braga
19609,C019610,38,Male,Lisbon
19610,C019611,54,Male,Faro
19611,C019612,53,Other,Coimbra
19612,C019613,68,Male,Braga
19613,C019614,65,Male,Braga
19614,C019615,57,Male,Lisbon
19615,C019616,25,Other,Faro
19616,C019617,26,Other,Lisbon
19617,C019618,37,Female,Faro
19618,C019619,26,Female,Coimbra
19619,C019620,16,Female,Lisbon
19620,C019621,22,Male,Braga
19621,C019622,34,Female,Braga
19622,C019623,56,Other,Coimbra
19623,C019624,63,Other,Lisbon
19624,C019625,39,Other,Porto
19625,C019626,46,Other,Lisbon
19626,C019627,38,Other,Braga
19627,C019628,60,Female,Faro
19628,C019629,24,Other,Lisbon
19629,C019630,65,Male,Porto
19630,C019631,61,Male,Braga
19631,C019632,44,Other,Faro
19632,C019633,58,Male,Faro
19633,C019634,54,Other,Lisbon
19634,C019635,68,Female,Coimbra
19635,C019636,30,Other,Faro
19636,C019637,42,Female,Porto
19637,C019638,47,Other,Braga
19638,C019639,44,Other,Braga
19639,C019640,49,Other,Porto
19640,C019641,48,Female,Braga
19641,C019642,16,Male,Braga
19642,C019643,40,Male,Faro
19643,C019644,32,Male,Porto
19644,C019645,61,Other,Braga
19645,C019646,55,Female,Porto
19646,C019647,32,Other,Coimbra
19647,C019648,68,Other,Lisbon
19648,C019649,35,Female,Faro
19649,C019650,25,Other,Lisbon
19650,C019651,56,Other,Faro
19651,C019652,53,Female,Faro
19652,C019653,17,Other,Coimbra
19653,C019654,58,Other,Coimbra
19654,C019655,48,Male,Lisbon
19655,C019656,68,Female,Porto
19656,C019657,37,Female,Braga
19657,C019658,44,Other,Faro
19658,C019659,39,Female,Lisbon
19659,C019660,56,Other,Lisbon
19660,C019661,61,Male,Braga
19661,C019662,41,Female,Porto
19662,C019663,40,Male,Lisbon
19663,C019664,67,Female,Coimbra
19664,C019665,41,Female,Porto
19665,C019666,41,Other,Coimbra
19666,C019667,65,Other,Porto
19667,C019668,41,Other,Coimbra
19668,C019669,39,Female,Coimbra
19669,C019670,50,Male,Porto
19670,C019671,24,Female,Faro
19671,C019672,65,Other,Lisbon
19672,C019673,48,Other,Faro
19673,C019674,43,Other,Braga
19674,C019675,39,Male,Porto
19675,C019676,16,Other,Lisbon
19676,C019677,36,Male,Coimbra
19677,C019678,31,Other,Lisbon
19678,C019679,16,Other,Porto
19679,C019680,50,Other,Coimbra
19680,C019681,58,Female,Faro
19681,C019682,67,Female,Braga
19682,C019683,57,Male,Coimbra
19683,C019684,69,Other,Coimbra
19684,C019685,41,Male,Coimbra
19685,C019686,28,Male,Porto
19686,C019687,20,Other,Faro
19687,C019688,39,Other,Porto
19688,C019689,55,Male,Lisbon
19689,C019690,16,Other,Braga
19690,C019691,25,Unknown,Braga
19691,C019692,63,Other,Faro
19692,C019693,21,Other,Lisbon
19693,C019694,53,Female,Coimbra
19694,C019695,42,Other,Porto
19695,C019696,41,Other,Coimbra
19696,C019697,27,Female,Lisbon
19697,C019698,31,Other,Porto
19698,C019699,68,Female,Lisbon
19699,C019700,52,Other,Coimbra
19700,C019701,34,Female,Coimbra
19701,C019702,40,Male,Coimbra
19702,C019703,36,Male,Faro
19703,C019704,68,Other,Coimbra
19704,C019705,51,Other,Coimbra
19705,C019706,49,Other,Porto
19706,C019707,20,Male,Porto
19707,C019708,28,Female,Faro
19708,C019709,38,Female,Braga
19709,C019710,28,Other,Porto
19710,C019711,34,Other,Faro
19711,C019712,67,Other,Coimbra
19712,C019713,45,Female,Braga
19713,C019714,24,Female,Lisbon
19714,C019715,56,Other,Porto
19715,C019716,50,Female,Faro
19716,C019717,69,Other,Faro
19717,C019718,58,Other,Faro
19718,C019719,62,Female,Lisbon
19719,C019720,54,Female,Porto
19720,C019721,31,Female,Braga
19721,C019722,32,Female,Faro
19722,C019723,16,Male,Faro
19723,C019724,43,Male,Coimbra
19724,C019725,20,Male,Porto
19725,C019726,29,Male,Porto
19726,C019727,46,Male,Braga
19727,C019728,37,Female,Lisbon
19728,C019729,64,Male,Faro
19729,C019730,65,Male,Porto
19730,C019731,54,Male,Lisbon
19731,C019732,38,Other,Lisbon
19732,C019733,17,Male,Braga
19733,C019734,18,Male,Faro
19734,C019735,43,Male,Lisbon
19735,C019736,42,Other,Braga
19736,C019737,68,Female,Porto
19737,C019738,21,Male,Coimbra
19738,C019739,53,Other,Lisbon
19739,C019740,45,Other,Braga
19740,C019741,23,Female,Porto
19741,C019742,39,Female,Coimbra
19742,C019743,16,Female,Porto
19743,C019744,55,Other,Coimbra
19744,C019745,41,Male,Porto
19745,C019746,26,Male,Lisbon
19746,C019747,58,Other,Lisbon
19747,C019748,63,Male,Coimbra
19748,C019749,37,Male,Braga
19749,C019750,37,Female,Braga
19750,C019751,42,Male,Braga
19751,C019752,42,Other,Coimbra
19752,C019753,49,Male,Lisbon
19753,C019754,34,Male,Lisbon
19754,C019755,64,Female,Lisbon
19755,C019756,62,Female,Coimbra
19756,C019757,65,Male,Faro
19757,C019758,51,Male,Faro
19758,C019759,44,Male,Lisbon
19759,C019760,32,Male,Faro
19760,C019761,35,Female,Coimbra
19761,C019762,33,Other,Braga
19762,C019763,23,Male,Lisbon
19763,C019764,44,Female,Coimbra
19764,C019765,46,Male,Faro
19765,C019766,25,Male,Porto
19766,C019767,56,Other,Faro
19767,C019768,27,Female,Faro
19768,C019769,62,Other,Faro
19769,C019770,23,Male,Lisbon
19770,C019771,64,Other,Faro
19771,C019772,33,Female,Faro
19772,C019773,17,Other,Coimbra
19773,C019774,29,Male,Coimbra
19774,C019775,30,Female,Braga
19775,C019776,57,Other,Lisbon
19776,C019777,19,Other,Lisbon
19777,C019778,21,Other,Coimbra
19778,C019779,43,Male,Braga
19779,C019780,48,Other,Porto
19780,C019781,25,Other,Braga
19781,C019782,54,Other,Coimbra
19782,C019783,54,Male,Lisbon
19783,C019784,48,Other,Porto
19784,C019785,31,Other,Faro
19785,C019786,42,Female,Porto
19786,C019787,59,Female,Lisbon
19787,C019788,66,Male,Coimbra
19788,C019789,59,Male,Coimbra
19789,C019790,28,Other,Coimbra
19790,C019791,38,Male,Coimbra
19791,C019792,22,Other,Lisbon
19792,C019793,69,Male,Faro
19793,C019794,33,Other,Coimbra
19794,C019795,49,Female,Braga
19795,C019796,17,Female,Faro
19796,C019797,22,Male,Lisbon
19797,C019798,58,Male,Braga
19798,C019799,60,Other,Porto
19799,C019800,17,Male,Braga
19800,C019801,69,Male,Coimbra
19801,C019802,56,Male,Lisbon
19802,C019803,62,Male,Porto
19803,C019804,67,Other,Coimbra
19804,C019805,53,Female,Coimbra
19805,C019806,35,Male,Faro
19806,C019807,37,Male,Coimbra
19807,C019808,16,Other,Lisbon
19808,C019809,59,Male,Porto
19809,C019810,25,Male,Lisbon
19810,C019811,49,Other,Faro
19811,C019812,33,Female,Porto
19812,C019813,21,Male,Porto
19813,C019814,18,Male,Porto
19814,C019815,39,Other,Lisbon
19815,C019816,63,Other,Braga
19816,C019817,58,Female,Lisbon
19817,C019818,43,Male,Porto
19818,C019819,69,Male,Lisbon
19819,C019820,65,Male,Faro
19820,C019821,24,Female,Braga
19821,C019822,40,Male,Faro
19822,C019823,47,Female,Braga
19823,C019824,58,Male,Braga
19824,C019825,43,Male,Faro
19825,C019826,27,Female,Porto
19826,C019827,45,Male,Porto
19827,C019828,54,Other,Lisbon
19828,C019829,19,Other,Porto
19829,C019830,31,Female,Braga
19830,C019831,16,Male,Lisbon
19831,C019832,61,Other,Faro
19832,C019833,19,Other,Lisbon
19833,C019834,49,Other,Braga
19834,C019835,46,Male,Faro
19835,C019836,63,Other,Faro
19836,C019837,69,Female,Porto
19837,C019838,64,Female,Lisbon
19838,C019839,27,Female,Lisbon
19839,C019840,18,Female,Braga
19840,C019841,19,Female,Braga
19841,C019842,19,Male,Lisbon
19842,C019843,43,Male,Coimbra
19843,C019844,47,Male,Lisbon
19844,C019845,56,Male,Braga
19845,C019846,47,Other,Braga
19846,C019847,38,Female,Braga
19847,C019848,40,Female,Porto
19848,C019849,53,Male,Braga
19849,C019850,61,Female,Braga
19850,C019851,17,Other,Coimbra
19851,C019852,57,Other,Coimbra
19852,C019853,39,Male,Porto
19853,C019854,38,Other,Lisbon
19854,C019855,34,Other,Lisbon
19855,C019856,26,Female,Coimbra
19856,C019857,25,Male,Braga
19857,C019858,51,Male,Coimbra
19858,C019859,45,Other,Lisbon
19859,C019860,26,Female,Braga
19860,C019861,34,Female,Coimbra
19861,C019862,32,Male,Porto
19862,C019863,66,Other,Lisbon
19863,C019864,46,Female,Porto
19864,C019865,46,Female,Braga
19865,C019866,48,Female,Braga
19866,C019867,57,Female,Lisbon
19867,C019868,32,Other,Faro
19868,C019869,21,Male,Porto
19869,C019870,31,Female,Porto
19870,C019871,51,Other,Lisbon
19871,C019872,40,Female,Coimbra
19872,C019873,19,Male,Lisbon
19873,C019874,24,Female,Braga
19874,C019875,23,Female,Faro
19875,C019876,33,Other,Porto
19876,C019877,27,Female,Faro
19877,C019878,54,Other,Lisbon
19878,C019879,37,Male,Faro
19879,C019880,63,Other,Braga
19880,C019881,69,Female,Lisbon
19881,C019882,24,Male,Porto
19882,C019883,67,Male,Coimbra
19883,C019884,47,Female,Lisbon
19884,C019885,34,Female,Porto
19885,C019886,39,Other,Braga
19886,C019887,48,Female,Porto
19887,C019888,27,Other,Braga
19888,C019889,30,Female,Braga
19889,C019890,35,Other,Faro
19890,C019891,38,Female,Lisbon
19891,C019892,47,Other,Coimbra
19892,C019893,36,Other,Lisbon
19893,C019894,69,Male,Faro
19894,C019895,50,Other,Faro
19895,C019896,56,Female,Porto
19896,C019897,55,Female,Braga
19897,C019898,34,Male,Braga
19898,C019899,62,Female,Coimbra
19899,C019900,61,Male,Porto
19900,C019901,25,Male,Lisbon
19901,C019902,69,Female,Porto
19902,C019903,61,Other,Porto
19903,C019904,16,Other,Coimbra
19904,C019905,28,Female,Porto
19905,C019906,28,Female,Porto
19906,C019907,50,Male,Faro
19907,C019908,60,Female,Faro
19908,C019909,18,Male,Lisbon
19909,C019910,62,Female,Coimbra
19910,C019911,54,Female,Lisbon
19911,C019912,36,Female,Braga
19912,C019913,29,Female,Braga
19913,C019914,36,Other,Faro
19914,C019915,42,Female,Lisbon
19915,C019916,27,Other,Porto
19916,C019917,36,Male,Lisbon
19917,C019918,23,Other,Lisbon
19918,C019919,24,Female,Porto
19919,C019920,53,Other,Braga
19920,C019921,42,Female,Porto
19921,C019922,61,Other,Lisbon
19922,C019923,47,Other,Faro
19923,C019924,61,Other,Coimbra
19924,C019925,17,Other,Coimbra
19925,C019926,40,Female,Braga
19926,C019927,53,Male,Porto
19927,C019928,65,Female,Faro
19928,C019929,27,Male,Porto
19929,C019930,34,Other,Faro
19930,C019931,36,Male,Lisbon
19931,C019932,63,Female,Coimbra
19932,C019933,67,Male,Porto
19933,C019934,42,Female,Coimbra
19934,C019935,65,Female,Braga
19935,C019936,54,Female,Faro
19936,C019937,44,Other,Porto
19937,C019938,18,Other,Lisbon
19938,C019939,31,Female,Lisbon
19939,C019940,21,Other,Porto
19940,C019941,51,Other,Porto
19941,C019942,16,Other,Lisbon
19942,C019943,34,Female,Braga
19943,C019944,19,Other,Braga
19944,C019945,29,Male,Lisbon
19945,C019946,64,Other,Braga
19946,C019947,23,Female,Porto
19947,C019948,33,Other,Faro
19948,C019949,60,Other,Faro
19949,C019950,29,Male,Porto
19950,C019951,46,Female,Coimbra
19951,C019952,23,Female,Lisbon
19952,C019953,21,Other,Porto
19953,C019954,65,Female,Braga
19954,C019955,20,Male,Coimbra
19955,C019956,52,Male,Faro
19956,C019957,28,Male,Porto
19957,C019958,49,Female,Braga
19958,C019959,47,Male,Coimbra
19959,C019960,35,Female,Lisbon
19960,C019961,35,Other,Faro
19961,C019962,53,Other,Porto
19962,C019963,49,Female,Faro
19963,C019964,61,Male,Porto
19964,C019965,30,Male,Faro
19965,C019966,38,Female,Braga
19966,C019967,49,Male,Coimbra
19967,C019968,63,Other,Braga
19968,C019969,21,Female,Lisbon
19969,C019970,52,Female,Coimbra
19970,C019971,67,Male,Faro
19971,C019972,69,Male,Faro
19972,C019973,57,Other,Porto
19973,C019974,66,Other,Lisbon
19974,C019975,56,Male,Porto
19975,C019976,22,Other,Coimbra
19976,C019977,22,Other,Lisbon
19977,C019978,16,Male,Porto
19978,C019979,51,Female,Braga
19979,C019980,31,Female,Braga
19980,C019981,54,Female,Lisbon
19981,C019982,48,Male,Porto
19982,C019983,66,Other,Coimbra
19983,C019984,65,Other,Faro
19984,C019985,27,Female,Lisbon
19985,C019986,22,Other,Porto
19986,C019987,39,Other,Braga
19987,C019988,44,Other,Porto
19988,C019989,37,Female,Faro
19989,C019990,64,Male,Coimbra
19990,C019991,43,Male,Porto
19991,C019992,64,Other,Braga
19992,C019993,39,Female,Braga
19993,C019994,59,Male,Faro
19994,C019995,64,Female,Braga
19995,C019996,40,Male,Faro
19996,C019997,43,Other,Braga
19997,C019998,67,Unknown,Braga
19998,C019999,44,Male,Braga
19999,C020000,24,Female,Lisbon
20000,C020001,41,Male,Porto
20001,C020002,51,Other,Faro
20002,C020003,68,Male,Porto
20003,C020004,26,Other,Porto
20004,C020005,69,Other,Coimbra
20005,C020006,35,Other,Lisbon
20006,C020007,37,Female,Faro
20007,C020008,37,Other,Braga
20008,C020009,44,Unknown,Braga
20009,C020010,54,Other,Coimbra
20010,C020011,50,Male,Faro
20011,C020012,41,Female,Lisbon
20012,C020013,45,Male,Lisbon
20013,C020014,18,Female,Faro
20014,C020015,22,Female,Braga
20015,C020016,55,Other,Braga
20016,C020017,17,Other,Coimbra
20017,C020018,28,Male,Coimbra
20018,C020019,54,Male,Porto
20019,C020020,37,Other,Faro
20020,C020021,48,Male,Porto
20021,C020022,37,Female,Lisbon
20022,C020023,36,Female,Braga
20023,C020024,60,Male,Porto
20024,C020025,37,Male,Coimbra
20025,C020026,61,Other,Braga
20026,C020027,54,Male,Coimbra
20027,C020028,18,Female,Faro
20028,C020029,65,Female,Lisbon
20029,C020030,60,Female,Faro
20030,C020031,18,Female,Porto
20031,C020032,65,Other,Porto
20032,C020033,56,Male,Porto
20033,C020034,34,Other,Braga
20034,C020035,17,Male,Coimbra
20035,C020036,65,Female,Lisbon
20036,C020037,46,Female,Lisbon
20037,C020038,40,Male,Faro
20038,C020039,60,Male,Porto
20039,C020040,53,Female,Porto
20040,C020041,42,Male,Braga
20041,C020042,38,Female,Porto
20042,C020043,31,Female,Porto
20043,C020044,36,Female,Faro
20044,C020045,60,Male,Coimbra
20045,C020046,45,Other,Porto
20046,C020047,65,Male,Porto
20047,C020048,58,Male,Porto
20048,C020049,24,Female,Braga
20049,C020050,56,Female,Faro
20050,C020051,67,Male,Porto
20051,C020052,19,Female,Faro
20052,C020053,53,Female,Porto
20053,C020054,27,Other,Coimbra
20054,C020055,31,Male,Porto
20055,C020056,57,Male,Braga
20056,C020057,47,Other,Porto
20057,C020058,61,Female,Coimbra
20058,C020059,38,Male,Lisbon
20059,C020060,40,Female,Porto
20060,C020061,61,Male,Coimbra
20061,C020062,36,Male,Braga
20062,C020063,56,Female,Faro
20063,C020064,63,Male,Porto
20064,C020065,39,Female,Faro
20065,C020066,32,Other,Faro
20066,C020067,57,Male,Faro
20067,C020068,19,Male,Coimbra
20068,C020069,41,Female,Porto
20069,C020070,19,Male,Lisbon
20070,C020071,22,Male,Faro
20071,C020072,56,Female,Coimbra
20072,C020073,37,Female,Porto
20073,C020074,61,Other,Coimbra
20074,C020075,22,Male,Braga
20075,C020076,50,Male,Faro
20076,C020077,39,Male,Lisbon
20077,C020078,62,Female,Braga
20078,C020079,34,Male,Lisbon
20079,C020080,64,Female,Lisbon
20080,C020081,37,Other,Lisbon
20081,C020082,31,Other,Porto
20082,C020083,22,Female,Porto
20083,C020084,26,Female,Braga
20084,C020085,67,Male,Braga
20085,C020086,66,Female,Braga
20086,C020087,43,Female,Coimbra
20087,C020088,54,Male,Braga
20088,C020089,33,Male,Faro
20089,C020090,64,Male,Faro
20090,C020091,69,Male,Braga
20091,C020092,40,Female,Coimbra
20092,C020093,67,Female,Porto
20093,C020094,27,Female,Braga
20094,C020095,39,Male,Lisbon
20095,C020096,57,Male,Coimbra
20096,C020097,53,Male,Porto
20097,C020098,38,Other,Coimbra
20098,C020099,68,Female,Faro
20099,C020100,19,Male,Lisbon
20100,C020101,35,Male,Porto
20101,C020102,17,Female,Braga
20102,C020103,33,Other,Coimbra
20103,C020104,44,Other,Faro
20104,C020105,51,Male,Faro
20105,C020106,59,Other,Porto
20106,C020107,43,Other,Porto
20107,C020108,29,Male,Faro
20108,C020109,31,Male,Porto
20109,C020110,68,Other,Faro
20110,C020111,52,Male,Coimbra
20111,C020112,46,Other,Faro
20112,C020113,30,Other,Coimbra
20113,C020114,21,Male,Coimbra
20114,C020115,41,Female,Braga
20115,C020116,19,Female,Faro
20116,C020117,65,Female,Porto
20117,C020118,39,Other,Braga
20118,C020119,68,Other,Braga
20119,C020120,46,Other,Lisbon
20120,C020121,21,Other,Braga
20121,C020122,26,Male,Braga
20122,C020123,35,Male,Porto
20123,C020124,23,Female,Faro
20124,C020125,17,Other,Faro
20125,C020126,22,Male,Porto
20126,C020127,58,Male,Faro
20127,C020128,19,Other,Faro
20128,C020129,38,Male,Lisbon
20129,C020130,39,Male,Faro
20130,C020131,21,Other,Coimbra
20131,C020132,43,Other,Braga
20132,C020133,47,Other,Braga
20133,C020134,30,Male,Faro
20134,C020135,31,Other,Porto
20135,C020136,37,Other,Porto
20136,C020137,34,Female,Braga
20137,C020138,35,Male,Porto
20138,C020139,52,Female,Porto
20139,C020140,42,Female,Faro
20140,C020141,58,Female,Lisbon
20141,C020142,21,Female,Braga
20142,C020143,62,Other,Coimbra
20143,C020144,43,Female,Porto
20144,C020145,66,Other,Braga
20145,C020146,68,Male,Lisbon
20146,C020147,36,Male,Coimbra
20147,C020148,59,Other,Braga
20148,C020149,58,Other,Coimbra
20149,C020150,35,Male,Coimbra
20150,C020151,21,Male,Braga
20151,C020152,43,Female,Lisbon
20152,C020153,42,Other,Porto
20153,C020154,36,Other,Coimbra
20154,C020155,31,Male,Porto
20155,C020156,69,Male,Braga
20156,C020157,29,Male,Porto
20157,C020158,45,Female,Porto
20158,C020159,68,Male,Porto
20159,C020160,39,Unknown,Faro
20160,C020161,28,Male,Coimbra
20161,C020162,17,Other,Braga
20162,C020163,35,Other,Braga
20163,C020164,53,Male,Lisbon
20164,C020165,58,Male,Lisbon
20165,C020166,48,Female,Lisbon
20166,C020167,69,Female,Porto
20167,C020168,40,Other,Faro
20168,C020169,63,Other,Lisbon
20169,C020170,49,Female,Porto
20170,C020171,66,Female,Faro
20171,C020172,44,Female,Coimbra
20172,C020173,53,Male,Braga
20173,C020174,64,Male,Braga
20174,C020175,23,Male,Braga
20175,C020176,25,Female,Braga
20176,C020177,49,Other,Braga
20177,C020178,60,Male,Faro
20178,C020179,27,Female,Lisbon
20179,C020180,42,Other,Lisbon
20180,C020181,56,Male,Braga
20181,C020182,42,Female,Braga
20182,C020183,27,Other,Faro
20183,C020184,25,Other,Braga
20184,C020185,69,Female,Porto
20185,C020186,69,Male,Coimbra
20186,C020187,39,Male,Lisbon
20187,C020188,36,Male,Faro
20188,C020189,66,Female,Lisbon
20189,C020190,36,Other,Braga
20190,C020191,31,Female,Lisbon
20191,C020192,17,Female,Coimbra
20192,C020193,50,Other,Lisbon
20193,C020194,29,Other,Braga
20194,C020195,30,Other,Porto
20195,C020196,26,Other,Porto
20196,C020197,59,Female,Porto
20197,C020198,27,Female,Faro
20198,C020199,30,Other,Lisbon
20199,C020200,27,Male,Braga
20200,C020201,35,Other,Porto
20201,C020202,33,Male,Braga
20202,C020203,57,Female,Braga
20203,C020204,46,Other,Coimbra
20204,C020205,22,Male,Braga
20205,C020206,44,Male,Coimbra
20206,C020207,66,Male,Lisbon
20207,C020208,48,Other,Faro
20208,C020209,34,Male,Faro
20209,C020210,51,Female,Porto
20210,C020211,55,Other,Coimbra
20211,C020212,52,Male,Faro
20212,C020213,43,Male,Faro
20213,C020214,62,Male,Faro
20214,C020215,50,Other,Lisbon
20215,C020216,19,Other,Braga
20216,C020217,67,Male,Coimbra
20217,C020218,23,Male,Porto
20218,C020219,44,Other,Lisbon
20219,C020220,16,Female,Faro
20220,C020221,61,Other,Porto
20221,C020222,23,Female,Faro
20222,C020223,60,Other,Coimbra
20223,C020224,38,Male,Faro
20224,C020225,17,Other,Coimbra
20225,C020226,45,Male,Porto
20226,C020227,28,Other,Coimbra
20227,C020228,68,Female,Coimbra
20228,C020229,20,Male,Faro
20229,C020230,46,Female,Lisbon
20230,C020231,25,Female,Coimbra
20231,C020232,30,Male,Lisbon
20232,C020233,41,Male,Braga
20233,C020234,35,Male,Porto
20234,C020235,31,Female,Faro
20235,C020236,27,Female,Coimbra
20236,C020237,17,Female,Coimbra
20237,C020238,51,Male,Coimbra
20238,C020239,41,Other,Faro
20239,C020240,57,Male,Braga
20240,C020241,16,Other,Braga
20241,C020242,35,Other,Porto
20242,C020243,27,Female,Faro
20243,C020244,67,Female,Braga
20244,C020245,41,Female,Lisbon
20245,C020246,46,Female,Braga
20246,C020247,66,Female,Lisbon
20247,C020248,42,Other,Coimbra
20248,C020249,30,Male,Faro
20249,C020250,66,Other,Coimbra
20250,C020251,58,Female,Faro
20251,C020252,54,Female,Lisbon
20252,C020253,59,Other,Faro
20253,C020254,37,Female,Faro
20254,C020255,49,Male,Faro
20255,C020256,52,Other,Coimbra
20256,C020257,54,Female,Coimbra
20257,C020258,48,Other,Porto
20258,C020259,48,Other,Braga
20259,C020260,35,Female,Faro
20260,C020261,44,Other,Porto
20261,C020262,18,Female,Porto
20262,C020263,50,Female,Lisbon
20263,C020264,41,Female,Lisbon
20264,C020265,20,Female,Porto
20265,C020266,59,Male,Braga
20266,C020267,51,Other,Braga
20267,C020268,48,Male,Faro
20268,C020269,56,Female,Faro
20269,C020270,68,Male,Coimbra
20270,C020271,62,Other,Faro
20271,C020272,53,Other,Lisbon
20272,C020273,36,Male,Lisbon
20273,C020274,25,Female,Porto
20274,C020275,56,Male,Coimbra
20275,C020276,41,Male,Porto
20276,C020277,34,Other,Lisbon
20277,C020278,33,Other,Porto
20278,C020279,64,Other,Braga
20279,C020280,67,Other,Lisbon
20280,C020281,39,Male,Faro
20281,C020282,16,Other,Braga
20282,C020283,64,Other,Braga
20283,C020284,55,Female,Porto
20284,C020285,34,Male,Faro
20285,C020286,65,Male,Lisbon
20286,C020287,49,Male,Lisbon
20287,C020288,44,Other,Faro
20288,C020289,53,Other,Braga
20289,C020290,31,Male,Braga
20290,C020291,67,Male,Porto
20291,C020292,53,Other,Lisbon
20292,C020293,33,Male,Porto
20293,C020294,59,Female,Porto
20294,C020295,49,Other,Braga
20295,C020296,19,Female,Coimbra
20296,C020297,22,Other,Lisbon
20297,C020298,41,Female,Braga
20298,C020299,51,Female,Coimbra
20299,C020300,17,Other,Faro
20300,C020301,37,Other,Coimbra
20301,C020302,40,Other,Coimbra
20302,C020303,30,Female,Coimbra
20303,C020304,43,Other,Braga
20304,C020305,40,Male,Braga
20305,C020306,32,Female,Porto
20306,C020307,33,Other,Faro
20307,C020308,24,Male,Faro
20308,C020309,58,Other,Braga
20309,C020310,39,Male,Porto
20310,C020311,62,Female,Braga
20311,C020312,57,Male,Braga
20312,C020313,66,Other,Lisbon
20313,C020314,55,Male,Braga
20314,C020315,47,Other,Coimbra
20315,C020316,47,Male,Braga
20316,C020317,36,Other,Coimbra
20317,C020318,69,Other,Braga
20318,C020319,24,Male,Braga
20319,C020320,49,Male,Coimbra
20320,C020321,25,Male,Coimbra
20321,C020322,66,Other,Lisbon
20322,C020323,32,Male,Coimbra
20323,C020324,30,Female,Faro
20324,C020325,16,Female,Faro
20325,C020326,35,Male,Coimbra
20326,C020327,27,Female,Coimbra
20327,C020328,31,Female,Braga
20328,C020329,51,Other,Coimbra
20329,C020330,43,Male,Porto
20330,C020331,52,Other,Lisbon
20331,C020332,39,Other,Porto
20332,C020333,19,Female,Lisbon
20333,C020334,31,Female,Lisbon
20334,C020335,58,Female,Porto
20335,C020336,48,Other,Faro
20336,C020337,64,Male,Braga
20337,C020338,21,Other,Coimbra
20338,C020339,27,Male,Lisbon
20339,C020340,26,Other,Braga
20340,C020341,28,Male,Coimbra
20341,C020342,68,Male,Coimbra
20342,C020343,36,Male,Coimbra
20343,C020344,68,Other,Porto
20344,C020345,41,Male,Coimbra
20345,C020346,50,Other,Faro
20346,C020347,48,Male,Porto
20347,C020348,23,Female,Braga
20348,C020349,17,Other,Porto
20349,C020350,67,Male,Lisbon
20350,C020351,46,Male,Faro
20351,C020352,50,Other,Faro
20352,C020353,22,Female,Porto
20353,C020354,64,Female,Porto
20354,C020355,41,Male,Porto
20355,C020356,39,Female,Porto
20356,C020357,48,Male,Braga
20357,C020358,29,Male,Porto
20358,C020359,60,Other,Braga
20359,C020360,21,Other,Coimbra
20360,C020361,26,Female,Coimbra
20361,C020362,32,Male,Porto
20362,C020363,54,Female,Coimbra
20363,C020364,35,Male,Coimbra
20364,C020365,47,Male,Porto
20365,C020366,66,Other,Porto
20366,C020367,52,Other,Coimbra
20367,C020368,30,Other,Lisbon
20368,C020369,24,Other,Coimbra
20369,C020370,46,Other,Coimbra
20370,C020371,65,Other,Faro
20371,C020372,54,Male,Faro
20372,C020373,69,Male,Porto
20373,C020374,62,Female,Porto
20374,C020375,30,Male,Porto
20375,C020376,55,Other,Porto
20376,C020377,66,Male,Lisbon
20377,C020378,68,Male,Braga
20378,C020379,50,Male,Coimbra
20379,C020380,17,Male,Porto
20380,C020381,27,Other,Braga
20381,C020382,30,Male,Faro
20382,C020383,54,Female,Lisbon
20383,C020384,26,Female,Porto
20384,C020385,68,Female,Faro
20385,C020386,61,Male,Faro
20386,C020387,46,Female,Braga
20387,C020388,37,Other,Faro
20388,C020389,30,Male,Porto
20389,C020390,67,Male,Porto
20390,C020391,57,Female,Porto
20391,C020392,59,Male,Coimbra
20392,C020393,68,Other,Lisbon
20393,C020394,34,Female,Porto
20394,C020395,61,Male,Faro
20395,C020396,65,Other,Braga
20396,C020397,65,Other,Faro
20397,C020398,30,Other,Braga
20398,C020399,23,Female,Braga
20399,C020400,18,Male,Coimbra
20400,C020401,23,Female,Lisbon
20401,C020402,56,Male,Braga
20402,C020403,50,Male,Lisbon
20403,C020404,30,Male,Faro
20404,C020405,25,Male,Braga
20405,C020406,46,Female,Coimbra
20406,C020407,65,Male,Porto
20407,C020408,24,Female,Porto
20408,C020409,54,Male,Porto
20409,C020410,57,Other,Coimbra
20410,C020411,61,Female,Porto
20411,C020412,33,Other,Lisbon
20412,C020413,44,Male,Braga
20413,C020414,30,Female,Coimbra
20414,C020415,34,Male,Braga
20415,C020416,27,Male,Porto
20416,C020417,45,Other,Porto
20417,C020418,47,Other,Porto
20418,C020419,45,Female,Lisbon
20419,C020420,16,Female,Lisbon
20420,C020421,38,Other,Lisbon
20421,C020422,65,Unknown,Coimbra
20422,C020423,61,Other,Porto
20423,C020424,61,Male,Coimbra
20424,C020425,27,Other,Porto
20425,C020426,51,Female,Lisbon
20426,C020427,31,Female,Faro
20427,C020428,44,Male,Coimbra
20428,C020429,63,Female,Faro
20429,C020430,20,Male,Faro
20430,C020431,68,Male,Lisbon
20431,C020432,68,Female,Coimbra
20432,C020433,30,Other,Porto
20433,C020434,33,Other,Porto
20434,C020435,24,Male,Coimbra
20435,C020436,54,Other,Coimbra
20436,C020437,62,Female,Coimbra
20437,C020438,51,Male,Braga
20438,C020439,58,Female,Braga
20439,C020440,42,Male,Lisbon
20440,C020441,53,Other,Braga
20441,C020442,61,Other,Coimbra
20442,C020443,56,Male,Braga
20443,C020444,50,Male,Coimbra
20444,C020445,23,Other,Lisbon
20445,C020446,56,Female,Coimbra
20446,C020447,67,Male,Faro
20447,C020448,39,Other,Lisbon
20448,C020449,30,Other,Porto
20449,C020450,40,Male,Faro
20450,C020451,27,Other,Faro
20451,C020452,57,Female,Faro
20452,C020453,48,Female,Braga
20453,C020454,29,Other,Braga
20454,C020455,35,Male,Braga
20455,C020456,26,Other,Lisbon
20456,C020457,60,Other,Braga
20457,C020458,36,Female,Braga
20458,C020459,22,Other,Lisbon
20459,C020460,39,Other,Faro
20460,C020461,31,Male,Faro
20461,C020462,46,Other,Braga
20462,C020463,28,Other,Coimbra
20463,C020464,35,Other,Coimbra
20464,C020465,36,Female,Coimbra
20465,C020466,29,Other,Coimbra
20466,C020467,52,Other,Lisbon
20467,C020468,46,Female,Braga
20468,C020469,21,Female,Porto
20469,C020470,18,Other,Lisbon
20470,C020471,41,Male,Braga
20471,C020472,48,Other,Porto
20472,C020473,63,Other,Braga
20473,C020474,40,Other,Lisbon
20474,C020475,52,Other,Braga
20475,C020476,58,Male,Braga
20476,C020477,45,Other,Porto
20477,C020478,44,Other,Coimbra
20478,C020479,48,Female,Faro
20479,C020480,68,Female,Faro
20480,C020481,35,Female,Faro
20481,C020482,25,Other,Lisbon
20482,C020483,60,Male,Faro
20483,C020484,41,Male,Faro
20484,C020485,42,Other,Faro
20485,C020486,45,Other,Braga
20486,C020487,22,Other,Porto
20487,C020488,26,Female,Lisbon
20488,C020489,19,Female,Coimbra
20489,C020490,37,Female,Lisbon
20490,C020491,61,Other,Porto
20491,C020492,64,Male,Braga
20492,C020493,16,Female,Lisbon
20493,C020494,36,Other,Porto
20494,C020495,18,Male,Lisbon
20495,C020496,60,Other,Porto
20496,C020497,31,Male,Porto
20497,C020498,38,Female,Braga
20498,C020499,61,Female,Lisbon
20499,C020500,66,Other,Coimbra
20500,C020501,42,Other,Lisbon
20501,C020502,44,Male,Porto
20502,C020503,39,Male,Faro
20503,C020504,33,Male,Porto
20504,C020505,45,Female,Coimbra
20505,C020506,63,Female,Coimbra
20506,C020507,62,Other,Porto
20507,C020508,29,Other,Faro
20508,C020509,27,Female,Braga
20509,C020510,61,Other,Porto
20510,C020511,32,Other,Coimbra
20511,C020512,41,Female,Porto
20512,C020513,30,Male,Porto
20513,C020514,25,Other,Faro
20514,C020515,21,Other,Porto
20515,C020516,16,Other,Coimbra
20516,C020517,50,Other,Braga
20517,C020518,23,Male,Faro
20518,C020519,27,Other,Faro
20519,C020520,29,Female,Coimbra
20520,C020521,28,Male,Lisbon
20521,C020522,34,Female,Faro
20522,C020523,41,Other,Porto
20523,C020524,25,Male,Coimbra
20524,C020525,41,Male,Faro
20525,C020526,48,Male,Coimbra
20526,C020527,56,Male,Lisbon
20527,C020528,56,Female,Porto
20528,C020529,27,Female,Lisbon
20529,C020530,49,Other,Faro
20530,C020531,57,Other,Braga
20531,C020532,18,Male,Faro
20532,C020533,30,Other,Coimbra
20533,C020534,45,Other,Faro
20534,C020535,68,Other,Coimbra
20535,C020536,16,Other,Coimbra
20536,C020537,39,Female,Braga
20537,C020538,37,Female,Faro
20538,C020539,30,Other,Braga
20539,C020540,67,Female,Lisbon
20540,C020541,18,Other,Faro
20541,C020542,43,Female,Braga
20542,C020543,31,Other,Faro
20543,C020544,67,Male,Lisbon
20544,C020545,62,Other,Braga
20545,C020546,48,Female,Lisbon
20546,C020547,23,Female,Porto
20547,C020548,60,Female,Braga
20548,C020549,51,Male,Faro
20549,C020550,28,Other,Faro
20550,C020551,47,Female,Braga
20551,C020552,67,Male,Faro
20552,C020553,50,Female,Lisbon
20553,C020554,47,Female,Faro
20554,C020555,29,Female,Faro
20555,C020556,60,Female,Porto
20556,C020557,40,Other,Lisbon
20557,C020558,19,Female,Lisbon
20558,C020559,30,Female,Braga
20559,C020560,61,Other,Faro
20560,C020561,36,Male,Lisbon
20561,C020562,35,Male,Coimbra
20562,C020563,69,Unknown,Braga
20563,C020564,45,Female,Lisbon
20564,C020565,54,Female,Porto
20565,C020566,58,Female,Coimbra
20566,C020567,68,Male,Porto
20567,C020568,28,Female,Coimbra
20568,C020569,52,Other,Lisbon
20569,C020570,22,Other,Lisbon
20570,C020571,42,Male,Lisbon
20571,C020572,21,Female,Lisbon
20572,C020573,50,Male,Coimbra
20573,C020574,31,Other,Lisbon
20574,C020575,42,Male,Faro
20575,C020576,16,Other,Braga
20576,C020577,45,Female,Porto
20577,C020578,51,Other,Braga
20578,C020579,16,Male,Porto
20579,C020580,62,Other,Faro
20580,C020581,33,Male,Lisbon
20581,C020582,33,Male,Lisbon
20582,C020583,48,Female,Braga
20583,C020584,55,Male,Braga
20584,C020585,45,Female,Faro
20585,C020586,16,Other,Braga
20586,C020587,19,Male,Coimbra
20587,C020588,47,Other,Coimbra
20588,C020589,18,Female,Porto
20589,C020590,63,Male,Coimbra
20590,C020591,64,Female,Coimbra
20591,C020592,46,Female,Braga
20592,C020593,33,Female,Braga
20593,C020594,62,Male,Lisbon
20594,C020595,34,Male,Coimbra
20595,C020596,51,Other,Porto
20596,C020597,44,Male,Coimbra
20597,C020598,54,Male,Lisbon
20598,C020599,66,Female,Faro
20599,C020600,51,Male,Faro
20600,C020601,53,Male,Faro
20601,C020602,17,Other,Lisbon
20602,C020603,39,Female,Faro
20603,C020604,30,Female,Lisbon
20604,C020605,34,Male,Coimbra
20605,C020606,18,Female,Faro
20606,C020607,16,Female,Braga
20607,C020608,66,Male,Coimbra
20608,C020609,68,Female,Braga
20609,C020610,42,Male,Porto
20610,C020611,17,Other,Faro
20611,C020612,45,Female,Lisbon
20612,C020613,47,Male,Faro
20613,C020614,68,Other,Braga
20614,C020615,33,Male,Lisbon
20615,C020616,20,Male,Lisbon
20616,C020617,56,Male,Porto
20617,C020618,28,Male,Porto
20618,C020619,54,Male,Faro
20619,C020620,65,Male,Coimbra
20620,C020621,46,Male,Porto
20621,C020622,68,Female,Porto
20622,C020623,31,Other,Porto
20623,C020624,20,Male,Lisbon
20624,C020625,46,Other,Coimbra
20625,C020626,41,Male,Braga
20626,C020627,55,Female,Faro
20627,C020628,63,Other,Braga
20628,C020629,22,Male,Porto
20629,C020630,48,Female,Porto
20630,C020631,59,Female,Braga
20631,C020632,18,Other,Braga
20632,C020633,19,Female,Coimbra
20633,C020634,66,Other,Porto
20634,C020635,66,Female,Lisbon
20635,C020636,68,Male,Coimbra
20636,C020637,22,Other,Faro
20637,C020638,56,Male,Lisbon
20638,C020639,51,Other,Porto
20639,C020640,63,Male,Faro
20640,C020641,67,Female,Porto
20641,C020642,61,Male,Porto
20642,C020643,65,Male,Braga
20643,C020644,53,Male,Braga
20644,C020645,62,Female,Coimbra
20645,C020646,33,Male,Porto
20646,C020647,68,Female,Lisbon
20647,C020648,52,Other,Lisbon
20648,C020649,50,Male,Porto
20649,C020650,69,Female,Braga
20650,C020651,37,Other,Faro
20651,C020652,37,Other,Lisbon
20652,C020653,47,Male,Lisbon
20653,C020654,35,Male,Braga
20654,C020655,57,Male,Braga
20655,C020656,20,Male,Braga
20656,C020657,61,Male,Coimbra
20657,C020658,28,Other,Braga
20658,C020659,68,Other,Faro
20659,C020660,60,Female,Porto
20660,C020661,66,Female,Faro
20661,C020662,61,Male,Coimbra
20662,C020663,55,Male,Porto
20663,C020664,22,Male,Coimbra
20664,C020665,58,Other,Lisbon
20665,C020666,16,Male,Braga
20666,C020667,18,Other,Lisbon
20667,C020668,38,Other,Coimbra
20668,C020669,69,Other,Faro
20669,C020670,51,Male,Lisbon
20670,C020671,52,Female,Coimbra
20671,C020672,54,Female,Coimbra
20672,C020673,42,Unknown,Lisbon
20673,C020674,66,Male,Coimbra
20674,C020675,36,Female,Coimbra
20675,C020676,21,Male,Lisbon
20676,C020677,38,Other,Faro
20677,C020678,21,Female,Faro
20678,C020679,49,Male,Lisbon
20679,C020680,45,Male,Porto
20680,C020681,58,Male,Faro
20681,C020682,56,Male,Faro
20682,C020683,63,Male,Lisbon
20683,C020684,25,Male,Lisbon
20684,C020685,45,Other,Braga
20685,C020686,29,Male,Coimbra
20686,C020687,20,Female,Faro
20687,C020688,23,Other,Porto
20688,C020689,23,Female,Coimbra
20689,C020690,38,Female,Porto
20690,C020691,21,Male,Braga
20691,C020692,30,Other,Porto
20692,C020693,58,Female,Coimbra
20693,C020694,28,Male,Faro
20694,C020695,58,Female,Faro
20695,C020696,55,Unknown,Faro
20696,C020697,46,Other,Coimbra
20697,C020698,35,Female,Coimbra
20698,C020699,57,Male,Porto
20699,C020700,55,Female,Faro
20700,C020701,60,Male,Coimbra
20701,C020702,60,Female,Coimbra
20702,C020703,19,Male,Faro
20703,C020704,47,Male,Faro
20704,C020705,47,Male,Porto
20705,C020706,41,Female,Lisbon
20706,C020707,44,Female,Braga
20707,C020708,44,Other,Faro
20708,C020709,42,Female,Braga
20709,C020710,42,Other,Porto
20710,C020711,18,Female,Porto
20711,C020712,63,Other,Coimbra
20712,C020713,38,Female,Porto
20713,C020714,47,Other,Faro
20714,C020715,27,Other,Lisbon
20715,C020716,16,Other,Braga
20716,C020717,35,Other,Lisbon
20717,C020718,44,Male,Porto
20718,C020719,29,Female,Porto
20719,C020720,23,Other,Lisbon
20720,C020721,41,Male,Faro
20721,C020722,52,Female,Coimbra
20722,C020723,27,Male,Lisbon
20723,C020724,41,Other,Coimbra
20724,C020725,26,Female,Coimbra
20725,C020726,23,Male,Lisbon
20726,C020727,47,Male,Braga
20727,C020728,63,Male,Braga
20728,C020729,55,Male,Lisbon
20729,C020730,46,Male,Coimbra
20730,C020731,32,Female,Coimbra
20731,C020732,39,Female,Faro
20732,C020733,37,Male,Faro
20733,C020734,33,Male,Lisbon
20734,C020735,37,Other,Faro
20735,C020736,40,Female,Porto
20736,C020737,40,Female,Braga
20737,C020738,63,Other,Lisbon
20738,C020739,63,Other,Lisbon
20739,C020740,48,Other,Faro
20740,C020741,66,Female,Braga
20741,C020742,57,Female,Braga
20742,C020743,63,Other,Porto
20743,C020744,66,Male,Lisbon
20744,C020745,50,Female,Braga
20745,C020746,67,Female,Braga
20746,C020747,29,Male,Lisbon
20747,C020748,30,Other,Braga
20748,C020749,51,Other,Porto
20749,C020750,43,Female,Porto
20750,C020751,50,Other,Porto
20751,C020752,62,Female,Porto
20752,C020753,36,Male,Coimbra
20753,C020754,30,Other,Lisbon
20754,C020755,30,Other,Coimbra
20755,C020756,68,Other,Faro
20756,C020757,25,Other,Porto
20757,C020758,62,Male,Faro
20758,C020759,63,Female,Porto
20759,C020760,33,Female,Porto
20760,C020761,34,Female,Braga
20761,C020762,31,Other,Faro
20762,C020763,68,Male,Coimbra
20763,C020764,47,Female,Braga
20764,C020765,40,Unknown,Coimbra
20765,C020766,67,Male,Coimbra
20766,C020767,28,Other,Lisbon
20767,C020768,39,Other,Porto
20768,C020769,30,Male,Lisbon
20769,C020770,59,Other,Lisbon
20770,C020771,47,Male,Porto
20771,C020772,30,Other,Lisbon
20772,C020773,42,Other,Coimbra
20773,C020774,34,Male,Coimbra
20774,C020775,52,Female,Faro
20775,C020776,53,Other,Porto
20776,C020777,47,Female,Lisbon
20777,C020778,40,Male,Faro
20778,C020779,47,Male,Porto
20779,C020780,54,Male,Porto
20780,C020781,55,Female,Lisbon
20781,C020782,36,Other,Braga
20782,C020783,56,Female,Braga
20783,C020784,50,Male,Braga
20784,C020785,37,Male,Lisbon
20785,C020786,52,Male,Coimbra
20786,C020787,26,Male,Lisbon
20787,C020788,59,Other,Braga
20788,C020789,63,Male,Coimbra
20789,C020790,29,Female,Porto
20790,C020791,61,Male,Coimbra
20791,C020792,69,Other,Faro
20792,C020793,51,Female,Faro
20793,C020794,21,Male,Faro
20794,C020795,35,Other,Faro
20795,C020796,54,Female,Faro
20796,C020797,33,Female,Braga
20797,C020798,48,Other,Lisbon
20798,C020799,69,Female,Coimbra
20799,C020800,41,Male,Lisbon
20800,C020801,23,Female,Faro
20801,C020802,54,Male,Faro
20802,C020803,57,Other,Coimbra
20803,C020804,39,Female,Faro
20804,C020805,63,Other,Porto
20805,C020806,54,Female,Porto
20806,C020807,31,Female,Coimbra
20807,C020808,56,Female,Coimbra
20808,C020809,43,Female,Lisbon
20809,C020810,35,Female,Porto
20810,C020811,21,Female,Porto
20811,C020812,42,Male,Porto
20812,C020813,57,Male,Lisbon
20813,C020814,50,Other,Braga
20814,C020815,44,Other,Lisbon
20815,C020816,19,Female,Braga
20816,C020817,34,Other,Braga
20817,C020818,30,Male,Faro
20818,C020819,64,Female,Porto
20819,C020820,45,Female,Braga
20820,C020821,63,Male,Braga
20821,C020822,51,Female,Coimbra
20822,C020823,28,Other,Faro
20823,C020824,69,Other,Porto
20824,C020825,28,Female,Lisbon
20825,C020826,28,Other,Faro
20826,C020827,31,Female,Faro
20827,C020828,23,Male,Coimbra
20828,C020829,63,Female,Faro
20829,C020830,42,Female,Porto
20830,C020831,64,Male,Braga
20831,C020832,34,Female,Porto
20832,C020833,17,Other,Coimbra
20833,C020834,48,Male,Porto
20834,C020835,41,Female,Lisbon
20835,C020836,26,Male,Braga
20836,C020837,38,Female,Faro
20837,C020838,33,Other,Lisbon
20838,C020839,56,Other,Braga
20839,C020840,63,Other,Porto
20840,C020841,66,Female,Porto
20841,C020842,22,Female,Lisbon
20842,C020843,20,Female,Porto
20843,C020844,31,Female,Porto
20844,C020845,23,Female,Faro
20845,C020846,51,Other,Porto
20846,C020847,65,Male,Lisbon
20847,C020848,40,Male,Faro
20848,C020849,53,Female,Lisbon
20849,C020850,53,Female,Faro
20850,C020851,69,Other,Porto
20851,C020852,25,Other,Porto
20852,C020853,61,Other,Faro
20853,C020854,65,Other,Porto
20854,C020855,43,Male,Porto
20855,C020856,48,Other,Faro
20856,C020857,18,Male,Faro
20857,C020858,34,Male,Coimbra
20858,C020859,52,Female,Faro
20859,C020860,26,Other,Lisbon
20860,C020861,44,Female,Faro
20861,C020862,46,Female,Porto
20862,C020863,19,Female,Coimbra
20863,C020864,64,Female,Porto
20864,C020865,47,Male,Coimbra
20865,C020866,19,Male,Lisbon
20866,C020867,28,Other,Faro
20867,C020868,23,Male,Lisbon
20868,C020869,68,Female,Porto
20869,C020870,38,Other,Braga
20870,C020871,22,Female,Faro
20871,C020872,64,Other,Lisbon
20872,C020873,60,Female,Faro
20873,C020874,17,Male,Braga
20874,C020875,35,Male,Faro
20875,C020876,68,Male,Porto
20876,C020877,30,Female,Lisbon
20877,C020878,46,Male,Coimbra
20878,C020879,27,Female,Faro
20879,C020880,39,Female,Porto
20880,C020881,16,Female,Lisbon
20881,C020882,26,Male,Faro
20882,C020883,30,Male,Faro
20883,C020884,46,Other,Lisbon
20884,C020885,37,Other,Faro
20885,C020886,39,Male,Faro
20886,C020887,47,Other,Porto
20887,C020888,53,Male,Porto
20888,C020889,57,Female,Porto
20889,C020890,59,Female,Braga
20890,C020891,16,Female,Braga
20891,C020892,16,Male,Faro
20892,C020893,55,Female,Braga
20893,C020894,20,Other,Faro
20894,C020895,23,Female,Porto
20895,C020896,25,Other,Lisbon
20896,C020897,56,Male,Porto
20897,C020898,38,Male,Faro
20898,C020899,60,Female,Faro
20899,C020900,31,Female,Lisbon
20900,C020901,49,Other,Lisbon
20901,C020902,25,Other,Porto
20902,C020903,29,Female,Braga
20903,C020904,69,Other,Faro
20904,C020905,22,Other,Braga
20905,C020906,18,Male,Porto
20906,C020907,56,Other,Coimbra
20907,C020908,19,Female,Lisbon
20908,C020909,38,Female,Braga
20909,C020910,23,Female,Faro
20910,C020911,31,Male,Lisbon
20911,C020912,55,Female,Faro
20912,C020913,39,Other,Braga
20913,C020914,36,Male,Coimbra
20914,C020915,33,Male,Lisbon
20915,C020916,33,Other,Lisbon
20916,C020917,46,Male,Braga
20917,C020918,53,Female,Lisbon
20918,C020919,32,Male,Lisbon
20919,C020920,48,Female,Faro
20920,C020921,53,Female,Lisbon
20921,C020922,25,Male,Braga
20922,C020923,20,Female,Lisbon
20923,C020924,64,Female,Faro
20924,C020925,52,Female,Coimbra
20925,C020926,38,Female,Coimbra
20926,C020927,34,Female,Porto
20927,C020928,45,Other,Porto
20928,C020929,18,Female,Porto
20929,C020930,22,Male,Faro
20930,C020931,69,Other,Coimbra
20931,C020932,54,Female,Porto
20932,C020933,36,Female,Coimbra
20933,C020934,54,Male,Porto
20934,C020935,52,Female,Porto
20935,C020936,59,Other,Coimbra
20936,C020937,26,Male,Coimbra
20937,C020938,28,Other,Lisbon
20938,C020939,69,Female,Faro
20939,C020940,61,Female,Lisbon
20940,C020941,52,Female,Lisbon
20941,C020942,47,Male,Lisbon
20942,C020943,37,Female,Braga
20943,C020944,29,Male,Faro
20944,C020945,24,Female,Coimbra
20945,C020946,62,Male,Coimbra
20946,C020947,59,Female,Porto
20947,C020948,40,Male,Lisbon
20948,C020949,34,Other,Coimbra
20949,C020950,60,Other,Lisbon
20950,C020951,24,Other,Faro
20951,C020952,19,Male,Faro
20952,C020953,51,Male,Porto
20953,C020954,56,Other,Lisbon
20954,C020955,43,Male,Coimbra
20955,C020956,69,Male,Lisbon
20956,C020957,34,Male,Porto
20957,C020958,21,Female,Faro
20958,C020959,26,Female,Braga
20959,C020960,63,Female,Coimbra
20960,C020961,46,Male,Coimbra
20961,C020962,63,Female,Coimbra
20962,C020963,36,Male,Porto
20963,C020964,23,Female,Porto
20964,C020965,17,Male,Faro
20965,C020966,38,Male,Coimbra
20966,C020967,35,Other,Coimbra
20967,C020968,64,Other,Braga
20968,C020969,61,Male,Coimbra
20969,C020970,22,Male,Porto
20970,C020971,47,Female,Braga
20971,C020972,43,Other,Braga
20972,C020973,32,Female,Braga
20973,C020974,59,Other,Braga
20974,C020975,49,Male,Faro
20975,C020976,18,Male,Lisbon
20976,C020977,20,Male,Porto
20977,C020978,64,Female,Lisbon
20978,C020979,32,Male,Faro
20979,C020980,58,Female,Braga
20980,C020981,54,Female,Porto
20981,C020982,42,Female,Coimbra
20982,C020983,31,Male,Porto
20983,C020984,37,Male,Braga
20984,C020985,58,Male,Faro
20985,C020986,44,Other,Braga
20986,C020987,58,Female,Lisbon
20987,C020988,65,Male,Lisbon
20988,C020989,66,Male,Lisbon
20989,C020990,36,Male,Braga
20990,C020991,17,Other,Braga
20991,C020992,54,Male,Braga
20992,C020993,51,Other,Coimbra
20993,C020994,43,Female,Faro
20994,C020995,33,Male,Faro
20995,C020996,34,Other,Coimbra
20996,C020997,36,Female,Coimbra
20997,C020998,36,Female,Braga
20998,C020999,68,Other,Coimbra
20999,C021000,53,Other,Coimbra
21000,C021001,16,Female,Lisbon
21001,C021002,65,Female,Faro
21002,C021003,20,Female,Braga
21003,C021004,64,Unknown,Coimbra
21004,C021005,48,Female,Braga
21005,C021006,16,Other,Lisbon
21006,C021007,44,Male,Faro
21007,C021008,47,Other,Braga
21008,C021009,64,Male,Braga
21009,C021010,19,Female,Coimbra
21010,C021011,33,Male,Lisbon
21011,C021012,62,Other,Lisbon
21012,C021013,34,Female,Lisbon
21013,C021014,24,Male,Braga
21014,C021015,65,Other,Braga
21015,C021016,46,Other,Porto
21016,C021017,54,Other,Braga
21017,C021018,35,Other,Faro
21018,C021019,57,Female,Lisbon
21019,C021020,16,Male,Braga
21020,C021021,57,Male,Braga
21021,C021022,34,Female,Coimbra
21022,C021023,67,Female,Braga
21023,C021024,29,Female,Braga
21024,C021025,35,Other,Lisbon
21025,C021026,48,Other,Coimbra
21026,C021027,35,Other,Braga
21027,C021028,59,Other,Braga
21028,C021029,20,Other,Lisbon
21029,C021030,66,Unknown,Coimbra
21030,C021031,67,Male,Coimbra
21031,C021032,27,Female,Coimbra
21032,C021033,29,Other,Braga
21033,C021034,42,Other,Lisbon
21034,C021035,47,Male,Coimbra
21035,C021036,61,Female,Lisbon
21036,C021037,38,Other,Faro
21037,C021038,57,Female,Braga
21038,C021039,45,Female,Lisbon
21039,C021040,66,Male,Lisbon
21040,C021041,55,Other,Braga
21041,C021042,29,Male,Faro
21042,C021043,58,Other,Coimbra
21043,C021044,38,Female,Faro
21044,C021045,16,Female,Braga
21045,C021046,21,Female,Lisbon
21046,C021047,65,Female,Faro
21047,C021048,64,Other,Coimbra
21048,C021049,50,Female,Lisbon
21049,C021050,46,Male,Braga
21050,C021051,27,Other,Porto
21051,C021052,69,Male,Porto
21052,C021053,26,Female,Braga
21053,C021054,26,Male,Porto
21054,C021055,51,Male,Porto
21055,C021056,44,Other,Porto
21056,C021057,61,Other,Braga
21057,C021058,16,Male,Faro
21058,C021059,39,Female,Lisbon
21059,C021060,61,Other,Lisbon
21060,C021061,60,Female,Braga
21061,C021062,52,Female,Faro
21062,C021063,32,Other,Porto
21063,C021064,19,Other,Braga
21064,C021065,16,Female,Porto
21065,C021066,69,Female,Coimbra
21066,C021067,41,Other,Braga
21067,C021068,33,Other,Coimbra
21068,C021069,59,Male,Lisbon
21069,C021070,17,Male,Coimbra
21070,C021071,56,Male,Porto
21071,C021072,21,Other,Braga
21072,C021073,58,Male,Braga
21073,C021074,45,Other,Lisbon
21074,C021075,69,Female,Coimbra
21075,C021076,17,Other,Braga
21076,C021077,41,Female,Coimbra
21077,C021078,31,Other,Porto
21078,C021079,39,Female,Faro
21079,C021080,61,Other,Faro
21080,C021081,68,Other,Porto
21081,C021082,63,Other,Lisbon
21082,C021083,58,Other,Lisbon
21083,C021084,28,Male,Porto
21084,C021085,51,Male,Porto
21085,C021086,59,Female,Faro
21086,C021087,61,Other,Braga
21087,C021088,36,Male,Lisbon
21088,C021089,25,Other,Braga
21089,C021090,53,Other,Coimbra
21090,C021091,50,Other,Faro
21091,C021092,64,Male,Lisbon
21092,C021093,37,Other,Faro
21093,C021094,60,Other,Coimbra
21094,C021095,49,Male,Coimbra
21095,C021096,26,Female,Coimbra
21096,C021097,57,Female,Lisbon
21097,C021098,67,Other,Lisbon
21098,C021099,22,Female,Braga
21099,C021100,56,Female,Faro
21100,C021101,65,Female,Coimbra
21101,C021102,53,Male,Faro
21102,C021103,46,Other,Coimbra
21103,C021104,50,Male,Faro
21104,C021105,16,Male,Coimbra
21105,C021106,24,Other,Faro
21106,C021107,21,Female,Coimbra
21107,C021108,44,Other,Lisbon
21108,C021109,55,Other,Lisbon
21109,C021110,44,Female,Coimbra
21110,C021111,65,Other,Coimbra
21111,C021112,25,Male,Braga
21112,C021113,37,Other,Braga
21113,C021114,44,Female,Lisbon
21114,C021115,25,Other,Lisbon
21115,C021116,67,Other,Braga
21116,C021117,40,Male,Faro
21117,C021118,65,Male,Porto
21118,C021119,39,Male,Braga
21119,C021120,38,Female,Coimbra
21120,C021121,67,Other,Faro
21121,C021122,20,Female,Braga
21122,C021123,59,Female,Porto
21123,C021124,55,Male,Lisbon
21124,C021125,67,Male,Lisbon
21125,C021126,42,Other,Braga
21126,C021127,58,Female,Porto
21127,C021128,58,Female,Porto
21128,C021129,65,Male,Braga
21129,C021130,38,Female,Porto
21130,C021131,53,Other,Faro
21131,C021132,17,Other,Porto
21132,C021133,28,Other,Faro
21133,C021134,42,Other,Faro
21134,C021135,33,Female,Coimbra
21135,C021136,23,Male,Porto
21136,C021137,52,Other,Faro
21137,C021138,22,Male,Coimbra
21138,C021139,31,Male,Lisbon
21139,C021140,33,Male,Porto
21140,C021141,31,Male,Braga
21141,C021142,58,Other,Lisbon
21142,C021143,66,Male,Braga
21143,C021144,45,Male,Braga
21144,C021145,29,Male,Faro
21145,C021146,29,Male,Porto
21146,C021147,31,Other,Lisbon
21147,C021148,52,Male,Lisbon
21148,C021149,36,Female,Porto
21149,C021150,23,Other,Faro
21150,C021151,55,Other,Porto
21151,C021152,45,Unknown,Coimbra
21152,C021153,20,Male,Lisbon
21153,C021154,28,Male,Braga
21154,C021155,19,Other,Coimbra
21155,C021156,54,Male,Lisbon
21156,C021157,21,Male,Coimbra
21157,C021158,62,Other,Coimbra
21158,C021159,60,Male,Lisbon
21159,C021160,43,Other,Porto
21160,C021161,33,Other,Braga
21161,C021162,46,Female,Lisbon
21162,C021163,37,Other,Lisbon
21163,C021164,42,Male,Lisbon
21164,C021165,44,Unknown,Coimbra
21165,C021166,50,Male,Porto
21166,C021167,50,Male,Braga
21167,C021168,53,Female,Coimbra
21168,C021169,65,Female,Braga
21169,C021170,28,Other,Coimbra
21170,C021171,29,Male,Lisbon
21171,C021172,47,Male,Lisbon
21172,C021173,31,Other,Braga
21173,C021174,47,Other,Faro
21174,C021175,21,Male,Braga
21175,C021176,56,Female,Faro
21176,C021177,63,Other,Coimbra
21177,C021178,56,Other,Coimbra
21178,C021179,60,Female,Faro
21179,C021180,31,Other,Lisbon
21180,C021181,23,Male,Porto
21181,C021182,51,Male,Faro
21182,C021183,37,Other,Braga
21183,C021184,55,Female,Lisbon
21184,C021185,36,Other,Faro
21185,C021186,57,Other,Coimbra
21186,C021187,29,Male,Porto
21187,C021188,66,Female,Faro
21188,C021189,25,Other,Braga
21189,C021190,49,Female,Coimbra
21190,C021191,28,Male,Porto
21191,C021192,68,Other,Braga
21192,C021193,46,Male,Porto
21193,C021194,58,Male,Lisbon
21194,C021195,54,Female,Braga
21195,C021196,33,Male,Faro
21196,C021197,48,Male,Lisbon
21197,C021198,29,Other,Lisbon
21198,C021199,52,Other,Braga
21199,C021200,23,Other,Braga
21200,C021201,30,Other,Coimbra
21201,C021202,40,Female,Porto
21202,C021203,61,Other,Lisbon
21203,C021204,45,Male,Lisbon
21204,C021205,53,Other,Porto
21205,C021206,51,Male,Faro
21206,C021207,54,Female,Coimbra
21207,C021208,16,Male,Faro
21208,C021209,59,Other,Lisbon
21209,C021210,37,Female,Coimbra
21210,C021211,29,Female,Braga
21211,C021212,51,Female,Coimbra
21212,C021213,31,Female,Braga
21213,C021214,26,Male,Faro
21214,C021215,57,Other,Coimbra
21215,C021216,17,Male,Lisbon
21216,C021217,16,Male,Porto
21217,C021218,55,Male,Braga
21218,C021219,36,Male,Faro
21219,C021220,61,Female,Lisbon
21220,C021221,19,Other,Coimbra
21221,C021222,41,Other,Lisbon
21222,C021223,68,Male,Coimbra
21223,C021224,60,Male,Porto
21224,C021225,34,Female,Braga
21225,C021226,56,Other,Porto
21226,C021227,28,Male,Braga
21227,C021228,67,Other,Lisbon
21228,C021229,60,Male,Lisbon
21229,C021230,39,Female,Faro
21230,C021231,54,Male,Porto
21231,C021232,31,Female,Coimbra
21232,C021233,67,Female,Braga
21233,C021234,22,Other,Faro
21234,C021235,44,Female,Faro
21235,C021236,60,Female,Faro
21236,C021237,48,Female,Lisbon
21237,C021238,53,Female,Porto
21238,C021239,28,Male,Porto
21239,C021240,30,Male,Braga
21240,C021241,31,Other,Faro
21241,C021242,63,Female,Porto
21242,C021243,67,Male,Faro
21243,C021244,64,Other,Coimbra
21244,C021245,61,Female,Coimbra
21245,C021246,67,Other,Faro
21246,C021247,46,Female,Faro
21247,C021248,29,Male,Coimbra
21248,C021249,60,Female,Braga
21249,C021250,24,Male,Lisbon
21250,C021251,48,Other,Coimbra
21251,C021252,50,Male,Faro
21252,C021253,68,Other,Braga
21253,C021254,32,Male,Coimbra
21254,C021255,47,Female,Lisbon
21255,C021256,40,Other,Braga
21256,C021257,50,Female,Faro
21257,C021258,42,Male,Braga
21258,C021259,32,Male,Coimbra
21259,C021260,21,Male,Porto
21260,C021261,34,Other,Braga
21261,C021262,50,Female,Lisbon
21262,C021263,34,Female,Braga
21263,C021264,39,Male,Coimbra
21264,C021265,58,Male,Porto
21265,C021266,61,Male,Porto
21266,C021267,45,Male,Faro
21267,C021268,18,Female,Coimbra
21268,C021269,19,Other,Braga
21269,C021270,60,Other,Faro
21270,C021271,19,Male,Porto
21271,C021272,21,Female,Lisbon
21272,C021273,62,Male,Porto
21273,C021274,45,Other,Lisbon
21274,C021275,42,Male,Faro
21275,C021276,40,Female,Porto
21276,C021277,54,Female,Lisbon
21277,C021278,64,Male,Coimbra
21278,C021279,65,Male,Faro
21279,C021280,59,Female,Porto
21280,C021281,39,Female,Porto
21281,C021282,25,Male,Coimbra
21282,C021283,54,Female,Lisbon
21283,C021284,29,Other,Faro
21284,C021285,67,Male,Porto
21285,C021286,18,Male,Braga
21286,C021287,22,Male,Faro
21287,C021288,26,Other,Faro
21288,C021289,34,Male,Porto
21289,C021290,59,Male,Faro
21290,C021291,27,Other,Braga
21291,C021292,37,Other,Lisbon
21292,C021293,60,Female,Coimbra
21293,C021294,65,Female,Porto
21294,C021295,22,Female,Coimbra
21295,C021296,22,Female,Lisbon
21296,C021297,52,Female,Coimbra
21297,C021298,34,Male,Faro
21298,C021299,62,Male,Porto
21299,C021300,39,Unknown,Lisbon
21300,C021301,47,Other,Faro
21301,C021302,55,Male,Faro
21302,C021303,18,Male,Lisbon
21303,C021304,26,Male,Braga
21304,C021305,63,Male,Braga
21305,C021306,22,Female,Faro
21306,C021307,54,Female,Porto
21307,C021308,65,Male,Porto
21308,C021309,43,Female,Faro
21309,C021310,17,Male,Coimbra
21310,C021311,44,Female,Braga
21311,C021312,27,Male,Faro
21312,C021313,17,Other,Porto
21313,C021314,28,Female,Porto
21314,C021315,68,Other,Lisbon
21315,C021316,57,Male,Porto
21316,C021317,64,Female,Porto
21317,C021318,43,Female,Braga
21318,C021319,22,Female,Porto
21319,C021320,42,Other,Porto
21320,C021321,16,Male,Porto
21321,C021322,43,Male,Lisbon
21322,C021323,36,Female,Lisbon
21323,C021324,69,Male,Porto
21324,C021325,17,Male,Porto
21325,C021326,66,Other,Lisbon
21326,C021327,55,Male,Faro
21327,C021328,61,Other,Porto
21328,C021329,38,Female,Lisbon
21329,C021330,33,Male,Faro
21330,C021331,61,Male,Coimbra
21331,C021332,69,Other,Lisbon
21332,C021333,59,Other,Porto
21333,C021334,56,Male,Braga
21334,C021335,19,Female,Coimbra
21335,C021336,22,Female,Lisbon
21336,C021337,25,Male,Lisbon
21337,C021338,66,Other,Coimbra
21338,C021339,56,Male,Porto
21339,C021340,61,Other,Faro
21340,C021341,37,Other,Faro
21341,C021342,32,Female,Coimbra
21342,C021343,66,Male,Lisbon
21343,C021344,21,Other,Lisbon
21344,C021345,50,Male,Porto
21345,C021346,51,Male,Braga
21346,C021347,56,Female,Coimbra
21347,C021348,61,Male,Braga
21348,C021349,36,Other,Lisbon
21349,C021350,50,Female,Lisbon
21350,C021351,29,Male,Lisbon
21351,C021352,44,Other,Faro
21352,C021353,17,Female,Lisbon
21353,C021354,43,Other,Coimbra
21354,C021355,68,Other,Coimbra
21355,C021356,46,Male,Lisbon
21356,C021357,41,Female,Coimbra
21357,C021358,55,Female,Faro
21358,C021359,51,Female,Faro
21359,C021360,19,Female,Braga
21360,C021361,22,Other,Faro
21361,C021362,52,Other,Porto
21362,C021363,42,Male,Lisbon
21363,C021364,59,Unknown,Lisbon
21364,C021365,65,Other,Lisbon
21365,C021366,44,Other,Lisbon
21366,C021367,16,Female,Braga
21367,C021368,34,Other,Porto
21368,C021369,28,Male,Faro
21369,C021370,47,Female,Coimbra
21370,C021371,69,Female,Lisbon
21371,C021372,21,Male,Coimbra
21372,C021373,47,Unknown,Lisbon
21373,C021374,38,Male,Porto
21374,C021375,36,Female,Faro
21375,C021376,59,Female,Faro
21376,C021377,37,Male,Porto
21377,C021378,56,Female,Coimbra
21378,C021379,25,Male,Lisbon
21379,C021380,69,Other,Faro
21380,C021381,57,Other,Porto
21381,C021382,41,Male,Coimbra
21382,C021383,21,Female,Faro
21383,C021384,58,Male,Faro
21384,C021385,53,Other,Lisbon
21385,C021386,32,Male,Braga
21386,C021387,67,Female,Braga
21387,C021388,44,Other,Faro
21388,C021389,40,Male,Faro
21389,C021390,50,Other,Coimbra
21390,C021391,22,Other,Lisbon
21391,C021392,58,Male,Lisbon
21392,C021393,37,Male,Porto
21393,C021394,38,Other,Braga
21394,C021395,37,Female,Faro
21395,C021396,31,Male,Lisbon
21396,C021397,37,Male,Coimbra
21397,C021398,25,Other,Faro
21398,C021399,62,Female,Porto
21399,C021400,23,Female,Porto
21400,C021401,65,Female,Coimbra
21401,C021402,31,Male,Lisbon
21402,C021403,59,Female,Faro
21403,C021404,67,Other,Braga
21404,C021405,61,Male,Coimbra
21405,C021406,45,Male,Coimbra
21406,C021407,67,Male,Lisbon
21407,C021408,47,Female,Coimbra
21408,C021409,32,Male,Lisbon
21409,C021410,30,Female,Coimbra
21410,C021411,49,Other,Porto
21411,C021412,20,Male,Braga
21412,C021413,44,Female,Braga
21413,C021414,42,Female,Porto
21414,C021415,35,Male,Coimbra
21415,C021416,31,Female,Lisbon
21416,C021417,38,Male,Lisbon
21417,C021418,56,Male,Lisbon
21418,C021419,34,Other,Braga
21419,C021420,39,Male,Braga
21420,C021421,18,Female,Braga
21421,C021422,60,Other,Faro
21422,C021423,59,Other,Coimbra
21423,C021424,69,Female,Lisbon
21424,C021425,23,Female,Coimbra
21425,C021426,64,Female,Lisbon
21426,C021427,47,Male,Lisbon
21427,C021428,45,Female,Faro
21428,C021429,17,Other,Lisbon
21429,C021430,36,Male,Faro
21430,C021431,64,Male,Coimbra
21431,C021432,16,Other,Porto
21432,C021433,21,Other,Braga
21433,C021434,52,Male,Faro
21434,C021435,58,Other,Faro
21435,C021436,51,Male,Faro
21436,C021437,34,Other,Faro
21437,C021438,20,Male,Lisbon
21438,C021439,27,Female,Lisbon
21439,C021440,27,Male,Braga
21440,C021441,24,Other,Porto
21441,C021442,65,Female,Faro
21442,C021443,55,Male,Porto
21443,C021444,23,Other,Faro
21444,C021445,56,Male,Lisbon
21445,C021446,28,Other,Lisbon
21446,C021447,69,Male,Coimbra
21447,C021448,46,Male,Lisbon
21448,C021449,38,Male,Coimbra
21449,C021450,22,Other,Faro
21450,C021451,67,Other,Porto
21451,C021452,34,Female,Faro
21452,C021453,41,Female,Lisbon
21453,C021454,43,Other,Faro
21454,C021455,48,Male,Porto
21455,C021456,39,Other,Porto
21456,C021457,34,Other,Porto
21457,C021458,49,Other,Lisbon
21458,C021459,50,Female,Porto
21459,C021460,37,Male,Porto
21460,C021461,35,Male,Porto
21461,C021462,45,Unknown,Coimbra
21462,C021463,22,Female,Faro
21463,C021464,45,Other,Porto
21464,C021465,56,Female,Braga
21465,C021466,26,Female,Braga
21466,C021467,29,Female,Coimbra
21467,C021468,37,Female,Coimbra
21468,C021469,30,Male,Braga
21469,C021470,65,Male,Lisbon
21470,C021471,67,Other,Coimbra
21471,C021472,35,Female,Porto
21472,C021473,46,Male,Faro
21473,C021474,67,Female,Braga
21474,C021475,50,Female,Coimbra
21475,C021476,67,Male,Faro
21476,C021477,56,Male,Porto
21477,C021478,33,Male,Faro
21478,C021479,32,Male,Coimbra
21479,C021480,69,Male,Lisbon
21480,C021481,57,Unknown,Lisbon
21481,C021482,45,Female,Lisbon
21482,C021483,62,Male,Porto
21483,C021484,58,Female,Porto
21484,C021485,46,Female,Braga
21485,C021486,60,Female,Faro
21486,C021487,23,Male,Lisbon
21487,C021488,32,Other,Porto
21488,C021489,30,Male,Lisbon
21489,C021490,54,Female,Lisbon
21490,C021491,50,Male,Faro
21491,C021492,43,Male,Porto
21492,C021493,45,Male,Lisbon
21493,C021494,27,Male,Porto
21494,C021495,16,Other,Faro
21495,C021496,54,Other,Braga
21496,C021497,31,Other,Braga
21497,C021498,19,Female,Lisbon
21498,C021499,63,Male,Coimbra
21499,C021500,47,Other,Lisbon
21500,C021501,16,Other,Porto
21501,C021502,32,Other,Faro
21502,C021503,56,Female,Coimbra
21503,C021504,63,Female,Braga
21504,C021505,54,Female,Braga
21505,C021506,17,Male,Lisbon
21506,C021507,18,Other,Porto
21507,C021508,19,Female,Braga
21508,C021509,36,Male,Faro
21509,C021510,50,Female,Braga
21510,C021511,45,Other,Coimbra
21511,C021512,65,Male,Lisbon
21512,C021513,54,Male,Braga
21513,C021514,30,Other,Faro
21514,C021515,18,Female,Faro
21515,C021516,28,Female,Faro
21516,C021517,56,Other,Porto
21517,C021518,27,Other,Lisbon
21518,C021519,59,Male,Coimbra
21519,C021520,43,Other,Lisbon
21520,C021521,61,Male,Lisbon
21521,C021522,61,Male,Lisbon
21522,C021523,61,Other,Braga
21523,C021524,62,Other,Faro
21524,C021525,44,Female,Faro
21525,C021526,57,Female,Porto
21526,C021527,49,Female,Porto
21527,C021528,29,Female,Faro
21528,C021529,56,Other,Braga
21529,C021530,48,Other,Braga
21530,C021531,28,Other,Coimbra
21531,C021532,61,Female,Coimbra
21532,C021533,19,Male,Lisbon
21533,C021534,35,Male,Coimbra
21534,C021535,23,Other,Faro
21535,C021536,52,Other,Lisbon
21536,C021537,64,Female,Faro
21537,C021538,44,Male,Lisbon
21538,C021539,38,Male,Lisbon
21539,C021540,25,Male,Faro
21540,C021541,60,Male,Porto
21541,C021542,68,Other,Porto
21542,C021543,64,Other,Faro
21543,C021544,67,Male,Braga
21544,C021545,25,Female,Lisbon
21545,C021546,64,Female,Braga
21546,C021547,43,Female,Faro
21547,C021548,67,Other,Faro
21548,C021549,68,Male,Lisbon
21549,C021550,62,Male,Lisbon
21550,C021551,53,Other,Faro
21551,C021552,20,Other,Faro
21552,C021553,30,Male,Porto
21553,C021554,38,Female,Lisbon
21554,C021555,18,Female,Coimbra
21555,C021556,39,Male,Faro
21556,C021557,27,Female,Lisbon
21557,C021558,18,Male,Coimbra
21558,C021559,32,Other,Porto
21559,C021560,55,Male,Porto
21560,C021561,22,Male,Faro
21561,C021562,39,Unknown,Faro
21562,C021563,54,Other,Porto
21563,C021564,44,Female,Lisbon
21564,C021565,67,Male,Braga
21565,C021566,67,Other,Lisbon
21566,C021567,55,Female,Porto
21567,C021568,54,Female,Coimbra
21568,C021569,28,Other,Faro
21569,C021570,40,Male,Lisbon
21570,C021571,59,Male,Braga
21571,C021572,50,Male,Lisbon
21572,C021573,18,Male,Braga
21573,C021574,19,Female,Porto
21574,C021575,67,Male,Faro
21575,C021576,16,Male,Lisbon
21576,C021577,66,Female,Coimbra
21577,C021578,68,Female,Porto
21578,C021579,29,Male,Faro
21579,C021580,57,Female,Porto
21580,C021581,37,Male,Braga
21581,C021582,69,Male,Faro
21582,C021583,57,Male,Faro
21583,C021584,24,Male,Braga
21584,C021585,36,Female,Braga
21585,C021586,52,Female,Porto
21586,C021587,32,Male,Faro
21587,C021588,40,Female,Lisbon
21588,C021589,18,Female,Braga
21589,C021590,30,Other,Braga
21590,C021591,61,Male,Porto
21591,C021592,36,Female,Coimbra
21592,C021593,49,Male,Faro
21593,C021594,42,Female,Porto
21594,C021595,64,Female,Porto
21595,C021596,47,Other,Faro
21596,C021597,19,Male,Porto
21597,C021598,36,Female,Faro
21598,C021599,37,Other,Braga
21599,C021600,20,Other,Coimbra
21600,C021601,44,Female,Braga
21601,C021602,35,Other,Coimbra
21602,C021603,48,Female,Lisbon
21603,C021604,58,Female,Faro
21604,C021605,35,Female,Lisbon
21605,C021606,34,Female,Lisbon
21606,C021607,30,Female,Faro
21607,C021608,26,Female,Braga
21608,C021609,20,Male,Faro
21609,C021610,68,Male,Porto
21610,C021611,60,Female,Faro
21611,C021612,23,Female,Lisbon
21612,C021613,21,Female,Faro
21613,C021614,58,Male,Braga
21614,C021615,26,Female,Porto
21615,C021616,49,Female,Faro
21616,C021617,41,Male,Lisbon
21617,C021618,53,Female,Lisbon
21618,C021619,23,Male,Braga
21619,C021620,48,Male,Braga
21620,C021621,19,Other,Porto
21621,C021622,42,Female,Coimbra
21622,C021623,41,Other,Faro
21623,C021624,17,Other,Lisbon
21624,C021625,31,Male,Porto
21625,C021626,21,Other,Faro
21626,C021627,43,Other,Porto
21627,C021628,61,Other,Braga
21628,C021629,62,Male,Braga
21629,C021630,38,Female,Coimbra
21630,C021631,18,Other,Faro
21631,C021632,24,Other,Coimbra
21632,C021633,39,Female,Braga
21633,C021634,41,Female,Porto
21634,C021635,31,Other,Porto
21635,C021636,41,Female,Coimbra
21636,C021637,24,Male,Porto
21637,C021638,66,Other,Coimbra
21638,C021639,26,Female,Braga
21639,C021640,44,Female,Braga
21640,C021641,17,Other,Porto
21641,C021642,64,Male,Coimbra
21642,C021643,23,Other,Porto
21643,C021644,60,Male,Braga
21644,C021645,28,Male,Faro
21645,C021646,65,Male,Faro
21646,C021647,59,Male,Porto
21647,C021648,19,Other,Porto
21648,C021649,48,Female,Faro
21649,C021650,40,Male,Lisbon
21650,C021651,53,Female,Coimbra
21651,C021652,58,Female,Coimbra
21652,C021653,45,Female,Porto
21653,C021654,66,Other,Faro
21654,C021655,34,Female,Porto
21655,C021656,25,Female,Faro
21656,C021657,43,Female,Faro
21657,C021658,56,Other,Lisbon
21658,C021659,61,Female,Lisbon
21659,C021660,50,Other,Faro
21660,C021661,61,Male,Coimbra
21661,C021662,61,Male,Faro
21662,C021663,54,Other,Coimbra
21663,C021664,39,Female,Porto
21664,C021665,29,Female,Faro
21665,C021666,40,Male,Coimbra
21666,C021667,54,Male,Porto
21667,C021668,65,Female,Porto
21668,C021669,48,Other,Porto
21669,C021670,64,Male,Braga
21670,C021671,68,Other,Coimbra
21671,C021672,35,Male,Lisbon
21672,C021673,30,Female,Lisbon
21673,C021674,20,Other,Coimbra
21674,C021675,31,Female,Braga
21675,C021676,57,Male,Porto
21676,C021677,23,Female,Lisbon
21677,C021678,55,Female,Coimbra
21678,C021679,45,Male,Braga
21679,C021680,55,Other,Lisbon
21680,C021681,40,Other,Faro
21681,C021682,67,Male,Faro
21682,C021683,45,Other,Coimbra
21683,C021684,59,Female,Braga
21684,C021685,68,Female,Porto
21685,C021686,23,Other,Lisbon
21686,C021687,46,Female,Lisbon
21687,C021688,20,Male,Porto
21688,C021689,41,Female,Porto
21689,C021690,33,Other,Faro
21690,C021691,65,Female,Lisbon
21691,C021692,42,Male,Lisbon
21692,C021693,18,Other,Braga
21693,C021694,69,Male,Porto
21694,C021695,46,Female,Lisbon
21695,C021696,27,Male,Porto
21696,C021697,41,Female,Faro
21697,C021698,24,Other,Porto
21698,C021699,41,Other,Braga
21699,C021700,36,Other,Braga
21700,C021701,22,Other,Lisbon
21701,C021702,58,Other,Porto
21702,C021703,30,Male,Porto
21703,C021704,39,Male,Lisbon
21704,C021705,21,Male,Braga
21705,C021706,29,Male,Faro
21706,C021707,41,Male,Faro
21707,C021708,46,Male,Coimbra
21708,C021709,61,Male,Braga
21709,C021710,66,Female,Coimbra
21710,C021711,24,Female,Faro
21711,C021712,34,Male,Braga
21712,C021713,49,Other,Porto
21713,C021714,57,Other,Faro
21714,C021715,27,Female,Coimbra
21715,C021716,60,Unknown,Porto
21716,C021717,31,Male,Braga
21717,C021718,30,Other,Porto
21718,C021719,32,Male,Faro
21719,C021720,64,Female,Faro
21720,C021721,45,Male,Faro
21721,C021722,31,Female,Porto
21722,C021723,61,Male,Faro
21723,C021724,28,Male,Braga
21724,C021725,31,Male,Braga
21725,C021726,30,Female,Coimbra
21726,C021727,27,Female,Porto
21727,C021728,20,Other,Lisbon
21728,C021729,37,Male,Coimbra
21729,C021730,21,Female,Porto
21730,C021731,29,Other,Porto
21731,C021732,53,Male,Lisbon
21732,C021733,55,Female,Coimbra
21733,C021734,25,Female,Coimbra
21734,C021735,47,Other,Coimbra
21735,C021736,23,Male,Faro
21736,C021737,34,Male,Coimbra
21737,C021738,39,Female,Coimbra
21738,C021739,36,Other,Braga
21739,C021740,27,Other,Coimbra
21740,C021741,63,Other,Braga
21741,C021742,58,Male,Braga
21742,C021743,45,Female,Porto
21743,C021744,56,Female,Braga
21744,C021745,52,Other,Porto
21745,C021746,30,Female,Coimbra
21746,C021747,37,Other,Porto
21747,C021748,41,Female,Faro
21748,C021749,41,Other,Braga
21749,C021750,17,Other,Braga
21750,C021751,57,Male,Coimbra
21751,C021752,61,Other,Lisbon
21752,C021753,19,Male,Lisbon
21753,C021754,64,Other,Faro
21754,C021755,16,Male,Coimbra
21755,C021756,47,Other,Lisbon
21756,C021757,22,Male,Porto
21757,C021758,26,Other,Lisbon
21758,C021759,29,Male,Braga
21759,C021760,56,Male,Coimbra
21760,C021761,58,Male,Coimbra
21761,C021762,21,Female,Braga
21762,C021763,31,Other,Lisbon
21763,C021764,35,Male,Lisbon
21764,C021765,42,Unknown,Braga
21765,C021766,61,Female,Faro
21766,C021767,49,Male,Lisbon
21767,C021768,67,Male,Faro
21768,C021769,32,Female,Braga
21769,C021770,17,Female,Braga
21770,C021771,51,Other,Lisbon
21771,C021772,33,Male,Porto
21772,C021773,53,Female,Lisbon
21773,C021774,28,Other,Porto
21774,C021775,59,Female,Lisbon
21775,C021776,26,Other,Porto
21776,C021777,16,Male,Porto
21777,C021778,68,Other,Faro
21778,C021779,56,Other,Faro
21779,C021780,38,Other,Faro
21780,C021781,39,Female,Coimbra
21781,C021782,26,Other,Lisbon
21782,C021783,36,Male,Coimbra
21783,C021784,37,Male,Coimbra
21784,C021785,62,Other,Porto
21785,C021786,68,Male,Lisbon
21786,C021787,62,Male,Faro
21787,C021788,65,Male,Faro
21788,C021789,41,Male,Coimbra
21789,C021790,63,Other,Faro
21790,C021791,31,Male,Braga
21791,C021792,42,Female,Porto
21792,C021793,50,Other,Lisbon
21793,C021794,65,Female,Porto
21794,C021795,36,Male,Lisbon
21795,C021796,49,Male,Lisbon
21796,C021797,59,Male,Braga
21797,C021798,27,Other,Braga
21798,C021799,53,Female,Coimbra
21799,C021800,18,Female,Faro
21800,C021801,54,Other,Lisbon
21801,C021802,32,Male,Porto
21802,C021803,55,Male,Porto
21803,C021804,57,Female,Coimbra
21804,C021805,53,Male,Lisbon
21805,C021806,44,Other,Coimbra
21806,C021807,38,Other,Lisbon
21807,C021808,30,Male,Braga
21808,C021809,46,Female,Faro
21809,C021810,58,Other,Braga
21810,C021811,28,Male,Braga
21811,C021812,65,Other,Braga
21812,C021813,54,Other,Braga
21813,C021814,40,Male,Coimbra
21814,C021815,27,Female,Porto
21815,C021816,41,Male,Braga
21816,C021817,46,Other,Lisbon
21817,C021818,42,Male,Lisbon
21818,C021819,36,Female,Faro
21819,C021820,45,Female,Braga
21820,C021821,42,Other,Coimbra
21821,C021822,59,Female,Faro
21822,C021823,45,Other,Braga
21823,C021824,53,Other,Faro
21824,C021825,56,Male,Faro
21825,C021826,32,Male,Porto
21826,C021827,63,Other,Coimbra
21827,C021828,34,Other,Faro
21828,C021829,38,Other,Porto
21829,C021830,23,Male,Coimbra
21830,C021831,28,Female,Coimbra
21831,C021832,58,Female,Porto
21832,C021833,61,Male,Lisbon
21833,C021834,57,Male,Faro
21834,C021835,57,Female,Lisbon
21835,C021836,28,Male,Braga
21836,C021837,17,Other,Coimbra
21837,C021838,52,Female,Lisbon
21838,C021839,20,Female,Faro
21839,C021840,42,Male,Coimbra
21840,C021841,31,Female,Braga
21841,C021842,32,Other,Coimbra
21842,C021843,47,Female,Lisbon
21843,C021844,60,Female,Porto
21844,C021845,41,Other,Porto
21845,C021846,16,Female,Coimbra
21846,C021847,32,Other,Braga
21847,C021848,20,Female,Lisbon
21848,C021849,36,Female,Faro
21849,C021850,68,Male,Lisbon
21850,C021851,61,Female,Braga
21851,C021852,18,Other,Faro
21852,C021853,23,Female,Braga
21853,C021854,51,Male,Coimbra
21854,C021855,41,Other,Braga
21855,C021856,35,Other,Porto
21856,C021857,35,Male,Faro
21857,C021858,65,Other,Coimbra
21858,C021859,55,Other,Lisbon
21859,C021860,60,Male,Braga
21860,C021861,45,Male,Porto
21861,C021862,48,Other,Coimbra
21862,C021863,50,Unknown,Faro
21863,C021864,60,Male,Lisbon
21864,C021865,19,Other,Lisbon
21865,C021866,60,Male,Porto
21866,C021867,30,Other,Coimbra
21867,C021868,57,Other,Lisbon
21868,C021869,18,Other,Braga
21869,C021870,56,Other,Braga
21870,C021871,62,Other,Braga
21871,C021872,26,Female,Coimbra
21872,C021873,49,Male,Braga
21873,C021874,53,Other,Coimbra
21874,C021875,48,Other,Coimbra
21875,C021876,25,Male,Faro
21876,C021877,19,Male,Coimbra
21877,C021878,47,Male,Faro
21878,C021879,50,Other,Braga
21879,C021880,17,Female,Porto
21880,C021881,41,Female,Lisbon
21881,C021882,55,Other,Porto
21882,C021883,44,Female,Faro
21883,C021884,62,Female,Faro
21884,C021885,24,Unknown,Faro
21885,C021886,16,Female,Lisbon
21886,C021887,41,Other,Braga
21887,C021888,47,Female,Faro
21888,C021889,58,Male,Braga
21889,C021890,21,Male,Porto
21890,C021891,62,Male,Braga
21891,C021892,44,Male,Lisbon
21892,C021893,34,Female,Faro
21893,C021894,49,Female,Lisbon
21894,C021895,29,Male,Porto
21895,C021896,47,Male,Faro
21896,C021897,59,Male,Lisbon
21897,C021898,69,Male,Porto
21898,C021899,31,Other,Braga
21899,C021900,42,Female,Lisbon
21900,C021901,69,Male,Coimbra
21901,C021902,30,Female,Lisbon
21902,C021903,28,Male,Porto
21903,C021904,21,Male,Porto
21904,C021905,35,Other,Coimbra
21905,C021906,21,Female,Lisbon
21906,C021907,42,Male,Faro
21907,C021908,58,Male,Braga
21908,C021909,24,Other,Coimbra
21909,C021910,36,Female,Coimbra
21910,C021911,52,Male,Faro
21911,C021912,65,Male,Braga
21912,C021913,50,Female,Porto
21913,C021914,65,Other,Braga
21914,C021915,53,Other,Porto
21915,C021916,43,Male,Lisbon
21916,C021917,33,Female,Coimbra
21917,C021918,60,Other,Faro
21918,C021919,62,Male,Faro
21919,C021920,59,Male,Lisbon
21920,C021921,52,Other,Braga
21921,C021922,61,Male,Braga
21922,C021923,29,Other,Faro
21923,C021924,34,Female,Faro
21924,C021925,21,Female,Porto
21925,C021926,40,Female,Lisbon
21926,C021927,35,Female,Porto
21927,C021928,38,Other,Lisbon
21928,C021929,40,Female,Porto
21929,C021930,25,Female,Faro
21930,C021931,41,Female,Coimbra
21931,C021932,36,Other,Braga
21932,C021933,19,Male,Faro
21933,C021934,54,Male,Coimbra
21934,C021935,50,Other,Braga
21935,C021936,32,Other,Braga
21936,C021937,62,Other,Porto
21937,C021938,61,Other,Faro
21938,C021939,26,Male,Lisbon
21939,C021940,32,Female,Faro
21940,C021941,56,Female,Faro
21941,C021942,19,Male,Porto
21942,C021943,18,Female,Porto
21943,C021944,52,Male,Porto
21944,C021945,54,Other,Lisbon
21945,C021946,19,Other,Porto
21946,C021947,68,Male,Coimbra
21947,C021948,25,Other,Braga
21948,C021949,28,Other,Braga
21949,C021950,24,Female,Porto
21950,C021951,42,Male,Faro
21951,C021952,17,Other,Braga
21952,C021953,18,Male,Lisbon
21953,C021954,54,Male,Coimbra
21954,C021955,33,Other,Porto
21955,C021956,22,Male,Porto
21956,C021957,38,Female,Coimbra
21957,C021958,58,Other,Braga
21958,C021959,68,Other,Faro
21959,C021960,31,Male,Lisbon
21960,C021961,69,Female,Braga
21961,C021962,61,Other,Lisbon
21962,C021963,25,Female,Faro
21963,C021964,56,Other,Coimbra
21964,C021965,19,Other,Faro
21965,C021966,59,Other,Faro
21966,C021967,27,Other,Faro
21967,C021968,23,Other,Porto
21968,C021969,27,Other,Lisbon
21969,C021970,37,Other,Lisbon
21970,C021971,42,Male,Faro
21971,C021972,55,Other,Lisbon
21972,C021973,49,Male,Lisbon
21973,C021974,42,Other,Porto
21974,C021975,56,Male,Porto
21975,C021976,35,Female,Lisbon
21976,C021977,63,Male,Braga
21977,C021978,43,Male,Coimbra
21978,C021979,68,Male,Faro
21979,C021980,37,Other,Coimbra
21980,C021981,43,Other,Braga
21981,C021982,43,Other,Porto
21982,C021983,45,Other,Faro
21983,C021984,47,Male,Porto
21984,C021985,58,Other,Braga
21985,C021986,32,Female,Porto
21986,C021987,37,Female,Coimbra
21987,C021988,19,Male,Faro
21988,C021989,48,Male,Lisbon
21989,C021990,60,Female,Coimbra
21990,C021991,57,Female,Porto
21991,C021992,28,Unknown,Lisbon
21992,C021993,25,Male,Braga
21993,C021994,51,Other,Lisbon
21994,C021995,50,Other,Faro
21995,C021996,49,Female,Faro
21996,C021997,45,Male,Coimbra
21997,C021998,62,Other,Faro
21998,C021999,48,Female,Porto
21999,C022000,27,Male,Porto
22000,C022001,62,Other,Lisbon
22001,C022002,33,Other,Braga
22002,C022003,53,Other,Braga
22003,C022004,68,Other,Porto
22004,C022005,59,Male,Coimbra
22005,C022006,52,Male,Porto
22006,C022007,26,Male,Porto
22007,C022008,20,Male,Porto
22008,C022009,49,Male,Coimbra
22009,C022010,31,Female,Coimbra
22010,C022011,58,Male,Coimbra
22011,C022012,42,Female,Lisbon
22012,C022013,51,Male,Lisbon
22013,C022014,68,Other,Lisbon
22014,C022015,23,Female,Lisbon
22015,C022016,59,Other,Lisbon
22016,C022017,42,Other,Faro
22017,C022018,47,Male,Lisbon
22018,C022019,68,Male,Lisbon
22019,C022020,54,Other,Coimbra
22020,C022021,37,Female,Lisbon
22021,C022022,16,Female,Lisbon
22022,C022023,62,Female,Faro
22023,C022024,43,Other,Faro
22024,C022025,20,Male,Faro
22025,C022026,61,Male,Porto
22026,C022027,42,Other,Braga
22027,C022028,53,Male,Lisbon
22028,C022029,43,Female,Braga
22029,C022030,67,Female,Braga
22030,C022031,63,Male,Lisbon
22031,C022032,25,Other,Lisbon
22032,C022033,56,Female,Coimbra
22033,C022034,63,Other,Faro
22034,C022035,56,Other,Porto
22035,C022036,41,Female,Braga
22036,C022037,48,Male,Porto
22037,C022038,65,Other,Faro
22038,C022039,26,Other,Coimbra
22039,C022040,51,Other,Coimbra
22040,C022041,24,Other,Porto
22041,C022042,50,Female,Lisbon
22042,C022043,18,Male,Porto
22043,C022044,59,Female,Faro
22044,C022045,26,Female,Porto
22045,C022046,39,Male,Porto
22046,C022047,57,Female,Faro
22047,C022048,51,Male,Lisbon
22048,C022049,39,Female,Lisbon
22049,C022050,24,Male,Coimbra
22050,C022051,46,Male,Lisbon
22051,C022052,66,Other,Faro
22052,C022053,39,Male,Coimbra
22053,C022054,52,Other,Braga
22054,C022055,18,Other,Braga
22055,C022056,34,Male,Porto
22056,C022057,69,Male,Coimbra
22057,C022058,63,Male,Coimbra
22058,C022059,24,Male,Braga
22059,C022060,21,Other,Braga
22060,C022061,44,Female,Lisbon
22061,C022062,26,Male,Faro
22062,C022063,41,Other,Lisbon
22063,C022064,45,Other,Braga
22064,C022065,59,Male,Porto
22065,C022066,64,Male,Coimbra
22066,C022067,31,Male,Lisbon
22067,C022068,62,Male,Lisbon
22068,C022069,59,Female,Porto
22069,C022070,49,Other,Lisbon
22070,C022071,53,Female,Braga
22071,C022072,17,Other,Faro
22072,C022073,63,Other,Lisbon
22073,C022074,64,Female,Faro
22074,C022075,34,Other,Porto
22075,C022076,56,Male,Porto
22076,C022077,36,Male,Lisbon
22077,C022078,56,Female,Porto
22078,C022079,42,Male,Coimbra
22079,C022080,48,Male,Lisbon
22080,C022081,18,Other,Coimbra
22081,C022082,54,Female,Coimbra
22082,C022083,48,Other,Braga
22083,C022084,54,Other,Coimbra
22084,C022085,52,Male,Faro
22085,C022086,42,Other,Faro
22086,C022087,46,Other,Faro
22087,C022088,47,Female,Faro
22088,C022089,38,Female,Faro
22089,C022090,41,Other,Lisbon
22090,C022091,68,Other,Lisbon
22091,C022092,40,Other,Lisbon
22092,C022093,33,Other,Coimbra
22093,C022094,58,Male,Coimbra
22094,C022095,38,Male,Faro
22095,C022096,43,Male,Lisbon
22096,C022097,22,Other,Coimbra
22097,C022098,18,Female,Faro
22098,C022099,62,Male,Braga
22099,C022100,34,Other,Lisbon
22100,C022101,65,Unknown,Faro
22101,C022102,34,Other,Lisbon
22102,C022103,22,Male,Faro
22103,C022104,37,Male,Faro
22104,C022105,30,Other,Coimbra
22105,C022106,37,Unknown,Lisbon
22106,C022107,24,Male,Braga
22107,C022108,51,Female,Coimbra
22108,C022109,54,Male,Braga
22109,C022110,22,Female,Porto
22110,C022111,53,Male,Lisbon
22111,C022112,66,Other,Braga
22112,C022113,27,Other,Lisbon
22113,C022114,38,Male,Faro
22114,C022115,60,Female,Lisbon
22115,C022116,36,Female,Lisbon
22116,C022117,52,Other,Faro
22117,C022118,35,Female,Lisbon
22118,C022119,29,Male,Porto
22119,C022120,67,Other,Lisbon
22120,C022121,63,Male,Braga
22121,C022122,20,Female,Porto
22122,C022123,47,Male,Braga
22123,C022124,44,Male,Porto
22124,C022125,20,Other,Braga
22125,C022126,40,Female,Braga
22126,C022127,63,Male,Faro
22127,C022128,67,Female,Coimbra
22128,C022129,57,Other,Lisbon
22129,C022130,60,Male,Faro
22130,C022131,66,Other,Braga
22131,C022132,41,Female,Braga
22132,C022133,41,Other,Braga
22133,C022134,35,Male,Braga
22134,C022135,40,Female,Lisbon
22135,C022136,53,Female,Lisbon
22136,C022137,57,Female,Coimbra
22137,C022138,54,Other,Coimbra
22138,C022139,59,Other,Coimbra
22139,C022140,58,Female,Lisbon
22140,C022141,31,Other,Porto
22141,C022142,63,Female,Porto
22142,C022143,50,Other,Faro
22143,C022144,56,Female,Braga
22144,C022145,64,Female,Porto
22145,C022146,60,Male,Braga
22146,C022147,46,Other,Coimbra
22147,C022148,25,Male,Braga
22148,C022149,63,Female,Porto
22149,C022150,25,Female,Lisbon
22150,C022151,19,Female,Coimbra
22151,C022152,35,Other,Coimbra
22152,C022153,68,Other,Coimbra
22153,C022154,68,Female,Coimbra
22154,C022155,24,Other,Porto
22155,C022156,34,Male,Braga
22156,C022157,62,Other,Braga
22157,C022158,51,Female,Braga
22158,C022159,31,Other,Porto
22159,C022160,27,Other,Lisbon
22160,C022161,22,Female,Coimbra
22161,C022162,37,Female,Braga
22162,C022163,42,Other,Porto
22163,C022164,31,Other,Coimbra
22164,C022165,54,Female,Lisbon
22165,C022166,46,Other,Coimbra
22166,C022167,18,Female,Faro
22167,C022168,53,Male,Coimbra
22168,C022169,59,Male,Coimbra
22169,C022170,28,Male,Porto
22170,C022171,27,Female,Faro
22171,C022172,58,Male,Braga
22172,C022173,67,Other,Coimbra
22173,C022174,67,Female,Braga
22174,C022175,38,Male,Coimbra
22175,C022176,29,Male,Porto
22176,C022177,53,Other,Braga
22177,C022178,65,Male,Coimbra
22178,C022179,56,Male,Braga
22179,C022180,49,Other,Lisbon
22180,C022181,33,Male,Coimbra
22181,C022182,24,Male,Coimbra
22182,C022183,44,Male,Porto
22183,C022184,55,Other,Braga
22184,C022185,66,Female,Coimbra
22185,C022186,23,Male,Lisbon
22186,C022187,38,Male,Faro
22187,C022188,43,Female,Lisbon
22188,C022189,56,Unknown,Porto
22189,C022190,35,Unknown,Coimbra
22190,C022191,53,Other,Braga
22191,C022192,20,Other,Porto
22192,C022193,28,Other,Faro
22193,C022194,35,Female,Coimbra
22194,C022195,54,Male,Faro
22195,C022196,26,Male,Braga
22196,C022197,60,Other,Porto
22197,C022198,30,Female,Porto
22198,C022199,22,Female,Porto
22199,C022200,29,Female,Porto
22200,C022201,61,Other,Porto
22201,C022202,42,Female,Coimbra
22202,C022203,60,Female,Coimbra
22203,C022204,51,Female,Faro
22204,C022205,39,Female,Lisbon
22205,C022206,63,Other,Lisbon
22206,C022207,21,Female,Braga
22207,C022208,22,Other,Braga
22208,C022209,27,Other,Porto
22209,C022210,45,Unknown,Faro
22210,C022211,62,Female,Braga
22211,C022212,43,Female,Faro
22212,C022213,49,Other,Lisbon
22213,C022214,21,Male,Faro
22214,C022215,66,Other,Faro
22215,C022216,22,Male,Lisbon
22216,C022217,28,Male,Braga
22217,C022218,62,Other,Braga
22218,C022219,42,Other,Lisbon
22219,C022220,44,Other,Coimbra
22220,C022221,63,Female,Braga
22221,C022222,46,Other,Braga
22222,C022223,42,Other,Coimbra
22223,C022224,41,Other,Porto
22224,C022225,20,Female,Coimbra
22225,C022226,38,Male,Lisbon
22226,C022227,25,Other,Braga
22227,C022228,58,Male,Porto
22228,C022229,62,Female,Porto
22229,C022230,31,Female,Braga
22230,C022231,29,Other,Braga
22231,C022232,35,Male,Lisbon
22232,C022233,24,Male,Coimbra
22233,C022234,52,Other,Porto
22234,C022235,67,Other,Lisbon
22235,C022236,27,Male,Faro
22236,C022237,43,Other,Lisbon
22237,C022238,29,Other,Coimbra
22238,C022239,62,Other,Porto
22239,C022240,56,Female,Faro
22240,C022241,42,Female,Braga
22241,C022242,62,Female,Faro
22242,C022243,67,Male,Braga
22243,C022244,48,Female,Braga
22244,C022245,42,Male,Lisbon
22245,C022246,56,Female,Coimbra
22246,C022247,26,Other,Faro
22247,C022248,66,Other,Porto
22248,C022249,18,Male,Braga
22249,C022250,58,Female,Faro
22250,C022251,48,Female,Porto
22251,C022252,33,Male,Faro
22252,C022253,58,Other,Braga
22253,C022254,53,Other,Porto
22254,C022255,33,Female,Porto
22255,C022256,22,Female,Porto
22256,C022257,26,Female,Braga
22257,C022258,17,Male,Lisbon
22258,C022259,21,Male,Coimbra
22259,C022260,16,Other,Braga
22260,C022261,33,Female,Coimbra
22261,C022262,17,Other,Faro
22262,C022263,43,Other,Coimbra
22263,C022264,27,Other,Faro
22264,C022265,36,Female,Porto
22265,C022266,28,Male,Braga
22266,C022267,40,Male,Coimbra
22267,C022268,53,Other,Braga
22268,C022269,55,Male,Coimbra
22269,C022270,16,Other,Lisbon
22270,C022271,44,Male,Faro
22271,C022272,35,Male,Faro
22272,C022273,21,Other,Lisbon
22273,C022274,65,Male,Faro
22274,C022275,43,Male,Coimbra
22275,C022276,61,Female,Coimbra
22276,C022277,22,Female,Braga
22277,C022278,32,Female,Porto
22278,C022279,33,Other,Lisbon
22279,C022280,33,Male,Porto
22280,C022281,45,Other,Lisbon
22281,C022282,42,Other,Faro
22282,C022283,37,Male,Lisbon
22283,C022284,62,Male,Braga
22284,C022285,30,Other,Lisbon
22285,C022286,65,Other,Porto
22286,C022287,26,Other,Porto
22287,C022288,60,Female,Coimbra
22288,C022289,68,Male,Braga
22289,C022290,30,Other,Braga
22290,C022291,47,Male,Lisbon
22291,C022292,50,Female,Faro
22292,C022293,20,Female,Porto
22293,C022294,34,Female,Porto
22294,C022295,26,Other,Coimbra
22295,C022296,57,Other,Porto
22296,C022297,52,Male,Coimbra
22297,C022298,56,Female,Faro
22298,C022299,41,Female,Porto
22299,C022300,41,Other,Braga
22300,C022301,66,Female,Porto
22301,C022302,40,Male,Lisbon
22302,C022303,58,Female,Coimbra
22303,C022304,21,Male,Braga
22304,C022305,68,Female,Lisbon
22305,C022306,55,Male,Faro
22306,C022307,64,Male,Braga
22307,C022308,41,Female,Porto
22308,C022309,23,Other,Coimbra
22309,C022310,46,Female,Lisbon
22310,C022311,54,Female,Braga
22311,C022312,27,Female,Lisbon
22312,C022313,66,Other,Faro
22313,C022314,42,Other,Porto
22314,C022315,67,Other,Coimbra
22315,C022316,53,Male,Lisbon
22316,C022317,27,Other,Porto
22317,C022318,27,Female,Braga
22318,C022319,68,Other,Faro
22319,C022320,47,Other,Braga
22320,C022321,39,Female,Braga
22321,C022322,24,Male,Faro
22322,C022323,46,Female,Braga
22323,C022324,35,Other,Lisbon
22324,C022325,43,Other,Lisbon
22325,C022326,63,Female,Faro
22326,C022327,42,Female,Coimbra
22327,C022328,46,Female,Faro
22328,C022329,27,Other,Faro
22329,C022330,55,Female,Braga
22330,C022331,57,Female,Lisbon
22331,C022332,51,Female,Lisbon
22332,C022333,64,Male,Faro
22333,C022334,27,Female,Coimbra
22334,C022335,23,Male,Coimbra
22335,C022336,30,Other,Braga
22336,C022337,57,Female,Porto
22337,C022338,46,Female,Braga
22338,C022339,31,Male,Lisbon
22339,C022340,50,Other,Braga
22340,C022341,38,Female,Coimbra
22341,C022342,57,Male,Lisbon
22342,C022343,51,Female,Coimbra
22343,C022344,64,Other,Braga
22344,C022345,29,Female,Lisbon
22345,C022346,56,Other,Porto
22346,C022347,17,Female,Coimbra
22347,C022348,64,Other,Porto
22348,C022349,36,Male,Braga
22349,C022350,59,Other,Coimbra
22350,C022351,37,Male,Lisbon
22351,C022352,36,Other,Coimbra
22352,C022353,40,Male,Lisbon
22353,C022354,54,Male,Porto
22354,C022355,63,Other,Lisbon
22355,C022356,55,Female,Coimbra
22356,C022357,61,Male,Braga
22357,C022358,57,Male,Lisbon
22358,C022359,50,Male,Braga
22359,C022360,44,Male,Lisbon
22360,C022361,42,Female,Braga
22361,C022362,48,Other,Porto
22362,C022363,22,Female,Faro
22363,C022364,55,Female,Coimbra
22364,C022365,41,Female,Faro
22365,C022366,40,Other,Porto
22366,C022367,17,Other,Lisbon
22367,C022368,16,Male,Porto
22368,C022369,23,Male,Faro
22369,C022370,60,Male,Lisbon
22370,C022371,52,Female,Porto
22371,C022372,62,Female,Porto
22372,C022373,31,Other,Lisbon
22373,C022374,30,Male,Braga
22374,C022375,49,Other,Braga
22375,C022376,18,Other,Braga
22376,C022377,25,Male,Faro
22377,C022378,52,Female,Coimbra
22378,C022379,46,Male,Braga
22379,C022380,54,Unknown,Faro
22380,C022381,16,Other,Coimbra
22381,C022382,32,Female,Coimbra
22382,C022383,20,Male,Faro
22383,C022384,56,Female,Braga
22384,C022385,42,Other,Braga
22385,C022386,53,Female,Faro
22386,C022387,49,Other,Faro
22387,C022388,39,Female,Faro
22388,C022389,39,Male,Coimbra
22389,C022390,50,Other,Porto
22390,C022391,45,Male,Porto
22391,C022392,18,Female,Faro
22392,C022393,55,Other,Porto
22393,C022394,69,Male,Porto
22394,C022395,26,Other,Lisbon
22395,C022396,46,Female,Porto
22396,C022397,19,Other,Faro
22397,C022398,53,Other,Lisbon
22398,C022399,40,Male,Faro
22399,C022400,66,Female,Coimbra
22400,C022401,51,Male,Coimbra
22401,C022402,63,Male,Coimbra
22402,C022403,19,Other,Porto
22403,C022404,30,Male,Lisbon
22404,C022405,16,Other,Braga
22405,C022406,66,Other,Lisbon
22406,C022407,24,Female,Coimbra
22407,C022408,40,Male,Faro
22408,C022409,58,Female,Faro
22409,C022410,67,Other,Porto
22410,C022411,54,Female,Braga
22411,C022412,56,Male,Braga
22412,C022413,30,Male,Faro
22413,C022414,54,Other,Porto
22414,C022415,30,Female,Lisbon
22415,C022416,62,Female,Coimbra
22416,C022417,48,Male,Braga
22417,C022418,41,Male,Lisbon
22418,C022419,36,Female,Porto
22419,C022420,60,Male,Porto
22420,C022421,50,Male,Lisbon
22421,C022422,34,Female,Lisbon
22422,C022423,69,Male,Faro
22423,C022424,28,Female,Porto
22424,C022425,64,Female,Braga
22425,C022426,29,Female,Braga
22426,C022427,32,Female,Faro
22427,C022428,24,Female,Porto
22428,C022429,65,Male,Lisbon
22429,C022430,35,Other,Braga
22430,C022431,65,Female,Braga
22431,C022432,28,Female,Lisbon
22432,C022433,46,Female,Lisbon
22433,C022434,18,Male,Braga
22434,C022435,69,Male,Coimbra
22435,C022436,21,Male,Lisbon
22436,C022437,45,Other,Braga
22437,C022438,27,Male,Porto
22438,C022439,21,Male,Coimbra
22439,C022440,54,Other,Porto
22440,C022441,24,Other,Coimbra
22441,C022442,34,Unknown,Porto
22442,C022443,64,Other,Faro
22443,C022444,16,Male,Coimbra
22444,C022445,69,Female,Coimbra
22445,C022446,22,Other,Porto
22446,C022447,17,Male,Porto
22447,C022448,19,Other,Porto
22448,C022449,64,Male,Lisbon
22449,C022450,38,Female,Coimbra
22450,C022451,40,Other,Porto
22451,C022452,19,Other,Lisbon
22452,C022453,28,Female,Lisbon
22453,C022454,38,Other,Lisbon
22454,C022455,35,Female,Coimbra
22455,C022456,45,Male,Porto
22456,C022457,58,Female,Lisbon
22457,C022458,21,Female,Faro
22458,C022459,24,Other,Coimbra
22459,C022460,47,Female,Coimbra
22460,C022461,57,Male,Faro
22461,C022462,65,Female,Lisbon
22462,C022463,17,Unknown,Faro
22463,C022464,56,Male,Braga
22464,C022465,28,Other,Lisbon
22465,C022466,16,Female,Faro
22466,C022467,44,Other,Faro
22467,C022468,30,Male,Porto
22468,C022469,19,Male,Coimbra
22469,C022470,69,Female,Braga
22470,C022471,64,Female,Porto
22471,C022472,22,Other,Lisbon
22472,C022473,56,Female,Faro
22473,C022474,52,Other,Porto
22474,C022475,60,Female,Porto
22475,C022476,33,Female,Coimbra
22476,C022477,69,Male,Braga
22477,C022478,55,Female,Porto
22478,C022479,48,Other,Porto
22479,C022480,69,Other,Lisbon
22480,C022481,45,Other,Braga
22481,C022482,47,Other,Faro
22482,C022483,27,Male,Faro
22483,C022484,59,Female,Coimbra
22484,C022485,33,Other,Porto
22485,C022486,68,Female,Porto
22486,C022487,68,Other,Faro
22487,C022488,49,Other,Braga
22488,C022489,49,Other,Braga
22489,C022490,39,Other,Coimbra
22490,C022491,59,Other,Coimbra
22491,C022492,23,Female,Porto
22492,C022493,26,Other,Braga
22493,C022494,20,Female,Faro
22494,C022495,39,Female,Lisbon
22495,C022496,47,Female,Braga
22496,C022497,31,Female,Coimbra
22497,C022498,17,Female,Braga
22498,C022499,57,Male,Braga
22499,C022500,23,Other,Braga
22500,C022501,44,Female,Coimbra
22501,C022502,57,Male,Coimbra
22502,C022503,35,Female,Lisbon
22503,C022504,55,Male,Braga
22504,C022505,49,Male,Lisbon
22505,C022506,48,Other,Lisbon
22506,C022507,63,Male,Faro
22507,C022508,42,Female,Faro
22508,C022509,29,Other,Braga
22509,C022510,60,Male,Braga
22510,C022511,61,Other,Braga
22511,C022512,54,Unknown,Braga
22512,C022513,51,Female,Lisbon
22513,C022514,20,Male,Lisbon
22514,C022515,24,Male,Faro
22515,C022516,35,Other,Coimbra
22516,C022517,57,Male,Coimbra
22517,C022518,35,Other,Braga
22518,C022519,18,Other,Porto
22519,C022520,42,Female,Coimbra
22520,C022521,61,Other,Braga
22521,C022522,37,Male,Coimbra
22522,C022523,58,Male,Coimbra
22523,C022524,21,Male,Lisbon
22524,C022525,50,Other,Braga
22525,C022526,22,Male,Lisbon
22526,C022527,64,Other,Coimbra
22527,C022528,17,Other,Porto
22528,C022529,56,Female,Porto
22529,C022530,57,Other,Porto
22530,C022531,35,Unknown,Lisbon
22531,C022532,45,Unknown,Braga
22532,C022533,63,Other,Porto
22533,C022534,53,Other,Coimbra
22534,C022535,55,Female,Braga
22535,C022536,62,Female,Braga
22536,C022537,46,Male,Braga
22537,C022538,35,Male,Coimbra
22538,C022539,26,Male,Coimbra
22539,C022540,63,Female,Lisbon
22540,C022541,56,Other,Lisbon
22541,C022542,51,Other,Braga
22542,C022543,21,Other,Coimbra
22543,C022544,65,Other,Lisbon
22544,C022545,44,Female,Faro
22545,C022546,31,Male,Lisbon
22546,C022547,23,Other,Braga
22547,C022548,16,Female,Braga
22548,C022549,33,Female,Porto
22549,C022550,49,Male,Porto
22550,C022551,68,Female,Lisbon
22551,C022552,17,Other,Braga
22552,C022553,47,Female,Braga
22553,C022554,34,Male,Lisbon
22554,C022555,59,Male,Faro
22555,C022556,41,Other,Lisbon
22556,C022557,18,Other,Porto
22557,C022558,55,Other,Faro
22558,C022559,58,Female,Lisbon
22559,C022560,17,Male,Lisbon
22560,C022561,67,Other,Braga
22561,C022562,68,Female,Faro
22562,C022563,61,Male,Lisbon
22563,C022564,25,Male,Coimbra
22564,C022565,52,Other,Faro
22565,C022566,25,Other,Lisbon
22566,C022567,53,Female,Coimbra
22567,C022568,27,Other,Porto
22568,C022569,52,Male,Coimbra
22569,C022570,24,Other,Braga
22570,C022571,16,Female,Braga
22571,C022572,28,Female,Coimbra
22572,C022573,54,Female,Porto
22573,C022574,69,Male,Coimbra
22574,C022575,43,Male,Coimbra
22575,C022576,41,Male,Braga
22576,C022577,45,Male,Coimbra
22577,C022578,23,Male,Faro
22578,C022579,39,Other,Coimbra
22579,C022580,32,Other,Coimbra
22580,C022581,44,Other,Faro
22581,C022582,47,Other,Faro
22582,C022583,39,Female,Porto
22583,C022584,54,Male,Braga
22584,C022585,23,Male,Braga
22585,C022586,68,Other,Porto
22586,C022587,38,Female,Lisbon
22587,C022588,48,Male,Porto
22588,C022589,38,Female,Porto
22589,C022590,65,Other,Porto
22590,C022591,18,Female,Porto
22591,C022592,33,Female,Lisbon
22592,C022593,35,Other,Lisbon
22593,C022594,67,Male,Coimbra
22594,C022595,68,Female,Faro
22595,C022596,16,Female,Porto
22596,C022597,47,Female,Porto
22597,C022598,51,Male,Faro
22598,C022599,28,Other,Coimbra
22599,C022600,45,Female,Faro
22600,C022601,48,Female,Coimbra
22601,C022602,35,Female,Porto
22602,C022603,42,Other,Lisbon
22603,C022604,53,Male,Braga
22604,C022605,69,Female,Braga
22605,C022606,58,Male,Faro
22606,C022607,23,Other,Braga
22607,C022608,27,Other,Lisbon
22608,C022609,57,Female,Braga
22609,C022610,43,Male,Faro
22610,C022611,61,Female,Braga
22611,C022612,31,Female,Lisbon
22612,C022613,57,Other,Lisbon
22613,C022614,53,Female,Faro
22614,C022615,64,Other,Lisbon
22615,C022616,59,Female,Porto
22616,C022617,46,Other,Coimbra
22617,C022618,23,Male,Coimbra
22618,C022619,21,Male,Coimbra
22619,C022620,34,Other,Lisbon
22620,C022621,22,Male,Coimbra
22621,C022622,57,Male,Faro
22622,C022623,43,Other,Lisbon
22623,C022624,47,Female,Porto
22624,C022625,29,Other,Braga
22625,C022626,64,Other,Porto
22626,C022627,34,Female,Porto
22627,C022628,25,Male,Porto
22628,C022629,47,Male,Braga
22629,C022630,66,Other,Lisbon
22630,C022631,54,Other,Braga
22631,C022632,44,Male,Lisbon
22632,C022633,44,Female,Faro
22633,C022634,22,Male,Braga
22634,C022635,24,Male,Coimbra
22635,C022636,69,Other,Faro
22636,C022637,20,Male,Coimbra
22637,C022638,17,Female,Faro
22638,C022639,31,Female,Braga
22639,C022640,42,Female,Coimbra
22640,C022641,38,Male,Coimbra
22641,C022642,51,Male,Braga
22642,C022643,46,Male,Faro
22643,C022644,41,Male,Faro
22644,C022645,33,Female,Porto
22645,C022646,51,Male,Porto
22646,C022647,35,Female,Lisbon
22647,C022648,22,Other,Porto
22648,C022649,41,Male,Faro
22649,C022650,29,Female,Porto
22650,C022651,55,Other,Lisbon
22651,C022652,50,Male,Braga
22652,C022653,29,Other,Braga
22653,C022654,60,Male,Braga
22654,C022655,48,Other,Lisbon
22655,C022656,46,Female,Lisbon
22656,C022657,55,Other,Coimbra
22657,C022658,46,Male,Coimbra
22658,C022659,45,Other,Faro
22659,C022660,21,Other,Coimbra
22660,C022661,62,Male,Lisbon
22661,C022662,30,Other,Faro
22662,C022663,54,Female,Coimbra
22663,C022664,40,Male,Porto
22664,C022665,16,Other,Braga
22665,C022666,48,Male,Coimbra
22666,C022667,66,Female,Braga
22667,C022668,27,Male,Lisbon
22668,C022669,62,Female,Lisbon
22669,C022670,34,Other,Faro
22670,C022671,28,Other,Braga
22671,C022672,17,Male,Faro
22672,C022673,52,Other,Lisbon
22673,C022674,53,Female,Lisbon
22674,C022675,61,Female,Lisbon
22675,C022676,55,Female,Braga
22676,C022677,25,Male,Porto
22677,C022678,57,Male,Faro
22678,C022679,61,Female,Lisbon
22679,C022680,62,Male,Faro
22680,C022681,55,Female,Porto
22681,C022682,45,Male,Porto
22682,C022683,43,Male,Braga
22683,C022684,52,Male,Porto
22684,C022685,25,Male,Coimbra
22685,C022686,51,Female,Braga
22686,C022687,54,Male,Porto
22687,C022688,49,Male,Coimbra
22688,C022689,35,Other,Faro
22689,C022690,29,Male,Faro
22690,C022691,39,Male,Lisbon
22691,C022692,37,Other,Braga
22692,C022693,43,Other,Braga
22693,C022694,56,Male,Faro
22694,C022695,47,Female,Coimbra
22695,C022696,64,Male,Lisbon
22696,C022697,52,Other,Braga
22697,C022698,57,Other,Faro
22698,C022699,32,Other,Coimbra
22699,C022700,42,Female,Braga
22700,C022701,20,Female,Porto
22701,C022702,33,Other,Porto
22702,C022703,57,Other,Faro
22703,C022704,39,Other,Braga
22704,C022705,28,Other,Coimbra
22705,C022706,43,Other,Lisbon
22706,C022707,52,Other,Coimbra
22707,C022708,27,Female,Porto
22708,C022709,25,Other,Lisbon
22709,C022710,17,Female,Lisbon
22710,C022711,41,Other,Lisbon
22711,C022712,69,Male,Lisbon
22712,C022713,25,Female,Faro
22713,C022714,29,Other,Faro
22714,C022715,42,Other,Porto
22715,C022716,45,Other,Lisbon
22716,C022717,57,Female,Porto
22717,C022718,57,Other,Faro
22718,C022719,42,Female,Braga
22719,C022720,45,Male,Braga
22720,C022721,58,Female,Faro
22721,C022722,32,Female,Coimbra
22722,C022723,52,Other,Faro
22723,C022724,49,Other,Faro
22724,C022725,50,Male,Coimbra
22725,C022726,26,Female,Faro
22726,C022727,55,Female,Porto
22727,C022728,16,Other,Coimbra
22728,C022729,33,Female,Lisbon
22729,C022730,29,Male,Faro
22730,C022731,52,Male,Lisbon
22731,C022732,57,Female,Porto
22732,C022733,51,Male,Braga
22733,C022734,68,Male,Porto
22734,C022735,55,Other,Braga
22735,C022736,40,Other,Porto
22736,C022737,24,Male,Porto
22737,C022738,50,Female,Braga
22738,C022739,39,Other,Braga
22739,C022740,65,Male,Coimbra
22740,C022741,23,Other,Braga
22741,C022742,52,Other,Braga
22742,C022743,24,Other,Faro
22743,C022744,62,Male,Faro
22744,C022745,65,Female,Braga
22745,C022746,52,Other,Coimbra
22746,C022747,25,Male,Faro
22747,C022748,29,Other,Porto
22748,C022749,30,Other,Porto
22749,C022750,49,Female,Lisbon
22750,C022751,30,Male,Lisbon
22751,C022752,69,Other,Lisbon
22752,C022753,42,Other,Faro
22753,C022754,55,Other,Coimbra
22754,C022755,69,Other,Lisbon
22755,C022756,52,Other,Braga
22756,C022757,69,Male,Faro
22757,C022758,21,Male,Porto
22758,C022759,17,Male,Porto
22759,C022760,34,Male,Coimbra
22760,C022761,57,Female,Porto
22761,C022762,50,Other,Coimbra
22762,C022763,47,Female,Porto
22763,C022764,56,Male,Lisbon
22764,C022765,66,Male,Lisbon
22765,C022766,60,Male,Faro
22766,C022767,52,Female,Porto
22767,C022768,62,Female,Braga
22768,C022769,34,Other,Coimbra
22769,C022770,41,Other,Coimbra
22770,C022771,53,Male,Porto
22771,C022772,47,Other,Braga
22772,C022773,26,Other,Coimbra
22773,C022774,63,Other,Coimbra
22774,C022775,19,Male,Porto
22775,C022776,21,Female,Faro
22776,C022777,20,Female,Coimbra
22777,C022778,29,Other,Faro
22778,C022779,47,Male,Coimbra
22779,C022780,35,Female,Coimbra
22780,C022781,20,Male,Lisbon
22781,C022782,60,Male,Porto
22782,C022783,67,Female,Faro
22783,C022784,64,Female,Lisbon
22784,C022785,42,Female,Coimbra
22785,C022786,27,Other,Braga
22786,C022787,59,Female,Faro
22787,C022788,68,Male,Lisbon
22788,C022789,35,Other,Lisbon
22789,C022790,62,Male,Coimbra
22790,C022791,30,Male,Faro
22791,C022792,16,Other,Faro
22792,C022793,28,Male,Coimbra
22793,C022794,69,Male,Porto
22794,C022795,29,Female,Coimbra
22795,C022796,30,Other,Porto
22796,C022797,39,Other,Faro
22797,C022798,59,Male,Braga
22798,C022799,31,Other,Coimbra
22799,C022800,42,Other,Braga
22800,C022801,59,Other,Braga
22801,C022802,69,Male,Faro
22802,C022803,37,Other,Braga
22803,C022804,43,Female,Braga
22804,C022805,69,Other,Faro
22805,C022806,34,Male,Lisbon
22806,C022807,31,Male,Faro
22807,C022808,28,Female,Lisbon
22808,C022809,18,Other,Faro
22809,C022810,31,Other,Braga
22810,C022811,35,Male,Braga
22811,C022812,17,Female,Braga
22812,C022813,23,Female,Lisbon
22813,C022814,28,Other,Lisbon
22814,C022815,58,Other,Porto
22815,C022816,66,Female,Porto
22816,C022817,19,Female,Porto
22817,C022818,45,Female,Lisbon
22818,C022819,24,Other,Braga
22819,C022820,69,Female,Braga
22820,C022821,49,Male,Braga
22821,C022822,35,Other,Faro
22822,C022823,55,Female,Braga
22823,C022824,42,Other,Braga
22824,C022825,47,Male,Faro
22825,C022826,66,Other,Lisbon
22826,C022827,57,Female,Braga
22827,C022828,25,Other,Braga
22828,C022829,48,Male,Lisbon
22829,C022830,31,Other,Faro
22830,C022831,62,Male,Faro
22831,C022832,36,Other,Braga
22832,C022833,31,Female,Faro
22833,C022834,25,Other,Lisbon
22834,C022835,32,Other,Coimbra
22835,C022836,47,Female,Coimbra
22836,C022837,65,Male,Braga
22837,C022838,60,Male,Faro
22838,C022839,53,Male,Coimbra
22839,C022840,69,Male,Coimbra
22840,C022841,63,Other,Coimbra
22841,C022842,48,Other,Braga
22842,C022843,43,Female,Braga
22843,C022844,19,Female,Lisbon
22844,C022845,25,Male,Lisbon
22845,C022846,32,Male,Lisbon
22846,C022847,21,Female,Lisbon
22847,C022848,40,Male,Porto
22848,C022849,52,Female,Lisbon
22849,C022850,27,Male,Faro
22850,C022851,22,Male,Faro
22851,C022852,43,Other,Lisbon
22852,C022853,57,Female,Braga
22853,C022854,59,Other,Faro
22854,C022855,33,Female,Braga
22855,C022856,39,Other,Faro
22856,C022857,59,Male,Braga
22857,C022858,39,Other,Braga
22858,C022859,44,Other,Faro
22859,C022860,39,Female,Braga
22860,C022861,25,Other,Braga
22861,C022862,25,Other,Lisbon
22862,C022863,65,Other,Faro
22863,C022864,50,Male,Lisbon
22864,C022865,28,Other,Braga
22865,C022866,31,Other,Coimbra
22866,C022867,55,Female,Coimbra
22867,C022868,29,Other,Braga
22868,C022869,37,Other,Lisbon
22869,C022870,66,Female,Braga
22870,C022871,19,Female,Lisbon
22871,C022872,28,Other,Braga
22872,C022873,30,Female,Lisbon
22873,C022874,23,Female,Braga
22874,C022875,55,Male,Braga
22875,C022876,37,Female,Faro
22876,C022877,63,Unknown,Faro
22877,C022878,60,Male,Faro
22878,C022879,23,Female,Porto
22879,C022880,65,Male,Braga
22880,C022881,43,Female,Coimbra
22881,C022882,57,Male,Braga
22882,C022883,26,Female,Braga
22883,C022884,50,Other,Porto
22884,C022885,65,Male,Faro
22885,C022886,53,Male,Faro
22886,C022887,19,Female,Lisbon
22887,C022888,58,Male,Braga
22888,C022889,51,Male,Braga
22889,C022890,39,Female,Lisbon
22890,C022891,29,Other,Faro
22891,C022892,32,Other,Faro
22892,C022893,43,Male,Faro
22893,C022894,25,Unknown,Coimbra
22894,C022895,38,Other,Lisbon
22895,C022896,49,Female,Braga
22896,C022897,31,Female,Porto
22897,C022898,54,Male,Coimbra
22898,C022899,20,Female,Faro
22899,C022900,46,Female,Coimbra
22900,C022901,28,Unknown,Lisbon
22901,C022902,47,Unknown,Coimbra
22902,C022903,32,Female,Coimbra
22903,C022904,41,Other,Porto
22904,C022905,18,Male,Faro
22905,C022906,46,Male,Porto
22906,C022907,38,Female,Porto
22907,C022908,36,Female,Faro
22908,C022909,54,Male,Porto
22909,C022910,61,Other,Coimbra
22910,C022911,65,Male,Lisbon
22911,C022912,20,Other,Lisbon
22912,C022913,64,Female,Braga
22913,C022914,24,Male,Braga
22914,C022915,22,Female,Lisbon
22915,C022916,34,Unknown,Braga
22916,C022917,24,Female,Porto
22917,C022918,26,Female,Coimbra
22918,C022919,28,Male,Porto
22919,C022920,48,Other,Faro
22920,C022921,20,Other,Faro
22921,C022922,61,Other,Faro
22922,C022923,53,Male,Coimbra
22923,C022924,16,Female,Porto
22924,C022925,67,Male,Coimbra
22925,C022926,64,Female,Lisbon
22926,C022927,65,Female,Porto
22927,C022928,49,Other,Lisbon
22928,C022929,67,Female,Coimbra
22929,C022930,36,Male,Lisbon
22930,C022931,68,Female,Porto
22931,C022932,27,Female,Coimbra
22932,C022933,47,Female,Lisbon
22933,C022934,24,Female,Coimbra
22934,C022935,34,Other,Coimbra
22935,C022936,26,Male,Braga
22936,C022937,62,Female,Lisbon
22937,C022938,65,Male,Faro
22938,C022939,26,Female,Lisbon
22939,C022940,64,Male,Porto
22940,C022941,26,Female,Lisbon
22941,C022942,29,Other,Braga
22942,C022943,45,Male,Coimbra
22943,C022944,37,Female,Coimbra
22944,C022945,30,Male,Faro
22945,C022946,51,Male,Porto
22946,C022947,53,Female,Faro
22947,C022948,67,Other,Braga
22948,C022949,55,Other,Lisbon
22949,C022950,17,Female,Lisbon
22950,C022951,34,Other,Porto
22951,C022952,67,Male,Faro
22952,C022953,20,Female,Lisbon
22953,C022954,18,Other,Faro
22954,C022955,49,Other,Faro
22955,C022956,47,Male,Lisbon
22956,C022957,19,Male,Lisbon
22957,C022958,63,Other,Porto
22958,C022959,20,Male,Lisbon
22959,C022960,21,Female,Faro
22960,C022961,66,Female,Faro
22961,C022962,41,Other,Faro
22962,C022963,36,Other,Porto
22963,C022964,34,Male,Braga
22964,C022965,64,Male,Faro
22965,C022966,23,Female,Coimbra
22966,C022967,36,Male,Faro
22967,C022968,29,Female,Coimbra
22968,C022969,17,Male,Porto
22969,C022970,57,Female,Braga
22970,C022971,62,Female,Porto
22971,C022972,25,Female,Faro
22972,C022973,25,Male,Braga
22973,C022974,29,Male,Coimbra
22974,C022975,57,Male,Coimbra
22975,C022976,27,Male,Coimbra
22976,C022977,36,Female,Coimbra
22977,C022978,44,Male,Coimbra
22978,C022979,20,Other,Porto
22979,C022980,46,Male,Braga
22980,C022981,49,Female,Faro
22981,C022982,48,Female,Lisbon
22982,C022983,63,Other,Braga
22983,C022984,17,Other,Coimbra
22984,C022985,43,Other,Braga
22985,C022986,16,Other,Braga
22986,C022987,36,Other,Porto
22987,C022988,28,Female,Braga
22988,C022989,58,Other,Braga
22989,C022990,44,Female,Coimbra
22990,C022991,37,Other,Braga
22991,C022992,37,Male,Porto
22992,C022993,53,Female,Braga
22993,C022994,25,Female,Lisbon
22994,C022995,38,Male,Coimbra
22995,C022996,20,Other,Faro
22996,C022997,34,Female,Faro
22997,C022998,42,Male,Faro
22998,C022999,18,Female,Faro
22999,C023000,50,Male,Porto
23000,C023001,45,Other,Faro
23001,C023002,34,Female,Porto
23002,C023003,55,Female,Lisbon
23003,C023004,63,Other,Braga
23004,C023005,35,Female,Coimbra
23005,C023006,29,Other,Porto
23006,C023007,54,Other,Lisbon
23007,C023008,24,Female,Braga
23008,C023009,48,Male,Braga
23009,C023010,68,Female,Faro
23010,C023011,64,Other,Braga
23011,C023012,25,Female,Coimbra
23012,C023013,62,Other,Braga
23013,C023014,27,Other,Porto
23014,C023015,55,Male,Faro
23015,C023016,25,Other,Porto
23016,C023017,45,Female,Braga
23017,C023018,26,Male,Lisbon
23018,C023019,60,Female,Coimbra
23019,C023020,30,Female,Coimbra
23020,C023021,16,Other,Faro
23021,C023022,62,Male,Porto
23022,C023023,65,Female,Braga
23023,C023024,52,Male,Faro
23024,C023025,39,Male,Faro
23025,C023026,21,Other,Coimbra
23026,C023027,24,Female,Porto
23027,C023028,29,Other,Faro
23028,C023029,47,Male,Lisbon
23029,C023030,44,Female,Coimbra
23030,C023031,46,Female,Porto
23031,C023032,37,Male,Faro
23032,C023033,55,Other,Porto
23033,C023034,22,Male,Faro
23034,C023035,30,Other,Coimbra
23035,C023036,67,Other,Coimbra
23036,C023037,40,Other,Faro
23037,C023038,61,Male,Braga
23038,C023039,42,Female,Braga
23039,C023040,33,Other,Porto
23040,C023041,38,Other,Faro
23041,C023042,39,Female,Braga
23042,C023043,59,Male,Faro
23043,C023044,58,Female,Braga
23044,C023045,20,Female,Coimbra
23045,C023046,16,Male,Porto
23046,C023047,49,Male,Faro
23047,C023048,64,Male,Coimbra
23048,C023049,34,Male,Coimbra
23049,C023050,42,Other,Lisbon
23050,C023051,43,Other,Lisbon
23051,C023052,25,Other,Porto
23052,C023053,28,Male,Lisbon
23053,C023054,49,Male,Coimbra
23054,C023055,37,Female,Faro
23055,C023056,25,Other,Coimbra
23056,C023057,21,Other,Porto
23057,C023058,34,Male,Coimbra
23058,C023059,65,Other,Braga
23059,C023060,39,Female,Coimbra
23060,C023061,24,Male,Braga
23061,C023062,31,Male,Porto
23062,C023063,68,Other,Coimbra
23063,C023064,63,Male,Braga
23064,C023065,49,Male,Porto
23065,C023066,32,Female,Porto
23066,C023067,33,Female,Porto
23067,C023068,21,Male,Porto
23068,C023069,26,Female,Braga
23069,C023070,26,Female,Coimbra
23070,C023071,32,Male,Braga
23071,C023072,48,Unknown,Lisbon
23072,C023073,40,Male,Porto
23073,C023074,40,Male,Braga
23074,C023075,46,Male,Lisbon
23075,C023076,21,Other,Porto
23076,C023077,17,Female,Porto
23077,C023078,16,Male,Coimbra
23078,C023079,39,Male,Porto
23079,C023080,62,Other,Lisbon
23080,C023081,19,Female,Lisbon
23081,C023082,18,Female,Lisbon
23082,C023083,28,Female,Porto
23083,C023084,63,Other,Coimbra
23084,C023085,64,Male,Lisbon
23085,C023086,55,Male,Coimbra
23086,C023087,47,Other,Braga
23087,C023088,55,Female,Porto
23088,C023089,39,Male,Coimbra
23089,C023090,37,Male,Lisbon
23090,C023091,27,Male,Braga
23091,C023092,42,Female,Porto
23092,C023093,55,Female,Faro
23093,C023094,20,Male,Braga
23094,C023095,49,Other,Coimbra
23095,C023096,26,Female,Coimbra
23096,C023097,27,Other,Coimbra
23097,C023098,63,Other,Porto
23098,C023099,18,Male,Coimbra
23099,C023100,68,Other,Porto
23100,C023101,64,Female,Braga
23101,C023102,52,Other,Coimbra
23102,C023103,40,Female,Braga
23103,C023104,62,Other,Faro
23104,C023105,55,Male,Coimbra
23105,C023106,50,Other,Faro
23106,C023107,57,Male,Porto
23107,C023108,53,Other,Faro
23108,C023109,17,Other,Lisbon
23109,C023110,21,Female,Faro
23110,C023111,68,Female,Coimbra
23111,C023112,25,Other,Faro
23112,C023113,63,Other,Coimbra
23113,C023114,19,Female,Lisbon
23114,C023115,44,Other,Lisbon
23115,C023116,32,Male,Faro
23116,C023117,50,Male,Braga
23117,C023118,42,Male,Coimbra
23118,C023119,60,Male,Faro
23119,C023120,47,Male,Porto
23120,C023121,41,Female,Porto
23121,C023122,51,Other,Coimbra
23122,C023123,62,Male,Braga
23123,C023124,55,Female,Coimbra
23124,C023125,39,Other,Coimbra
23125,C023126,38,Male,Lisbon
23126,C023127,25,Male,Porto
23127,C023128,52,Female,Coimbra
23128,C023129,50,Male,Coimbra
23129,C023130,55,Other,Faro
23130,C023131,56,Male,Porto
23131,C023132,66,Female,Braga
23132,C023133,69,Female,Lisbon
23133,C023134,18,Other,Faro
23134,C023135,31,Other,Porto
23135,C023136,28,Male,Faro
23136,C023137,38,Female,Faro
23137,C023138,50,Male,Porto
23138,C023139,17,Other,Lisbon
23139,C023140,34,Female,Coimbra
23140,C023141,57,Female,Lisbon
23141,C023142,64,Female,Porto
23142,C023143,56,Female,Coimbra
23143,C023144,37,Other,Braga
23144,C023145,18,Male,Coimbra
23145,C023146,61,Female,Faro
23146,C023147,39,Other,Faro
23147,C023148,63,Male,Braga
23148,C023149,37,Other,Braga
23149,C023150,44,Other,Braga
23150,C023151,45,Other,Lisbon
23151,C023152,28,Female,Coimbra
23152,C023153,67,Male,Braga
23153,C023154,27,Other,Porto
23154,C023155,61,Female,Coimbra
23155,C023156,65,Female,Porto
23156,C023157,28,Male,Braga
23157,C023158,28,Other,Lisbon
23158,C023159,59,Male,Lisbon
23159,C023160,54,Female,Coimbra
23160,C023161,37,Female,Faro
23161,C023162,65,Other,Braga
23162,C023163,19,Male,Faro
23163,C023164,23,Female,Porto
23164,C023165,66,Female,Braga
23165,C023166,68,Female,Braga
23166,C023167,31,Other,Porto
23167,C023168,56,Other,Lisbon
23168,C023169,30,Male,Faro
23169,C023170,47,Female,Lisbon
23170,C023171,21,Other,Lisbon
23171,C023172,58,Female,Faro
23172,C023173,24,Other,Faro
23173,C023174,56,Female,Porto
23174,C023175,54,Male,Lisbon
23175,C023176,43,Male,Porto
23176,C023177,66,Other,Faro
23177,C023178,21,Female,Lisbon
23178,C023179,39,Other,Braga
23179,C023180,28,Other,Lisbon
23180,C023181,66,Female,Lisbon
23181,C023182,63,Other,Lisbon
23182,C023183,68,Male,Lisbon
23183,C023184,25,Male,Porto
23184,C023185,63,Male,Coimbra
23185,C023186,16,Female,Coimbra
23186,C023187,49,Female,Porto
23187,C023188,56,Female,Faro
23188,C023189,69,Female,Lisbon
23189,C023190,22,Female,Coimbra
23190,C023191,44,Male,Coimbra
23191,C023192,18,Male,Porto
23192,C023193,51,Male,Coimbra
23193,C023194,19,Other,Faro
23194,C023195,61,Other,Lisbon
23195,C023196,33,Other,Lisbon
23196,C023197,37,Female,Faro
23197,C023198,25,Other,Faro
23198,C023199,25,Female,Braga
23199,C023200,20,Female,Faro
23200,C023201,35,Male,Porto
23201,C023202,19,Other,Coimbra
23202,C023203,52,Female,Porto
23203,C023204,63,Female,Porto
23204,C023205,68,Female,Lisbon
23205,C023206,21,Female,Porto
23206,C023207,60,Male,Faro
23207,C023208,57,Male,Coimbra
23208,C023209,59,Female,Coimbra
23209,C023210,68,Male,Porto
23210,C023211,44,Other,Coimbra
23211,C023212,69,Other,Coimbra
23212,C023213,18,Other,Lisbon
23213,C023214,38,Female,Braga
23214,C023215,39,Female,Porto
23215,C023216,58,Male,Lisbon
23216,C023217,22,Female,Porto
23217,C023218,67,Male,Faro
23218,C023219,17,Other,Braga
23219,C023220,64,Female,Coimbra
23220,C023221,17,Female,Faro
23221,C023222,42,Other,Braga
23222,C023223,45,Other,Braga
23223,C023224,30,Other,Faro
23224,C023225,31,Male,Braga
23225,C023226,64,Female,Braga
23226,C023227,56,Female,Coimbra
23227,C023228,29,Other,Porto
23228,C023229,48,Female,Faro
23229,C023230,24,Female,Faro
23230,C023231,35,Other,Porto
23231,C023232,49,Male,Braga
23232,C023233,49,Other,Lisbon
23233,C023234,34,Female,Braga
23234,C023235,41,Other,Coimbra
23235,C023236,52,Male,Porto
23236,C023237,49,Other,Coimbra
23237,C023238,60,Male,Coimbra
23238,C023239,33,Male,Coimbra
23239,C023240,39,Female,Coimbra
23240,C023241,54,Female,Braga
23241,C023242,49,Male,Coimbra
23242,C023243,57,Other,Lisbon
23243,C023244,64,Male,Lisbon
23244,C023245,27,Female,Coimbra
23245,C023246,50,Female,Coimbra
23246,C023247,63,Other,Coimbra
23247,C023248,32,Female,Lisbon
23248,C023249,43,Female,Braga
23249,C023250,17,Female,Porto
23250,C023251,36,Female,Braga
23251,C023252,62,Other,Faro
23252,C023253,22,Male,Faro
23253,C023254,61,Male,Faro
23254,C023255,65,Male,Lisbon
23255,C023256,19,Other,Coimbra
23256,C023257,36,Male,Faro
23257,C023258,63,Female,Faro
23258,C023259,17,Other,Lisbon
23259,C023260,48,Female,Lisbon
23260,C023261,46,Other,Porto
23261,C023262,42,Other,Lisbon
23262,C023263,21,Other,Lisbon
23263,C023264,51,Male,Faro
23264,C023265,28,Female,Faro
23265,C023266,27,Male,Coimbra
23266,C023267,60,Male,Lisbon
23267,C023268,35,Other,Porto
23268,C023269,46,Other,Lisbon
23269,C023270,30,Other,Porto
23270,C023271,39,Female,Porto
23271,C023272,29,Female,Porto
23272,C023273,58,Male,Faro
23273,C023274,49,Male,Braga
23274,C023275,28,Male,Lisbon
23275,C023276,48,Male,Porto
23276,C023277,37,Other,Lisbon
23277,C023278,62,Male,Braga
23278,C023279,60,Male,Coimbra
23279,C023280,58,Other,Porto
23280,C023281,36,Female,Coimbra
23281,C023282,21,Male,Coimbra
23282,C023283,36,Female,Coimbra
23283,C023284,41,Female,Porto
23284,C023285,29,Other,Porto
23285,C023286,27,Female,Coimbra
23286,C023287,33,Female,Faro
23287,C023288,64,Female,Coimbra
23288,C023289,31,Male,Coimbra
23289,C023290,68,Other,Braga
23290,C023291,60,Other,Lisbon
23291,C023292,39,Female,Braga
23292,C023293,29,Female,Faro
23293,C023294,49,Other,Braga
23294,C023295,21,Other,Lisbon
23295,C023296,42,Female,Porto
23296,C023297,33,Other,Porto
23297,C023298,69,Other,Lisbon
23298,C023299,22,Female,Faro
23299,C023300,38,Female,Faro
23300,C023301,65,Other,Lisbon
23301,C023302,41,Male,Coimbra
23302,C023303,32,Female,Porto
23303,C023304,44,Other,Coimbra
23304,C023305,40,Female,Braga
23305,C023306,17,Female,Faro
23306,C023307,19,Male,Coimbra
23307,C023308,39,Female,Braga
23308,C023309,38,Other,Faro
23309,C023310,29,Male,Porto
23310,C023311,44,Male,Braga
23311,C023312,40,Male,Lisbon
23312,C023313,66,Male,Coimbra
23313,C023314,33,Other,Coimbra
23314,C023315,18,Female,Faro
23315,C023316,23,Other,Braga
23316,C023317,27,Female,Lisbon
23317,C023318,66,Male,Faro
23318,C023319,20,Other,Porto
23319,C023320,41,Other,Coimbra
23320,C023321,45,Other,Coimbra
23321,C023322,57,Other,Lisbon
23322,C023323,59,Male,Faro
23323,C023324,27,Male,Faro
23324,C023325,43,Other,Porto
23325,C023326,31,Male,Coimbra
23326,C023327,48,Female,Braga
23327,C023328,56,Male,Coimbra
23328,C023329,25,Female,Braga
23329,C023330,18,Male,Braga
23330,C023331,57,Other,Coimbra
23331,C023332,69,Female,Porto
23332,C023333,64,Female,Porto
23333,C023334,50,Other,Lisbon
23334,C023335,23,Female,Lisbon
23335,C023336,55,Other,Coimbra
23336,C023337,39,Male,Porto
23337,C023338,51,Male,Coimbra
23338,C023339,49,Male,Faro
23339,C023340,39,Female,Porto
23340,C023341,64,Other,Braga
23341,C023342,52,Other,Lisbon
23342,C023343,18,Female,Coimbra
23343,C023344,37,Other,Faro
23344,C023345,37,Other,Coimbra
23345,C023346,64,Male,Coimbra
23346,C023347,34,Female,Braga
23347,C023348,53,Male,Coimbra
23348,C023349,43,Other,Porto
23349,C023350,63,Female,Faro
23350,C023351,22,Other,Faro
23351,C023352,23,Other,Porto
23352,C023353,17,Male,Lisbon
23353,C023354,60,Male,Lisbon
23354,C023355,47,Other,Faro
23355,C023356,62,Female,Porto
23356,C023357,36,Male,Faro
23357,C023358,41,Female,Faro
23358,C023359,28,Other,Lisbon
23359,C023360,58,Female,Lisbon
23360,C023361,38,Male,Porto
23361,C023362,67,Other,Porto
23362,C023363,52,Male,Lisbon
23363,C023364,51,Female,Porto
23364,C023365,29,Male,Porto
23365,C023366,28,Female,Braga
23366,C023367,29,Male,Lisbon
23367,C023368,61,Female,Coimbra
23368,C023369,26,Male,Coimbra
23369,C023370,31,Male,Coimbra
23370,C023371,55,Male,Porto
23371,C023372,33,Female,Coimbra
23372,C023373,57,Female,Coimbra
23373,C023374,53,Other,Braga
23374,C023375,38,Other,Lisbon
23375,C023376,35,Female,Lisbon
23376,C023377,25,Other,Braga
23377,C023378,66,Male,Porto
23378,C023379,22,Other,Lisbon
23379,C023380,68,Female,Coimbra
23380,C023381,55,Female,Braga
23381,C023382,46,Other,Braga
23382,C023383,18,Female,Porto
23383,C023384,19,Other,Coimbra
23384,C023385,29,Male,Porto
23385,C023386,30,Other,Coimbra
23386,C023387,42,Male,Faro
23387,C023388,22,Other,Coimbra
23388,C023389,53,Other,Braga
23389,C023390,55,Female,Braga
23390,C023391,34,Female,Porto
23391,C023392,36,Male,Porto
23392,C023393,31,Female,Porto
23393,C023394,37,Female,Braga
23394,C023395,47,Other,Coimbra
23395,C023396,21,Other,Porto
23396,C023397,20,Other,Braga
23397,C023398,61,Female,Coimbra
23398,C023399,37,Other,Porto
23399,C023400,21,Female,Faro
23400,C023401,63,Other,Coimbra
23401,C023402,68,Male,Porto
23402,C023403,30,Male,Porto
23403,C023404,37,Other,Braga
23404,C023405,55,Other,Braga
23405,C023406,58,Other,Lisbon
23406,C023407,23,Male,Braga
23407,C023408,62,Male,Faro
23408,C023409,67,Unknown,Lisbon
23409,C023410,64,Other,Coimbra
23410,C023411,64,Other,Lisbon
23411,C023412,24,Other,Braga
23412,C023413,24,Other,Porto
23413,C023414,40,Other,Lisbon
23414,C023415,33,Other,Faro
23415,C023416,58,Other,Braga
23416,C023417,25,Other,Porto
23417,C023418,29,Male,Lisbon
23418,C023419,59,Female,Coimbra
23419,C023420,18,Male,Braga
23420,C023421,17,Female,Faro
23421,C023422,53,Male,Braga
23422,C023423,41,Female,Coimbra
23423,C023424,66,Male,Braga
23424,C023425,48,Female,Lisbon
23425,C023426,28,Male,Braga
23426,C023427,32,Female,Lisbon
23427,C023428,50,Other,Braga
23428,C023429,37,Other,Porto
23429,C023430,68,Female,Braga
23430,C023431,49,Male,Braga
23431,C023432,51,Male,Braga
23432,C023433,51,Female,Faro
23433,C023434,32,Male,Lisbon
23434,C023435,21,Female,Porto
23435,C023436,32,Female,Coimbra
23436,C023437,64,Female,Porto
23437,C023438,69,Female,Porto
23438,C023439,55,Female,Coimbra
23439,C023440,64,Female,Porto
23440,C023441,52,Female,Braga
23441,C023442,38,Other,Coimbra
23442,C023443,19,Female,Faro
23443,C023444,41,Male,Faro
23444,C023445,20,Male,Braga
23445,C023446,63,Female,Faro
23446,C023447,62,Other,Faro
23447,C023448,64,Male,Faro
23448,C023449,47,Female,Porto
23449,C023450,29,Male,Porto
23450,C023451,20,Female,Faro
23451,C023452,29,Female,Braga
23452,C023453,48,Male,Faro
23453,C023454,66,Other,Coimbra
23454,C023455,33,Other,Braga
23455,C023456,65,Female,Lisbon
23456,C023457,29,Female,Coimbra
23457,C023458,35,Female,Coimbra
23458,C023459,43,Female,Braga
23459,C023460,23,Female,Coimbra
23460,C023461,66,Other,Faro
23461,C023462,21,Other,Lisbon
23462,C023463,53,Female,Faro
23463,C023464,66,Other,Braga
23464,C023465,21,Other,Faro
23465,C023466,52,Other,Lisbon
23466,C023467,47,Male,Coimbra
23467,C023468,16,Female,Faro
23468,C023469,24,Female,Coimbra
23469,C023470,66,Female,Faro
23470,C023471,67,Male,Faro
23471,C023472,67,Other,Coimbra
23472,C023473,40,Female,Lisbon
23473,C023474,50,Other,Coimbra
23474,C023475,20,Female,Porto
23475,C023476,27,Female,Braga
23476,C023477,66,Female,Braga
23477,C023478,46,Other,Porto
23478,C023479,16,Female,Coimbra
23479,C023480,45,Other,Faro
23480,C023481,58,Male,Braga
23481,C023482,50,Other,Coimbra
23482,C023483,67,Female,Braga
23483,C023484,66,Female,Coimbra
23484,C023485,54,Other,Faro
23485,C023486,53,Other,Coimbra
23486,C023487,34,Male,Porto
23487,C023488,41,Female,Faro
23488,C023489,25,Male,Porto
23489,C023490,50,Male,Porto
23490,C023491,64,Other,Porto
23491,C023492,47,Male,Faro
23492,C023493,23,Other,Lisbon
23493,C023494,16,Male,Lisbon
23494,C023495,27,Male,Porto
23495,C023496,17,Female,Faro
23496,C023497,41,Other,Braga
23497,C023498,56,Female,Lisbon
23498,C023499,63,Male,Lisbon
23499,C023500,59,Other,Lisbon
23500,C023501,45,Male,Lisbon
23501,C023502,34,Other,Braga
23502,C023503,62,Female,Coimbra
23503,C023504,44,Female,Porto
23504,C023505,38,Male,Coimbra
23505,C023506,22,Other,Lisbon
23506,C023507,49,Female,Porto
23507,C023508,60,Male,Coimbra
23508,C023509,42,Male,Braga
23509,C023510,60,Other,Braga
23510,C023511,50,Other,Lisbon
23511,C023512,16,Other,Braga
23512,C023513,36,Male,Faro
23513,C023514,38,Other,Lisbon
23514,C023515,69,Male,Faro
23515,C023516,26,Other,Porto
23516,C023517,30,Female,Braga
23517,C023518,28,Male,Coimbra
23518,C023519,59,Male,Braga
23519,C023520,53,Male,Braga
23520,C023521,36,Male,Lisbon
23521,C023522,43,Female,Faro
23522,C023523,55,Male,Braga
23523,C023524,51,Female,Braga
23524,C023525,30,Other,Faro
23525,C023526,41,Female,Porto
23526,C023527,44,Male,Faro
23527,C023528,69,Other,Faro
23528,C023529,63,Female,Braga
23529,C023530,24,Other,Coimbra
23530,C023531,66,Female,Braga
23531,C023532,68,Male,Lisbon
23532,C023533,33,Male,Lisbon
23533,C023534,38,Other,Braga
23534,C023535,18,Male,Coimbra
23535,C023536,22,Male,Porto
23536,C023537,50,Other,Braga
23537,C023538,48,Male,Faro
23538,C023539,56,Male,Lisbon
23539,C023540,47,Female,Porto
23540,C023541,25,Male,Porto
23541,C023542,34,Other,Coimbra
23542,C023543,40,Other,Faro
23543,C023544,46,Female,Faro
23544,C023545,36,Female,Faro
23545,C023546,64,Female,Braga
23546,C023547,28,Female,Lisbon
23547,C023548,69,Male,Faro
23548,C023549,66,Female,Faro
23549,C023550,26,Other,Braga
23550,C023551,31,Male,Porto
23551,C023552,36,Female,Braga
23552,C023553,28,Male,Faro
23553,C023554,48,Male,Braga
23554,C023555,63,Male,Faro
23555,C023556,62,Other,Coimbra
23556,C023557,59,Other,Faro
23557,C023558,41,Female,Coimbra
23558,C023559,33,Male,Porto
23559,C023560,32,Other,Faro
23560,C023561,27,Other,Coimbra
23561,C023562,66,Male,Lisbon
23562,C023563,28,Male,Faro
23563,C023564,66,Female,Faro
23564,C023565,53,Male,Braga
23565,C023566,68,Female,Porto
23566,C023567,43,Female,Porto
23567,C023568,47,Other,Faro
23568,C023569,38,Male,Coimbra
23569,C023570,41,Other,Porto
23570,C023571,30,Male,Porto
23571,C023572,17,Other,Faro
23572,C023573,67,Female,Faro
23573,C023574,49,Female,Porto
23574,C023575,25,Male,Lisbon
23575,C023576,27,Other,Coimbra
23576,C023577,51,Male,Porto
23577,C023578,52,Female,Coimbra
23578,C023579,44,Female,Lisbon
23579,C023580,45,Male,Porto
23580,C023581,55,Other,Faro
23581,C023582,26,Other,Porto
23582,C023583,39,Male,Faro
23583,C023584,47,Female,Lisbon
23584,C023585,51,Female,Porto
23585,C023586,29,Other,Faro
23586,C023587,25,Female,Lisbon
23587,C023588,53,Female,Coimbra
23588,C023589,36,Female,Coimbra
23589,C023590,22,Male,Braga
23590,C023591,37,Male,Faro
23591,C023592,16,Female,Braga
23592,C023593,59,Female,Lisbon
23593,C023594,61,Female,Braga
23594,C023595,43,Male,Faro
23595,C023596,25,Other,Faro
23596,C023597,27,Male,Lisbon
23597,C023598,40,Male,Braga
23598,C023599,22,Female,Porto
23599,C023600,49,Female,Coimbra
23600,C023601,45,Male,Lisbon
23601,C023602,55,Female,Faro
23602,C023603,32,Female,Faro
23603,C023604,48,Male,Coimbra
23604,C023605,52,Female,Faro
23605,C023606,31,Female,Braga
23606,C023607,65,Male,Faro
23607,C023608,24,Male,Coimbra
23608,C023609,43,Male,Coimbra
23609,C023610,66,Male,Lisbon
23610,C023611,46,Male,Coimbra
23611,C023612,39,Female,Lisbon
23612,C023613,19,Female,Coimbra
23613,C023614,19,Male,Porto
23614,C023615,62,Male,Braga
23615,C023616,55,Other,Lisbon
23616,C023617,24,Other,Coimbra
23617,C023618,24,Other,Faro
23618,C023619,66,Other,Faro
23619,C023620,20,Female,Porto
23620,C023621,24,Female,Coimbra
23621,C023622,41,Male,Faro
23622,C023623,32,Other,Faro
23623,C023624,40,Other,Coimbra
23624,C023625,50,Male,Faro
23625,C023626,32,Male,Faro
23626,C023627,37,Male,Lisbon
23627,C023628,26,Female,Porto
23628,C023629,67,Other,Porto
23629,C023630,47,Male,Faro
23630,C023631,55,Female,Faro
23631,C023632,32,Male,Lisbon
23632,C023633,28,Male,Faro
23633,C023634,38,Other,Porto
23634,C023635,32,Female,Lisbon
23635,C023636,63,Male,Lisbon
23636,C023637,33,Female,Lisbon
23637,C023638,23,Other,Braga
23638,C023639,21,Unknown,Faro
23639,C023640,57,Female,Faro
23640,C023641,51,Female,Braga
23641,C023642,26,Female,Braga
23642,C023643,62,Female,Faro
23643,C023644,39,Male,Porto
23644,C023645,54,Female,Braga
23645,C023646,47,Male,Porto
23646,C023647,57,Other,Faro
23647,C023648,52,Other,Lisbon
23648,C023649,35,Female,Coimbra
23649,C023650,50,Female,Porto
23650,C023651,20,Male,Faro
23651,C023652,21,Female,Braga
23652,C023653,36,Male,Porto
23653,C023654,31,Other,Lisbon
23654,C023655,66,Male,Lisbon
23655,C023656,20,Male,Lisbon
23656,C023657,23,Female,Porto
23657,C023658,18,Other,Faro
23658,C023659,37,Male,Coimbra
23659,C023660,53,Male,Faro
23660,C023661,38,Male,Lisbon
23661,C023662,67,Male,Braga
23662,C023663,47,Male,Braga
23663,C023664,65,Other,Lisbon
23664,C023665,41,Other,Faro
23665,C023666,36,Male,Braga
23666,C023667,67,Female,Coimbra
23667,C023668,64,Other,Faro
23668,C023669,34,Other,Porto
23669,C023670,31,Other,Braga
23670,C023671,43,Female,Coimbra
23671,C023672,29,Female,Porto
23672,C023673,58,Other,Porto
23673,C023674,49,Male,Braga
23674,C023675,23,Female,Faro
23675,C023676,16,Female,Braga
23676,C023677,44,Female,Braga
23677,C023678,51,Female,Faro
23678,C023679,33,Male,Coimbra
23679,C023680,40,Female,Faro
23680,C023681,30,Male,Braga
23681,C023682,29,Male,Porto
23682,C023683,21,Male,Faro
23683,C023684,35,Other,Lisbon
23684,C023685,28,Other,Faro
23685,C023686,69,Female,Lisbon
23686,C023687,63,Other,Braga
23687,C023688,53,Other,Braga
23688,C023689,47,Female,Faro
23689,C023690,21,Other,Coimbra
23690,C023691,58,Female,Braga
23691,C023692,48,Other,Lisbon
23692,C023693,63,Other,Coimbra
23693,C023694,66,Female,Coimbra
23694,C023695,50,Other,Porto
23695,C023696,22,Male,Lisbon
23696,C023697,69,Male,Lisbon
23697,C023698,30,Other,Coimbra
23698,C023699,46,Unknown,Coimbra
23699,C023700,19,Female,Coimbra
23700,C023701,27,Other,Coimbra
23701,C023702,46,Male,Braga
23702,C023703,32,Female,Coimbra
23703,C023704,48,Female,Braga
23704,C023705,49,Other,Lisbon
23705,C023706,17,Male,Coimbra
23706,C023707,42,Other,Lisbon
23707,C023708,43,Male,Porto
23708,C023709,38,Other,Coimbra
23709,C023710,45,Female,Coimbra
23710,C023711,21,Other,Lisbon
23711,C023712,64,Female,Coimbra
23712,C023713,42,Other,Faro
23713,C023714,20,Female,Braga
23714,C023715,57,Male,Faro
23715,C023716,28,Male,Faro
23716,C023717,56,Other,Porto
23717,C023718,27,Other,Faro
23718,C023719,64,Other,Faro
23719,C023720,49,Other,Lisbon
23720,C023721,33,Female,Lisbon
23721,C023722,42,Male,Braga
23722,C023723,63,Other,Coimbra
23723,C023724,27,Female,Lisbon
23724,C023725,69,Other,Porto
23725,C023726,35,Male,Porto
23726,C023727,17,Male,Braga
23727,C023728,34,Female,Braga
23728,C023729,25,Other,Faro
23729,C023730,26,Male,Lisbon
23730,C023731,62,Other,Faro
23731,C023732,35,Other,Braga
23732,C023733,47,Female,Lisbon
23733,C023734,26,Other,Porto
23734,C023735,22,Male,Braga
23735,C023736,69,Male,Lisbon
23736,C023737,24,Other,Braga
23737,C023738,23,Other,Coimbra
23738,C023739,33,Female,Faro
23739,C023740,62,Male,Coimbra
23740,C023741,44,Female,Lisbon
23741,C023742,38,Female,Faro
23742,C023743,59,Male,Braga
23743,C023744,24,Female,Braga
23744,C023745,26,Other,Coimbra
23745,C023746,58,Male,Porto
23746,C023747,60,Male,Porto
23747,C023748,50,Female,Faro
23748,C023749,62,Female,Lisbon
23749,C023750,55,Female,Faro
23750,C023751,67,Male,Faro
23751,C023752,53,Female,Lisbon
23752,C023753,37,Female,Coimbra
23753,C023754,20,Other,Lisbon
23754,C023755,27,Other,Braga
23755,C023756,17,Female,Coimbra
23756,C023757,24,Male,Braga
23757,C023758,55,Other,Coimbra
23758,C023759,45,Female,Braga
23759,C023760,44,Male,Lisbon
23760,C023761,63,Male,Braga
23761,C023762,61,Other,Braga
23762,C023763,24,Female,Porto
23763,C023764,25,Other,Lisbon
23764,C023765,49,Male,Braga
23765,C023766,67,Male,Faro
23766,C023767,28,Other,Braga
23767,C023768,36,Other,Braga
23768,C023769,69,Male,Porto
23769,C023770,57,Female,Braga
23770,C023771,32,Female,Braga
23771,C023772,40,Male,Faro
23772,C023773,35,Male,Coimbra
23773,C023774,24,Male,Lisbon
23774,C023775,23,Male,Porto
23775,C023776,56,Male,Faro
23776,C023777,18,Female,Porto
23777,C023778,57,Male,Faro
23778,C023779,54,Male,Coimbra
23779,C023780,36,Male,Faro
23780,C023781,57,Male,Faro
23781,C023782,66,Other,Braga
23782,C023783,26,Other,Porto
23783,C023784,57,Male,Lisbon
23784,C023785,58,Other,Faro
23785,C023786,23,Male,Faro
23786,C023787,47,Other,Faro
23787,C023788,49,Other,Porto
23788,C023789,24,Female,Faro
23789,C023790,42,Other,Coimbra
23790,C023791,57,Other,Faro
23791,C023792,33,Female,Coimbra
23792,C023793,57,Male,Faro
23793,C023794,31,Female,Porto
23794,C023795,69,Male,Porto
23795,C023796,26,Female,Faro
23796,C023797,63,Male,Faro
23797,C023798,36,Other,Faro
23798,C023799,62,Other,Faro
23799,C023800,48,Male,Coimbra
23800,C023801,59,Other,Lisbon
23801,C023802,28,Male,Braga
23802,C023803,33,Other,Coimbra
23803,C023804,18,Male,Braga
23804,C023805,20,Female,Porto
23805,C023806,54,Female,Coimbra
23806,C023807,21,Other,Faro
23807,C023808,69,Female,Coimbra
23808,C023809,58,Male,Lisbon
23809,C023810,40,Male,Porto
23810,C023811,69,Female,Lisbon
23811,C023812,56,Other,Coimbra
23812,C023813,26,Female,Porto
23813,C023814,31,Female,Lisbon
23814,C023815,45,Other,Porto
23815,C023816,36,Other,Porto
23816,C023817,60,Male,Porto
23817,C023818,63,Male,Lisbon
23818,C023819,68,Other,Lisbon
23819,C023820,68,Other,Faro
23820,C023821,54,Male,Braga
23821,C023822,29,Male,Braga
23822,C023823,44,Male,Coimbra
23823,C023824,49,Male,Porto
23824,C023825,55,Female,Lisbon
23825,C023826,20,Other,Porto
23826,C023827,50,Other,Porto
23827,C023828,28,Male,Coimbra
23828,C023829,63,Other,Braga
23829,C023830,69,Female,Porto
23830,C023831,53,Male,Coimbra
23831,C023832,37,Other,Porto
23832,C023833,27,Female,Lisbon
23833,C023834,17,Male,Lisbon
23834,C023835,62,Male,Braga
23835,C023836,59,Female,Coimbra
23836,C023837,62,Other,Lisbon
23837,C023838,51,Other,Faro
23838,C023839,52,Other,Lisbon
23839,C023840,43,Female,Lisbon
23840,C023841,32,Male,Lisbon
23841,C023842,35,Other,Lisbon
23842,C023843,28,Unknown,Porto
23843,C023844,31,Female,Porto
23844,C023845,18,Other,Lisbon
23845,C023846,42,Female,Porto
23846,C023847,33,Other,Coimbra
23847,C023848,41,Other,Braga
23848,C023849,43,Male,Coimbra
23849,C023850,27,Male,Coimbra
23850,C023851,68,Other,Lisbon
23851,C023852,40,Unknown,Coimbra
23852,C023853,51,Other,Porto
23853,C023854,43,Female,Porto
23854,C023855,63,Female,Coimbra
23855,C023856,51,Other,Porto
23856,C023857,54,Other,Porto
23857,C023858,36,Female,Faro
23858,C023859,26,Female,Porto
23859,C023860,47,Other,Faro
23860,C023861,61,Other,Lisbon
23861,C023862,16,Female,Faro
23862,C023863,54,Male,Braga
23863,C023864,62,Other,Braga
23864,C023865,51,Female,Porto
23865,C023866,47,Female,Faro
23866,C023867,53,Female,Lisbon
23867,C023868,64,Female,Braga
23868,C023869,53,Other,Coimbra
23869,C023870,39,Female,Porto
23870,C023871,29,Female,Lisbon
23871,C023872,35,Other,Lisbon
23872,C023873,36,Male,Braga
23873,C023874,21,Female,Lisbon
23874,C023875,18,Male,Faro
23875,C023876,66,Female,Lisbon
23876,C023877,21,Male,Porto
23877,C023878,16,Male,Faro
23878,C023879,41,Other,Coimbra
23879,C023880,46,Male,Faro
23880,C023881,46,Other,Porto
23881,C023882,18,Other,Porto
23882,C023883,40,Other,Faro
23883,C023884,26,Other,Lisbon
23884,C023885,32,Male,Porto
23885,C023886,62,Other,Braga
23886,C023887,67,Male,Faro
23887,C023888,62,Female,Faro
23888,C023889,43,Other,Faro
23889,C023890,50,Male,Porto
23890,C023891,50,Female,Lisbon
23891,C023892,42,Other,Coimbra
23892,C023893,23,Other,Porto
23893,C023894,22,Other,Faro
23894,C023895,39,Other,Faro
23895,C023896,33,Female,Porto
23896,C023897,17,Female,Coimbra
23897,C023898,23,Male,Lisbon
23898,C023899,55,Male,Faro
23899,C023900,66,Female,Coimbra
23900,C023901,41,Female,Lisbon
23901,C023902,42,Other,Porto
23902,C023903,30,Other,Coimbra
23903,C023904,53,Male,Porto
23904,C023905,51,Other,Porto
23905,C023906,55,Male,Porto
23906,C023907,24,Male,Braga
23907,C023908,36,Male,Porto
23908,C023909,69,Female,Braga
23909,C023910,31,Other,Lisbon
23910,C023911,21,Other,Porto
23911,C023912,42,Other,Lisbon
23912,C023913,44,Other,Porto
23913,C023914,20,Male,Lisbon
23914,C023915,42,Male,Braga
23915,C023916,48,Other,Faro
23916,C023917,52,Unknown,Braga
23917,C023918,26,Female,Faro
23918,C023919,52,Male,Faro
23919,C023920,27,Other,Lisbon
23920,C023921,57,Female,Porto
23921,C023922,69,Other,Coimbra
23922,C023923,67,Male,Porto
23923,C023924,49,Other,Faro
23924,C023925,68,Other,Faro
23925,C023926,40,Female,Coimbra
23926,C023927,36,Male,Porto
23927,C023928,61,Female,Faro
23928,C023929,20,Female,Braga
23929,C023930,35,Female,Lisbon
23930,C023931,34,Male,Braga
23931,C023932,39,Other,Faro
23932,C023933,23,Other,Faro
23933,C023934,35,Male,Lisbon
23934,C023935,36,Other,Porto
23935,C023936,43,Male,Porto
23936,C023937,25,Other,Porto
23937,C023938,55,Other,Lisbon
23938,C023939,47,Female,Porto
23939,C023940,45,Other,Lisbon
23940,C023941,29,Male,Lisbon
23941,C023942,51,Female,Faro
23942,C023943,29,Other,Lisbon
23943,C023944,25,Male,Porto
23944,C023945,26,Male,Coimbra
23945,C023946,25,Female,Porto
23946,C023947,34,Other,Coimbra
23947,C023948,59,Other,Faro
23948,C023949,27,Other,Braga
23949,C023950,23,Other,Coimbra
23950,C023951,39,Female,Braga
23951,C023952,53,Female,Coimbra
23952,C023953,48,Male,Coimbra
23953,C023954,65,Male,Braga
23954,C023955,19,Male,Lisbon
23955,C023956,41,Female,Faro
23956,C023957,41,Male,Braga
23957,C023958,65,Male,Braga
23958,C023959,21,Other,Braga
23959,C023960,22,Other,Faro
23960,C023961,33,Female,Faro
23961,C023962,32,Other,Coimbra
23962,C023963,45,Other,Porto
23963,C023964,69,Female,Porto
23964,C023965,56,Other,Faro
23965,C023966,69,Female,Braga
23966,C023967,50,Female,Porto
23967,C023968,44,Female,Lisbon
23968,C023969,48,Female,Coimbra
23969,C023970,21,Other,Porto
23970,C023971,41,Male,Faro
23971,C023972,62,Other,Braga
23972,C023973,60,Male,Faro
23973,C023974,35,Female,Braga
23974,C023975,42,Other,Faro
23975,C023976,45,Female,Coimbra
23976,C023977,30,Female,Coimbra
23977,C023978,51,Male,Lisbon
23978,C023979,49,Female,Porto
23979,C023980,30,Other,Faro
23980,C023981,36,Female,Lisbon
23981,C023982,59,Male,Lisbon
23982,C023983,16,Other,Braga
23983,C023984,58,Male,Faro
23984,C023985,38,Other,Faro
23985,C023986,31,Female,Braga
23986,C023987,21,Male,Braga
23987,C023988,32,Male,Braga
23988,C023989,41,Male,Porto
23989,C023990,42,Female,Braga
23990,C023991,45,Other,Braga
23991,C023992,38,Female,Faro
23992,C023993,41,Other,Braga
23993,C023994,61,Female,Faro
23994,C023995,58,Male,Lisbon
23995,C023996,54,Male,Coimbra
23996,C023997,39,Male,Braga
23997,C023998,21,Male,Faro
23998,C023999,60,Female,Coimbra
23999,C024000,38,Unknown,Faro
24000,C024001,50,Other,Porto
24001,C024002,68,Male,Coimbra
24002,C024003,43,Other,Lisbon
24003,C024004,29,Male,Coimbra
24004,C024005,69,Female,Faro
24005,C024006,66,Female,Coimbra
24006,C024007,52,Male,Lisbon
24007,C024008,68,Female,Coimbra
24008,C024009,39,Female,Braga
24009,C024010,25,Female,Braga
24010,C024011,47,Female,Lisbon
24011,C024012,23,Other,Porto
24012,C024013,35,Other,Porto
24013,C024014,59,Male,Porto
24014,C024015,22,Other,Braga
24015,C024016,18,Other,Faro
24016,C024017,57,Other,Braga
24017,C024018,36,Male,Braga
24018,C024019,35,Other,Braga
24019,C024020,49,Other,Coimbra
24020,C024021,58,Female,Porto
24021,C024022,37,Other,Faro
24022,C024023,60,Male,Faro
24023,C024024,52,Male,Lisbon
24024,C024025,64,Other,Faro
24025,C024026,22,Male,Porto
24026,C024027,52,Male,Braga
24027,C024028,30,Male,Coimbra
24028,C024029,67,Other,Lisbon
24029,C024030,25,Female,Faro
24030,C024031,69,Female,Faro
24031,C024032,61,Male,Faro
24032,C024033,33,Female,Porto
24033,C024034,43,Male,Coimbra
24034,C024035,60,Other,Lisbon
24035,C024036,39,Other,Lisbon
24036,C024037,61,Male,Lisbon
24037,C024038,29,Female,Braga
24038,C024039,39,Male,Braga
24039,C024040,30,Other,Lisbon
24040,C024041,48,Female,Coimbra
24041,C024042,35,Female,Lisbon
24042,C024043,51,Male,Braga
24043,C024044,47,Other,Faro
24044,C024045,37,Other,Faro
24045,C024046,58,Male,Braga
24046,C024047,55,Female,Faro
24047,C024048,27,Female,Coimbra
24048,C024049,46,Male,Faro
24049,C024050,60,Other,Faro
24050,C024051,42,Other,Coimbra
24051,C024052,60,Male,Faro
24052,C024053,61,Female,Coimbra
24053,C024054,61,Female,Porto
24054,C024055,30,Male,Braga
24055,C024056,67,Female,Lisbon
24056,C024057,66,Female,Lisbon
24057,C024058,36,Male,Porto
24058,C024059,48,Other,Coimbra
24059,C024060,69,Female,Faro
24060,C024061,55,Female,Porto
24061,C024062,26,Female,Porto
24062,C024063,16,Other,Lisbon
24063,C024064,54,Other,Braga
24064,C024065,35,Other,Coimbra
24065,C024066,65,Male,Braga
24066,C024067,18,Male,Lisbon
24067,C024068,28,Female,Faro
24068,C024069,53,Male,Faro
24069,C024070,66,Male,Lisbon
24070,C024071,47,Male,Faro
24071,C024072,23,Other,Faro
24072,C024073,28,Female,Lisbon
24073,C024074,52,Male,Coimbra
24074,C024075,43,Male,Braga
24075,C024076,29,Male,Coimbra
24076,C024077,69,Other,Lisbon
24077,C024078,36,Female,Coimbra
24078,C024079,29,Other,Porto
24079,C024080,23,Male,Coimbra
24080,C024081,58,Male,Lisbon
24081,C024082,58,Other,Lisbon
24082,C024083,24,Male,Braga
24083,C024084,42,Female,Faro
24084,C024085,48,Female,Porto
24085,C024086,31,Female,Lisbon
24086,C024087,49,Male,Faro
24087,C024088,34,Male,Porto
24088,C024089,23,Female,Braga
24089,C024090,56,Other,Faro
24090,C024091,56,Other,Braga
24091,C024092,63,Female,Coimbra
24092,C024093,58,Female,Lisbon
24093,C024094,23,Other,Lisbon
24094,C024095,38,Other,Faro
24095,C024096,18,Other,Lisbon
24096,C024097,40,Female,Lisbon
24097,C024098,18,Other,Braga
24098,C024099,37,Male,Lisbon
24099,C024100,59,Male,Coimbra
24100,C024101,54,Female,Porto
24101,C024102,41,Female,Faro
24102,C024103,22,Other,Lisbon
24103,C024104,60,Other,Faro
24104,C024105,16,Female,Braga
24105,C024106,44,Other,Faro
24106,C024107,45,Male,Coimbra
24107,C024108,39,Other,Porto
24108,C024109,63,Other,Lisbon
24109,C024110,25,Male,Coimbra
24110,C024111,48,Other,Lisbon
24111,C024112,60,Male,Lisbon
24112,C024113,58,Other,Lisbon
24113,C024114,28,Female,Coimbra
24114,C024115,40,Female,Coimbra
24115,C024116,67,Other,Lisbon
24116,C024117,25,Female,Porto
24117,C024118,34,Female,Lisbon
24118,C024119,56,Other,Porto
24119,C024120,46,Other,Lisbon
24120,C024121,39,Female,Faro
24121,C024122,62,Male,Lisbon
24122,C024123,68,Male,Lisbon
24123,C024124,35,Male,Faro
24124,C024125,50,Other,Coimbra
24125,C024126,64,Other,Braga
24126,C024127,61,Male,Braga
24127,C024128,32,Male,Braga
24128,C024129,54,Other,Coimbra
24129,C024130,22,Other,Porto
24130,C024131,27,Female,Lisbon
24131,C024132,61,Unknown,Braga
24132,C024133,20,Other,Faro
24133,C024134,29,Female,Braga
24134,C024135,51,Other,Faro
24135,C024136,56,Other,Braga
24136,C024137,65,Other,Coimbra
24137,C024138,66,Male,Lisbon
24138,C024139,59,Female,Faro
24139,C024140,20,Male,Coimbra
24140,C024141,34,Other,Faro
24141,C024142,55,Other,Coimbra
24142,C024143,51,Female,Coimbra
24143,C024144,31,Other,Braga
24144,C024145,55,Female,Porto
24145,C024146,32,Other,Braga
24146,C024147,54,Female,Lisbon
24147,C024148,40,Male,Lisbon
24148,C024149,21,Other,Coimbra
24149,C024150,54,Male,Porto
24150,C024151,41,Other,Braga
24151,C024152,44,Male,Porto
24152,C024153,40,Male,Porto
24153,C024154,36,Female,Braga
24154,C024155,50,Other,Porto
24155,C024156,63,Male,Coimbra
24156,C024157,18,Female,Lisbon
24157,C024158,29,Female,Lisbon
24158,C024159,69,Other,Lisbon
24159,C024160,39,Female,Porto
24160,C024161,51,Other,Lisbon
24161,C024162,69,Other,Faro
24162,C024163,65,Female,Faro
24163,C024164,22,Female,Faro
24164,C024165,16,Other,Braga
24165,C024166,35,Other,Lisbon
24166,C024167,59,Other,Braga
24167,C024168,66,Male,Faro
24168,C024169,34,Female,Coimbra
24169,C024170,22,Other,Coimbra
24170,C024171,41,Female,Coimbra
24171,C024172,63,Female,Lisbon
24172,C024173,65,Female,Lisbon
24173,C024174,56,Female,Faro
24174,C024175,42,Female,Braga
24175,C024176,27,Other,Porto
24176,C024177,57,Other,Lisbon
24177,C024178,62,Male,Braga
24178,C024179,63,Female,Porto
24179,C024180,65,Female,Coimbra
24180,C024181,28,Unknown,Coimbra
24181,C024182,17,Other,Braga
24182,C024183,26,Male,Faro
24183,C024184,54,Male,Faro
24184,C024185,61,Male,Lisbon
24185,C024186,40,Other,Braga
24186,C024187,59,Male,Faro
24187,C024188,20,Other,Faro
24188,C024189,69,Male,Coimbra
24189,C024190,32,Female,Lisbon
24190,C024191,25,Female,Braga
24191,C024192,38,Other,Braga
24192,C024193,66,Female,Faro
24193,C024194,20,Female,Lisbon
24194,C024195,44,Other,Coimbra
24195,C024196,38,Female,Coimbra
24196,C024197,37,Other,Braga
24197,C024198,30,Other,Coimbra
24198,C024199,40,Male,Coimbra
24199,C024200,54,Other,Porto
24200,C024201,47,Other,Porto
24201,C024202,53,Other,Coimbra
24202,C024203,33,Male,Coimbra
24203,C024204,21,Other,Porto
24204,C024205,57,Male,Lisbon
24205,C024206,33,Other,Coimbra
24206,C024207,44,Other,Braga
24207,C024208,54,Female,Lisbon
24208,C024209,69,Male,Lisbon
24209,C024210,54,Other,Coimbra
24210,C024211,30,Female,Coimbra
24211,C024212,49,Male,Lisbon
24212,C024213,17,Female,Coimbra
24213,C024214,24,Male,Porto
24214,C024215,21,Other,Lisbon
24215,C024216,31,Other,Faro
24216,C024217,35,Female,Coimbra
24217,C024218,32,Female,Porto
24218,C024219,67,Female,Coimbra
24219,C024220,29,Female,Braga
24220,C024221,48,Female,Lisbon
24221,C024222,61,Female,Lisbon
24222,C024223,44,Male,Braga
24223,C024224,36,Male,Lisbon
24224,C024225,63,Male,Braga
24225,C024226,25,Male,Porto
24226,C024227,57,Other,Coimbra
24227,C024228,46,Other,Coimbra
24228,C024229,66,Female,Braga
24229,C024230,63,Female,Faro
24230,C024231,29,Male,Faro
24231,C024232,53,Female,Braga
24232,C024233,30,Female,Faro
24233,C024234,52,Male,Coimbra
24234,C024235,23,Female,Lisbon
24235,C024236,47,Female,Lisbon
24236,C024237,39,Other,Braga
24237,C024238,43,Other,Lisbon
24238,C024239,22,Female,Coimbra
24239,C024240,45,Male,Lisbon
24240,C024241,34,Male,Coimbra
24241,C024242,42,Male,Faro
24242,C024243,31,Female,Faro
24243,C024244,47,Male,Braga
24244,C024245,66,Other,Porto
24245,C024246,30,Female,Lisbon
24246,C024247,49,Female,Lisbon
24247,C024248,18,Female,Coimbra
24248,C024249,35,Female,Porto
24249,C024250,52,Other,Lisbon
24250,C024251,29,Male,Braga
24251,C024252,35,Other,Coimbra
24252,C024253,40,Male,Coimbra
24253,C024254,50,Female,Porto
24254,C024255,28,Male,Faro
24255,C024256,31,Unknown,Porto
24256,C024257,42,Male,Lisbon
24257,C024258,65,Male,Lisbon
24258,C024259,47,Male,Coimbra
24259,C024260,31,Female,Braga
24260,C024261,56,Male,Lisbon
24261,C024262,58,Female,Lisbon
24262,C024263,23,Other,Coimbra
24263,C024264,52,Male,Lisbon
24264,C024265,58,Female,Porto
24265,C024266,67,Other,Coimbra
24266,C024267,67,Female,Braga
24267,C024268,36,Other,Lisbon
24268,C024269,28,Female,Porto
24269,C024270,64,Female,Faro
24270,C024271,44,Male,Lisbon
24271,C024272,16,Other,Faro
24272,C024273,25,Female,Coimbra
24273,C024274,53,Other,Faro
24274,C024275,32,Other,Porto
24275,C024276,60,Female,Porto
24276,C024277,22,Male,Braga
24277,C024278,46,Male,Porto
24278,C024279,61,Female,Lisbon
24279,C024280,60,Unknown,Porto
24280,C024281,33,Other,Lisbon
24281,C024282,30,Other,Coimbra
24282,C024283,62,Other,Faro
24283,C024284,38,Male,Lisbon
24284,C024285,59,Female,Lisbon
24285,C024286,16,Other,Coimbra
24286,C024287,59,Female,Coimbra
24287,C024288,58,Female,Lisbon
24288,C024289,48,Female,Lisbon
24289,C024290,67,Male,Coimbra
24290,C024291,45,Other,Porto
24291,C024292,20,Male,Porto
24292,C024293,48,Other,Porto
24293,C024294,36,Other,Lisbon
24294,C024295,34,Female,Porto
24295,C024296,48,Female,Coimbra
24296,C024297,69,Male,Faro
24297,C024298,31,Female,Coimbra
24298,C024299,57,Female,Porto
24299,C024300,29,Female,Lisbon
24300,C024301,17,Other,Coimbra
24301,C024302,49,Other,Coimbra
24302,C024303,37,Other,Faro
24303,C024304,55,Male,Braga
24304,C024305,51,Male,Porto
24305,C024306,68,Female,Porto
24306,C024307,65,Other,Coimbra
24307,C024308,40,Female,Lisbon
24308,C024309,41,Other,Lisbon
24309,C024310,18,Male,Faro
24310,C024311,26,Other,Coimbra
24311,C024312,52,Other,Lisbon
24312,C024313,48,Other,Braga
24313,C024314,36,Other,Coimbra
24314,C024315,41,Other,Faro
24315,C024316,21,Female,Porto
24316,C024317,65,Other,Faro
24317,C024318,19,Other,Braga
24318,C024319,57,Female,Lisbon
24319,C024320,43,Other,Braga
24320,C024321,36,Female,Porto
24321,C024322,24,Male,Coimbra
24322,C024323,36,Other,Coimbra
24323,C024324,67,Male,Faro
24324,C024325,54,Other,Porto
24325,C024326,53,Male,Coimbra
24326,C024327,29,Other,Coimbra
24327,C024328,47,Male,Lisbon
24328,C024329,67,Other,Faro
24329,C024330,16,Male,Faro
24330,C024331,54,Other,Braga
24331,C024332,45,Male,Coimbra
24332,C024333,21,Male,Faro
24333,C024334,29,Other,Coimbra
24334,C024335,66,Other,Braga
24335,C024336,18,Female,Lisbon
24336,C024337,39,Female,Coimbra
24337,C024338,31,Male,Faro
24338,C024339,38,Female,Lisbon
24339,C024340,50,Male,Porto
24340,C024341,36,Female,Faro
24341,C024342,57,Female,Coimbra
24342,C024343,19,Male,Braga
24343,C024344,37,Female,Coimbra
24344,C024345,30,Other,Braga
24345,C024346,42,Other,Faro
24346,C024347,52,Male,Faro
24347,C024348,18,Other,Coimbra
24348,C024349,31,Other,Coimbra
24349,C024350,43,Male,Coimbra
24350,C024351,52,Other,Braga
24351,C024352,54,Female,Coimbra
24352,C024353,52,Other,Coimbra
24353,C024354,61,Female,Faro
24354,C024355,29,Female,Lisbon
24355,C024356,37,Male,Braga
24356,C024357,66,Other,Coimbra
24357,C024358,59,Female,Coimbra
24358,C024359,69,Other,Porto
24359,C024360,68,Other,Lisbon
24360,C024361,24,Female,Coimbra
24361,C024362,27,Female,Lisbon
24362,C024363,58,Other,Lisbon
24363,C024364,16,Female,Faro
24364,C024365,58,Male,Faro
24365,C024366,35,Male,Faro
24366,C024367,21,Other,Lisbon
24367,C024368,27,Male,Braga
24368,C024369,61,Female,Porto
24369,C024370,39,Other,Coimbra
24370,C024371,20,Other,Lisbon
24371,C024372,36,Female,Coimbra
24372,C024373,49,Other,Braga
24373,C024374,64,Male,Lisbon
24374,C024375,54,Other,Lisbon
24375,C024376,37,Female,Lisbon
24376,C024377,62,Female,Coimbra
24377,C024378,36,Female,Braga
24378,C024379,62,Male,Coimbra
24379,C024380,68,Male,Coimbra
24380,C024381,23,Male,Coimbra
24381,C024382,44,Other,Coimbra
24382,C024383,56,Other,Coimbra
24383,C024384,50,Male,Faro
24384,C024385,34,Male,Coimbra
24385,C024386,59,Male,Braga
24386,C024387,43,Female,Faro
24387,C024388,43,Other,Braga
24388,C024389,31,Female,Lisbon
24389,C024390,61,Other,Porto
24390,C024391,60,Male,Porto
24391,C024392,17,Other,Coimbra
24392,C024393,69,Female,Coimbra
24393,C024394,49,Female,Lisbon
24394,C024395,32,Male,Braga
24395,C024396,17,Other,Lisbon
24396,C024397,55,Male,Faro
24397,C024398,33,Male,Faro
24398,C024399,60,Unknown,Coimbra
24399,C024400,21,Female,Faro
24400,C024401,61,Other,Braga
24401,C024402,20,Other,Braga
24402,C024403,51,Female,Coimbra
24403,C024404,32,Male,Lisbon
24404,C024405,38,Other,Braga
24405,C024406,35,Female,Lisbon
24406,C024407,62,Female,Faro
24407,C024408,58,Female,Coimbra
24408,C024409,64,Male,Faro
24409,C024410,46,Other,Faro
24410,C024411,20,Male,Coimbra
24411,C024412,60,Male,Coimbra
24412,C024413,44,Male,Porto
24413,C024414,28,Female,Coimbra
24414,C024415,59,Female,Porto
24415,C024416,52,Male,Coimbra
24416,C024417,21,Female,Porto
24417,C024418,34,Male,Lisbon
24418,C024419,29,Other,Faro
24419,C024420,37,Other,Porto
24420,C024421,17,Male,Faro
24421,C024422,46,Female,Lisbon
24422,C024423,25,Other,Lisbon
24423,C024424,36,Other,Lisbon
24424,C024425,19,Male,Lisbon
24425,C024426,17,Female,Braga
24426,C024427,39,Female,Porto
24427,C024428,28,Male,Braga
24428,C024429,53,Male,Coimbra
24429,C024430,68,Male,Porto
24430,C024431,31,Female,Porto
24431,C024432,17,Male,Porto
24432,C024433,47,Female,Coimbra
24433,C024434,45,Unknown,Porto
24434,C024435,36,Other,Porto
24435,C024436,47,Other,Porto
24436,C024437,26,Male,Coimbra
24437,C024438,49,Female,Porto
24438,C024439,21,Male,Braga
24439,C024440,53,Male,Lisbon
24440,C024441,23,Female,Faro
24441,C024442,24,Female,Faro
24442,C024443,59,Female,Braga
24443,C024444,49,Female,Porto
24444,C024445,30,Other,Lisbon
24445,C024446,44,Other,Lisbon
24446,C024447,46,Male,Porto
24447,C024448,26,Female,Faro
24448,C024449,66,Female,Lisbon
24449,C024450,19,Female,Lisbon
24450,C024451,47,Female,Lisbon
24451,C024452,32,Other,Coimbra
24452,C024453,33,Other,Porto
24453,C024454,26,Male,Porto
24454,C024455,42,Female,Lisbon
24455,C024456,68,Other,Lisbon
24456,C024457,20,Male,Coimbra
24457,C024458,60,Female,Porto
24458,C024459,24,Female,Coimbra
24459,C024460,21,Male,Lisbon
24460,C024461,51,Other,Porto
24461,C024462,18,Female,Lisbon
24462,C024463,21,Female,Coimbra
24463,C024464,26,Other,Porto
24464,C024465,22,Other,Porto
24465,C024466,35,Male,Lisbon
24466,C024467,45,Other,Faro
24467,C024468,47,Other,Coimbra
24468,C024469,34,Male,Lisbon
24469,C024470,47,Other,Porto
24470,C024471,35,Male,Coimbra
24471,C024472,40,Other,Faro
24472,C024473,56,Male,Braga
24473,C024474,20,Female,Lisbon
24474,C024475,30,Male,Faro
24475,C024476,37,Male,Porto
24476,C024477,65,Other,Porto
24477,C024478,26,Male,Coimbra
24478,C024479,69,Female,Porto
24479,C024480,55,Other,Porto
24480,C024481,29,Other,Lisbon
24481,C024482,61,Other,Coimbra
24482,C024483,41,Male,Coimbra
24483,C024484,35,Other,Coimbra
24484,C024485,56,Other,Porto
24485,C024486,26,Male,Lisbon
24486,C024487,33,Male,Coimbra
24487,C024488,68,Other,Porto
24488,C024489,51,Female,Porto
24489,C024490,59,Male,Porto
24490,C024491,37,Female,Porto
24491,C024492,20,Female,Faro
24492,C024493,58,Male,Porto
24493,C024494,45,Male,Faro
24494,C024495,53,Female,Faro
24495,C024496,39,Other,Porto
24496,C024497,44,Female,Faro
24497,C024498,31,Male,Braga
24498,C024499,59,Female,Faro
24499,C024500,41,Other,Faro
24500,C024501,52,Other,Braga
24501,C024502,34,Female,Braga
24502,C024503,43,Female,Porto
24503,C024504,18,Male,Lisbon
24504,C024505,25,Other,Lisbon
24505,C024506,45,Male,Porto
24506,C024507,33,Female,Porto
24507,C024508,21,Other,Coimbra
24508,C024509,25,Unknown,Lisbon
24509,C024510,43,Female,Faro
24510,C024511,66,Other,Coimbra
24511,C024512,65,Other,Faro
24512,C024513,43,Female,Coimbra
24513,C024514,42,Female,Lisbon
24514,C024515,36,Male,Faro
24515,C024516,42,Male,Coimbra
24516,C024517,47,Male,Braga
24517,C024518,45,Male,Faro
24518,C024519,69,Other,Lisbon
24519,C024520,39,Other,Braga
24520,C024521,39,Other,Coimbra
24521,C024522,20,Other,Faro
24522,C024523,60,Female,Porto
24523,C024524,55,Male,Braga
24524,C024525,59,Other,Lisbon
24525,C024526,52,Other,Faro
24526,C024527,26,Male,Porto
24527,C024528,22,Male,Lisbon
24528,C024529,17,Male,Porto
24529,C024530,38,Male,Coimbra
24530,C024531,20,Other,Faro
24531,C024532,33,Female,Faro
24532,C024533,17,Female,Braga
24533,C024534,60,Male,Coimbra
24534,C024535,67,Male,Porto
24535,C024536,55,Other,Braga
24536,C024537,49,Female,Lisbon
24537,C024538,18,Female,Porto
24538,C024539,24,Other,Porto
24539,C024540,60,Other,Braga
24540,C024541,22,Other,Faro
24541,C024542,52,Female,Lisbon
24542,C024543,53,Female,Porto
24543,C024544,32,Male,Braga
24544,C024545,19,Female,Lisbon
24545,C024546,45,Other,Coimbra
24546,C024547,22,Male,Braga
24547,C024548,25,Female,Lisbon
24548,C024549,67,Female,Faro
24549,C024550,20,Other,Braga
24550,C024551,44,Other,Porto
24551,C024552,64,Other,Porto
24552,C024553,30,Female,Faro
24553,C024554,36,Male,Faro
24554,C024555,63,Other,Faro
24555,C024556,30,Other,Braga
24556,C024557,19,Female,Braga
24557,C024558,56,Female,Coimbra
24558,C024559,37,Male,Porto
24559,C024560,16,Other,Lisbon
24560,C024561,36,Female,Coimbra
24561,C024562,27,Other,Braga
24562,C024563,63,Female,Lisbon
24563,C024564,31,Other,Lisbon
24564,C024565,69,Female,Coimbra
24565,C024566,50,Female,Coimbra
24566,C024567,24,Female,Lisbon
24567,C024568,27,Male,Braga
24568,C024569,35,Female,Faro
24569,C024570,50,Female,Braga
24570,C024571,65,Other,Braga
24571,C024572,36,Female,Braga
24572,C024573,42,Male,Coimbra
24573,C024574,44,Female,Porto
24574,C024575,32,Other,Faro
24575,C024576,67,Male,Lisbon
24576,C024577,63,Other,Lisbon
24577,C024578,69,Female,Porto
24578,C024579,62,Other,Lisbon
24579,C024580,49,Female,Lisbon
24580,C024581,20,Female,Porto
24581,C024582,60,Female,Lisbon
24582,C024583,69,Other,Faro
24583,C024584,48,Male,Braga
24584,C024585,20,Male,Lisbon
24585,C024586,28,Male,Coimbra
24586,C024587,66,Female,Porto
24587,C024588,19,Other,Porto
24588,C024589,25,Female,Faro
24589,C024590,48,Male,Faro
24590,C024591,65,Female,Faro
24591,C024592,35,Male,Faro
24592,C024593,19,Other,Lisbon
24593,C024594,31,Female,Faro
24594,C024595,26,Female,Porto
24595,C024596,35,Male,Coimbra
24596,C024597,47,Female,Braga
24597,C024598,47,Female,Porto
24598,C024599,26,Female,Faro
24599,C024600,31,Male,Faro
24600,C024601,34,Female,Faro
24601,C024602,32,Other,Braga
24602,C024603,49,Female,Braga
24603,C024604,36,Female,Coimbra
24604,C024605,39,Female,Braga
24605,C024606,64,Male,Braga
24606,C024607,34,Other,Coimbra
24607,C024608,19,Other,Faro
24608,C024609,37,Female,Faro
24609,C024610,62,Female,Faro
24610,C024611,19,Male,Porto
24611,C024612,48,Other,Porto
24612,C024613,22,Other,Faro
24613,C024614,25,Male,Porto
24614,C024615,47,Other,Faro
24615,C024616,41,Other,Faro
24616,C024617,36,Male,Porto
24617,C024618,39,Other,Braga
24618,C024619,51,Female,Lisbon
24619,C024620,54,Female,Porto
24620,C024621,32,Other,Faro
24621,C024622,43,Female,Coimbra
24622,C024623,30,Female,Lisbon
24623,C024624,49,Male,Faro
24624,C024625,27,Other,Lisbon
24625,C024626,58,Female,Braga
24626,C024627,27,Other,Porto
24627,C024628,58,Female,Braga
24628,C024629,29,Female,Coimbra
24629,C024630,51,Female,Faro
24630,C024631,21,Female,Coimbra
24631,C024632,43,Other,Porto
24632,C024633,66,Unknown,Lisbon
24633,C024634,33,Female,Faro
24634,C024635,41,Male,Braga
24635,C024636,25,Other,Faro
24636,C024637,47,Other,Faro
24637,C024638,51,Male,Porto
24638,C024639,24,Male,Coimbra
24639,C024640,67,Male,Coimbra
24640,C024641,60,Male,Braga
24641,C024642,28,Other,Lisbon
24642,C024643,45,Other,Coimbra
24643,C024644,64,Other,Coimbra
24644,C024645,60,Female,Porto
24645,C024646,35,Other,Braga
24646,C024647,22,Other,Porto
24647,C024648,63,Other,Braga
24648,C024649,66,Female,Braga
24649,C024650,46,Female,Lisbon
24650,C024651,63,Female,Braga
24651,C024652,21,Other,Coimbra
24652,C024653,67,Female,Faro
24653,C024654,37,Male,Braga
24654,C024655,45,Other,Faro
24655,C024656,41,Female,Lisbon
24656,C024657,59,Male,Lisbon
24657,C024658,28,Female,Lisbon
24658,C024659,22,Other,Braga
24659,C024660,42,Other,Lisbon
24660,C024661,64,Other,Coimbra
24661,C024662,61,Other,Faro
24662,C024663,57,Other,Porto
24663,C024664,40,Female,Coimbra
24664,C024665,50,Female,Faro
24665,C024666,50,Other,Faro
24666,C024667,22,Other,Faro
24667,C024668,56,Male,Lisbon
24668,C024669,34,Male,Braga
24669,C024670,66,Other,Coimbra
24670,C024671,48,Female,Braga
24671,C024672,38,Male,Faro
24672,C024673,23,Female,Braga
24673,C024674,32,Male,Coimbra
24674,C024675,66,Female,Faro
24675,C024676,63,Male,Braga
24676,C024677,28,Other,Braga
24677,C024678,26,Other,Lisbon
24678,C024679,47,Other,Faro
24679,C024680,16,Other,Porto
24680,C024681,44,Male,Braga
24681,C024682,35,Other,Coimbra
24682,C024683,36,Female,Porto
24683,C024684,49,Other,Porto
24684,C024685,37,Male,Faro
24685,C024686,18,Other,Lisbon
24686,C024687,58,Other,Braga
24687,C024688,40,Female,Lisbon
24688,C024689,50,Male,Porto
24689,C024690,45,Female,Faro
24690,C024691,25,Other,Braga
24691,C024692,52,Male,Coimbra
24692,C024693,63,Female,Porto
24693,C024694,42,Male,Braga
24694,C024695,19,Male,Faro
24695,C024696,58,Other,Lisbon
24696,C024697,46,Female,Lisbon
24697,C024698,67,Male,Lisbon
24698,C024699,19,Other,Coimbra
24699,C024700,29,Male,Faro
24700,C024701,37,Female,Braga
24701,C024702,35,Other,Porto
24702,C024703,26,Female,Lisbon
24703,C024704,39,Other,Coimbra
24704,C024705,37,Male,Lisbon
24705,C024706,43,Male,Lisbon
24706,C024707,24,Other,Coimbra
24707,C024708,67,Other,Porto
24708,C024709,26,Other,Lisbon
24709,C024710,35,Male,Porto
24710,C024711,34,Other,Porto
24711,C024712,62,Male,Lisbon
24712,C024713,25,Male,Faro
24713,C024714,68,Female,Faro
24714,C024715,27,Other,Faro
24715,C024716,53,Other,Braga
24716,C024717,32,Female,Coimbra
24717,C024718,61,Male,Porto
24718,C024719,34,Other,Braga
24719,C024720,46,Female,Faro
24720,C024721,37,Other,Lisbon
24721,C024722,60,Male,Braga
24722,C024723,53,Other,Faro
24723,C024724,45,Male,Braga
24724,C024725,30,Other,Braga
24725,C024726,55,Female,Faro
24726,C024727,56,Other,Lisbon
24727,C024728,43,Female,Braga
24728,C024729,27,Other,Braga
24729,C024730,34,Female,Lisbon
24730,C024731,45,Male,Lisbon
24731,C024732,63,Male,Faro
24732,C024733,44,Male,Braga
24733,C024734,64,Female,Porto
24734,C024735,52,Male,Lisbon
24735,C024736,56,Female,Porto
24736,C024737,67,Other,Lisbon
24737,C024738,33,Male,Braga
24738,C024739,38,Other,Coimbra
24739,C024740,37,Male,Porto
24740,C024741,29,Other,Faro
24741,C024742,49,Female,Lisbon
24742,C024743,60,Female,Lisbon
24743,C024744,37,Other,Porto
24744,C024745,36,Other,Porto
24745,C024746,22,Other,Faro
24746,C024747,67,Female,Coimbra
24747,C024748,16,Female,Coimbra
24748,C024749,24,Female,Porto
24749,C024750,66,Male,Coimbra
24750,C024751,51,Other,Faro
24751,C024752,18,Other,Braga
24752,C024753,43,Other,Coimbra
24753,C024754,56,Female,Lisbon
24754,C024755,25,Female,Porto
24755,C024756,56,Male,Coimbra
24756,C024757,69,Other,Coimbra
24757,C024758,53,Other,Coimbra
24758,C024759,65,Male,Lisbon
24759,C024760,44,Male,Lisbon
24760,C024761,57,Male,Faro
24761,C024762,52,Male,Porto
24762,C024763,32,Female,Lisbon
24763,C024764,68,Male,Lisbon
24764,C024765,23,Male,Faro
24765,C024766,43,Other,Braga
24766,C024767,53,Other,Coimbra
24767,C024768,49,Other,Porto
24768,C024769,22,Male,Braga
24769,C024770,69,Other,Lisbon
24770,C024771,32,Male,Faro
24771,C024772,25,Male,Faro
24772,C024773,28,Other,Braga
24773,C024774,33,Male,Coimbra
24774,C024775,46,Female,Coimbra
24775,C024776,54,Male,Faro
24776,C024777,56,Female,Coimbra
24777,C024778,27,Female,Coimbra
24778,C024779,30,Male,Coimbra
24779,C024780,27,Other,Braga
24780,C024781,49,Female,Braga
24781,C024782,24,Female,Porto
24782,C024783,36,Other,Braga
24783,C024784,63,Other,Braga
24784,C024785,28,Male,Coimbra
24785,C024786,21,Female,Porto
24786,C024787,41,Female,Braga
24787,C024788,67,Other,Lisbon
24788,C024789,37,Other,Faro
24789,C024790,30,Female,Lisbon
24790,C024791,40,Male,Lisbon
24791,C024792,46,Male,Faro
24792,C024793,68,Male,Porto
24793,C024794,23,Male,Braga
24794,C024795,21,Other,Coimbra
24795,C024796,69,Male,Porto
24796,C024797,35,Male,Faro
24797,C024798,25,Other,Braga
24798,C024799,61,Other,Faro
24799,C024800,23,Male,Braga
24800,C024801,39,Other,Faro
24801,C024802,49,Male,Coimbra
24802,C024803,29,Male,Faro
24803,C024804,25,Male,Faro
24804,C024805,51,Female,Porto
24805,C024806,19,Female,Porto
24806,C024807,46,Female,Faro
24807,C024808,56,Male,Faro
24808,C024809,52,Other,Coimbra
24809,C024810,16,Other,Faro
24810,C024811,67,Other,Faro
24811,C024812,28,Other,Faro
24812,C024813,48,Other,Faro
24813,C024814,35,Male,Braga
24814,C024815,49,Female,Porto
24815,C024816,42,Male,Braga
24816,C024817,20,Male,Coimbra
24817,C024818,25,Male,Coimbra
24818,C024819,37,Unknown,Coimbra
24819,C024820,47,Male,Braga
24820,C024821,42,Unknown,Lisbon
24821,C024822,63,Other,Faro
24822,C024823,62,Female,Lisbon
24823,C024824,53,Other,Braga
24824,C024825,53,Unknown,Porto
24825,C024826,24,Male,Porto
24826,C024827,18,Female,Braga
24827,C024828,40,Male,Faro
24828,C024829,66,Female,Lisbon
24829,C024830,57,Other,Faro
24830,C024831,62,Male,Lisbon
24831,C024832,56,Female,Faro
24832,C024833,42,Other,Braga
24833,C024834,65,Female,Porto
24834,C024835,36,Male,Faro
24835,C024836,27,Male,Porto
24836,C024837,34,Female,Porto
24837,C024838,69,Female,Lisbon
24838,C024839,19,Male,Lisbon
24839,C024840,54,Other,Porto
24840,C024841,54,Female,Lisbon
24841,C024842,18,Other,Coimbra
24842,C024843,51,Other,Coimbra
24843,C024844,24,Male,Porto
24844,C024845,42,Other,Faro
24845,C024846,38,Male,Coimbra
24846,C024847,19,Male,Coimbra
24847,C024848,55,Other,Lisbon
24848,C024849,61,Other,Lisbon
24849,C024850,44,Female,Faro
24850,C024851,47,Other,Lisbon
24851,C024852,45,Other,Coimbra
24852,C024853,56,Male,Braga
24853,C024854,26,Male,Lisbon
24854,C024855,44,Other,Faro
24855,C024856,46,Male,Porto
24856,C024857,55,Male,Porto
24857,C024858,37,Unknown,Braga
24858,C024859,63,Other,Faro
24859,C024860,43,Male,Faro
24860,C024861,36,Other,Lisbon
24861,C024862,50,Female,Lisbon
24862,C024863,51,Other,Lisbon
24863,C024864,39,Male,Braga
24864,C024865,58,Other,Porto
24865,C024866,60,Male,Faro
24866,C024867,40,Female,Porto
24867,C024868,21,Male,Coimbra
24868,C024869,32,Female,Braga
24869,C024870,30,Unknown,Braga
24870,C024871,23,Male,Coimbra
24871,C024872,32,Male,Faro
24872,C024873,46,Female,Porto
24873,C024874,63,Female,Porto
24874,C024875,68,Female,Coimbra
24875,C024876,38,Male,Faro
24876,C024877,67,Female,Coimbra
24877,C024878,41,Other,Lisbon
24878,C024879,45,Female,Lisbon
24879,C024880,18,Male,Lisbon
24880,C024881,69,Female,Coimbra
24881,C024882,24,Female,Lisbon
24882,C024883,48,Male,Lisbon
24883,C024884,41,Male,Coimbra
24884,C024885,58,Male,Braga
24885,C024886,50,Other,Braga
24886,C024887,56,Male,Faro
24887,C024888,64,Male,Porto
24888,C024889,52,Female,Coimbra
24889,C024890,31,Female,Faro
24890,C024891,34,Female,Lisbon
24891,C024892,31,Female,Lisbon
24892,C024893,34,Male,Faro
24893,C024894,36,Female,Coimbra
24894,C024895,49,Other,Lisbon
24895,C024896,54,Male,Coimbra
24896,C024897,30,Male,Braga
24897,C024898,54,Male,Faro
24898,C024899,58,Female,Porto
24899,C024900,50,Female,Porto
24900,C024901,36,Other,Faro
24901,C024902,22,Female,Faro
24902,C024903,68,Other,Lisbon
24903,C024904,67,Male,Porto
24904,C024905,26,Other,Porto
24905,C024906,64,Other,Coimbra
24906,C024907,19,Other,Lisbon
24907,C024908,54,Female,Coimbra
24908,C024909,47,Female,Coimbra
24909,C024910,42,Other,Braga
24910,C024911,46,Male,Porto
24911,C024912,43,Other,Faro
24912,C024913,41,Male,Lisbon
24913,C024914,63,Other,Coimbra
24914,C024915,27,Male,Coimbra
24915,C024916,69,Male,Braga
24916,C024917,37,Other,Braga
24917,C024918,29,Female,Lisbon
24918,C024919,18,Other,Porto
24919,C024920,30,Other,Lisbon
24920,C024921,54,Female,Braga
24921,C024922,44,Female,Faro
24922,C024923,33,Female,Porto
24923,C024924,52,Female,Porto
24924,C024925,33,Female,Coimbra
24925,C024926,55,Male,Faro
24926,C024927,43,Female,Porto
24927,C024928,48,Female,Faro
24928,C024929,47,Male,Braga
24929,C024930,40,Other,Lisbon
24930,C024931,38,Male,Porto
24931,C024932,66,Male,Faro
24932,C024933,63,Male,Porto
24933,C024934,28,Other,Braga
24934,C024935,66,Male,Coimbra
24935,C024936,61,Other,Braga
24936,C024937,40,Female,Porto
24937,C024938,69,Male,Lisbon
24938,C024939,63,Female,Faro
24939,C024940,25,Male,Coimbra
24940,C024941,28,Unknown,Coimbra
24941,C024942,45,Other,Porto
24942,C024943,38,Female,Braga
24943,C024944,52,Female,Faro
24944,C024945,17,Other,Coimbra
24945,C024946,59,Male,Braga
24946,C024947,17,Other,Faro
24947,C024948,55,Other,Coimbra
24948,C024949,20,Male,Faro
24949,C024950,33,Female,Coimbra
24950,C024951,62,Other,Faro
24951,C024952,49,Other,Faro
24952,C024953,35,Female,Braga
24953,C024954,49,Male,Faro
24954,C024955,37,Male,Porto
24955,C024956,29,Unknown,Lisbon
24956,C024957,34,Other,Braga
24957,C024958,31,Female,Faro
24958,C024959,27,Other,Porto
24959,C024960,45,Other,Coimbra
24960,C024961,45,Other,Braga
24961,C024962,38,Male,Faro
24962,C024963,37,Female,Porto
24963,C024964,24,Male,Coimbra
24964,C024965,68,Other,Faro
24965,C024966,66,Female,Braga
24966,C024967,62,Male,Braga
24967,C024968,69,Female,Braga
24968,C024969,22,Female,Coimbra
24969,C024970,69,Male,Faro
24970,C024971,22,Male,Braga
24971,C024972,22,Male,Braga
24972,C024973,41,Female,Lisbon
24973,C024974,25,Female,Coimbra
24974,C024975,22,Other,Faro
24975,C024976,63,Female,Lisbon
24976,C024977,17,Other,Lisbon
24977,C024978,33,Male,Faro
24978,C024979,52,Male,Faro
24979,C024980,22,Other,Lisbon
24980,C024981,57,Male,Braga
24981,C024982,18,Other,Braga
24982,C024983,54,Unknown,Coimbra
24983,C024984,63,Other,Faro
24984,C024985,65,Female,Faro
24985,C024986,68,Female,Porto
24986,C024987,34,Male,Braga
24987,C024988,61,Male,Lisbon
24988,C024989,66,Other,Faro
24989,C024990,56,Other,Faro
24990,C024991,17,Female,Braga
24991,C024992,31,Other,Coimbra
24992,C024993,52,Female,Faro
24993,C024994,49,Other,Faro
24994,C024995,33,Other,Braga
24995,C024996,51,Male,Lisbon
24996,C024997,62,Other,Lisbon
24997,C024998,25,Male,Porto
24998,C024999,27,Other,Braga
24999,C025000,54,Male,Braga
